occupation,soc_code,emp_2024,emp_2034,emp_change_num,emp_change_pct,median_wage_2024,education_required,annual_openings,automation_prob,occupation_fo,risk_tier,soc_major,occupation_group,education_level,wage_norm,edu_norm,adaptive_capacity_score,vulnerable,growth_direction,genai_exposure_2025,genai_exposure_2023
      Chief executives,11-1011,309.4,322.7,13.3,4.3,206420.0,Bachelor's degree,22.2,0.015,Chief executives,Low,11,Management,4.0,0.8972714314803502,0.6666666666666666,0.7819690490735084,False,Growing,0.33,0.31666666666666665
      General and operations managers,11-1021,3712.9,3876.8,164.0,4.4,102950.0,Bachelor's degree,308.7,0.16,General and operations managers,Low,11,Management,4.0,0.37054571370392997,0.6666666666666666,0.5186061901852983,False,Growing,0.4014285714285714,0.3771428571428571
      Advertising and promotions managers,11-2011,27.0,26.4,-0.6,-2.2,126960.0,Bachelor's degree,2.1,0.039,Advertising and promotions managers,Low,11,Management,4.0,0.492771329668092,0.6666666666666666,0.5797189981673794,False,Declining,0.39,0.33
        Marketing managers,11-2021,407.0,433.7,26.7,6.6,161030.0,Bachelor's degree,34.3,0.014,Marketing managers,Low,11,Management,4.0,0.6662085115047852,0.6666666666666666,0.6664375890857259,False,Growing,0.41,0.29
        Sales managers,11-2022,619.5,648.5,29.0,4.7,138060.0,Bachelor's degree,49.0,0.013,Sales managers,Low,11,Management,4.0,0.5492771329668092,0.6666666666666666,0.6079718998167379,False,Growing,0.41,0.29
      Computer and information systems managers,11-3021,667.1,768.7,101.6,15.2,171200.0,Bachelor's degree,55.6,0.035,Computer and information systems managers,Low,11,Management,4.0,0.7179800447973936,0.6666666666666666,0.6923233557320301,False,Growing,0.44,0.31
      Financial managers,11-3031,868.6,997.4,128.8,14.8,161700.0,Bachelor's degree,74.6,0.069,Financial managers,Low,11,Management,4.0,0.6696192221543474,0.6666666666666666,0.668142944410507,False,Growing,0.42,0.355
      Industrial production managers,11-3051,241.9,246.5,4.6,1.9,121440.0,Bachelor's degree,17.1,0.03,Industrial production managers,Low,11,Management,4.0,0.46467114640602736,0.6666666666666666,0.5656689065363469,False,Growing,0.38,0.36
      Purchasing managers,11-3061,83.5,86.1,2.6,3.1,139510.0,Bachelor's degree,6.4,0.03,Purchasing managers,Low,11,Management,4.0,0.556658521686011,0.6666666666666666,0.6116625941763388,False,Growing,0.42,0.33
"      Transportation, storage, and distribution managers",11-3071,216.7,229.8,13.1,6.1,102010.0,High school diploma or equivalent,18.5,0.59,"Transportation, storage, and distribution managers",Medium,11,Management,1.0,0.3657605375687233,0.16666666666666666,0.26621360211769496,False,Growing,0.38,0.39
      Compensation and benefits managers,11-3111,20.9,20.9,0.0,0.2,140360.0,Bachelor's degree,1.5,0.96,Compensation and benefits managers,High,11,Management,4.0,0.5609855426593362,0.6666666666666666,0.6138261046630014,False,Growing,0.36,0.27
      Human resources managers,11-3121,221.9,233.0,11.1,5.0,140030.0,Bachelor's degree,17.9,0.0055,Human resources managers,Low,11,Management,4.0,0.559305640399104,0.6666666666666666,0.6129861535328853,False,Growing,0.36,0.27
      Training and development managers,11-3131,46.4,49.2,2.7,5.8,127090.0,Bachelor's degree,3.8,0.0063,Training and development managers,Low,11,Management,4.0,0.4934331093463653,0.6666666666666666,0.5800498880065159,False,Growing,0.36,0.27
"      Farmers, ranchers, and other agricultural managers",11-9013,836.1,825.0,-11.1,-1.3,87980.0,High school diploma or equivalent,85.5,0.047,"Farmers, ranchers, and other agricultural managers",Low,11,Management,1.0,0.29433923844430865,0.16666666666666666,0.23050295255548764,False,Declining,0.245,0.3
      Construction managers,11-9021,550.3,598.4,48.1,8.7,106980.0,Bachelor's degree,46.8,0.071,Construction managers,Low,11,Management,4.0,0.39106088373040115,0.6666666666666666,0.5288637751985339,False,Growing,0.24000000000000002,0.27999999999999997
"        Education and childcare administrators, preschool and daycare",11-9031,90.2,87.9,-2.3,-2.5,56270.0,Bachelor's degree,5.5,0.015,"Education administrators, preschool and childcare center/program",Low,11,Management,4.0,0.1329159030747302,0.6666666666666666,0.3997912848706984,False,Declining,0.3,0.26
"        Education administrators, kindergarten through secondary",11-9032,333.3,328.1,-5.1,-1.5,104070.0,Master's degree,20.8,0.0046,"Education administrators, elementary and secondary school",Low,11,Management,5.0,0.3762472001628996,0.8333333333333333,0.6047902667481164,False,Declining,0.36,0.27
"        Education administrators, postsecondary",11-9033,226.6,230.5,4.0,1.7,103960.0,Master's degree,15.1,0.01,"Education administrators, postsecondary",Low,11,Management,5.0,0.37568723274282223,0.8333333333333333,0.6045102830380777,False,Growing,0.36,0.27
      Architectural and engineering managers,11-9041,212.5,220.5,8.0,3.8,167740.0,Bachelor's degree,14.5,0.017,Architectural and engineering managers,Low,11,Management,4.0,0.7003665241295052,0.6666666666666666,0.683516595398086,False,Growing,0.4,0.24
      Food service managers,11-9051,352.8,375.3,22.6,6.4,65310.0,High school diploma or equivalent,42.0,0.083,Food service managers,Low,11,Management,1.0,0.17893504377927102,0.16666666666666666,0.17280085522296884,False,Growing,0.36,0.42
        Gambling managers,11-9071,5.1,5.2,0.1,1.2,85580.0,High school diploma or equivalent,0.6,0.091,Gaming managers,Low,11,Management,1.0,0.2821217674608023,0.16666666666666666,0.22439421706373447,False,Growing,0.32,0.33
      Lodging managers,11-9081,52.0,53.8,1.8,3.4,68130.0,High school diploma or equivalent,5.4,0.0039,Lodging managers,Low,11,Management,1.0,0.19329057218489107,0.16666666666666666,0.17997861942577886,False,Growing,0.37,0.4
      Medical and health services managers,11-9111,616.2,759.1,142.9,23.2,117960.0,Bachelor's degree,62.1,0.0073,Medical and health services managers,Low,11,Management,4.0,0.44695581347994295,0.6666666666666666,0.5568112400733047,False,Growing,0.35,0.28500000000000003
      Natural sciences managers,11-9121,104.3,108.2,3.9,3.7,161180.0,Bachelor's degree,8.5,0.018,Natural sciences managers,Low,11,Management,4.0,0.6669721034412543,0.6666666666666666,0.6668193850539605,False,Growing,0.4,0.24
      Postmasters and mail superintendents,11-9131,13.1,12.7,-0.5,-3.5,92730.0,High school diploma or equivalent,0.9,0.75,Postmasters and mail superintendents,High,11,Management,1.0,0.3185196497658318,0.16666666666666666,0.24259315821624922,False,Declining,0.42,0.33
"      Property, real estate, and community association managers",11-9141,466.1,483.1,17.0,3.6,66700.0,High school diploma or equivalent,39.0,0.81,"Property, real estate, and community association managers",High,11,Management,1.0,0.18601099572388516,0.16666666666666666,0.1763388311952759,False,Growing,0.35,0.38
      Social and community service managers,11-9151,219.8,233.9,14.1,6.4,78240.0,Bachelor's degree,18.6,0.0067,Social and community service managers,Low,11,Management,4.0,0.24475666870291182,0.6666666666666666,0.4557116676847892,False,Growing,0.37,0.32
      Emergency management directors,11-9161,13.2,13.6,0.4,3.0,86130.0,Bachelor's degree,1.0,0.003,Emergency management directors,Low,11,Management,4.0,0.2849216045611892,0.6666666666666666,0.4757941356139279,False,Growing,0.38,0.32
"      Managers, all other",11-9199,1333.7,1393.5,59.8,4.5,136550.0,Bachelor's degree,106.7,0.25,"Managers, all other",Low,11,Management,4.0,0.5415903074730197,0.6666666666666666,0.6041284870698431,False,Growing,0.3666666666666667,0.3116666666666667
"      Agents and business managers of artists, performers, and athletes",13-1011,21.4,23.2,1.9,8.7,96310.0,Bachelor's degree,2.2,0.24,"Agents and business managers of artists, performers, and athletes",Low,13,Business & Financial,4.0,0.3367440439828956,0.6666666666666666,0.5017053553247811,False,Growing,0.44,0.52
"        Claims adjusters, examiners, and investigators",13-1031,356.1,337.9,-18.2,-5.1,76790.0,High school diploma or equivalent,21.1,0.98,"Claims adjusters, examiners, and investigators",High,13,Business & Financial,1.0,0.23737527998371002,0.16666666666666666,0.20202097332518834,False,Declining,0.45,0.39
"        Insurance appraisers, auto damage",13-1032,9.2,8.4,-0.8,-8.2,76650.0,Postsecondary nondegree award,0.5,0.98,"Insurance appraisers, auto damage",High,13,Business & Financial,,0.2366625941763388,0.16666666666666666,0.20166463042150273,False,Declining,0.45,0.39
      Compliance officers,13-1041,418.0,430.3,12.3,3.0,78420.0,Bachelor's degree,33.3,0.08,Compliance officers,Low,13,Business & Financial,4.0,0.24567297902667481,0.6666666666666666,0.45616982284667074,False,Growing,0.39999999999999997,0.48
      Cost estimators,13-1051,221.4,212.1,-9.3,-4.2,77070.0,Bachelor's degree,16.9,0.57,Cost estimators,Medium,13,Business & Financial,4.0,0.23880065159845246,0.6666666666666666,0.45273365913255953,False,Declining,0.44,0.52
        Farm labor contractors,13-1074,3.9,4.2,0.2,6.0,48690.0,No formal educational credential,0.3,0.97,Farm labour contractors,High,13,Business & Financial,0.0,0.09432905721848911,0.0,0.047164528609244555,True,Growing,0.39,0.45
        Logisticians,13-1081,241.0,281.3,40.3,16.7,80880.0,Bachelor's degree,26.4,0.012,Logisticians,Low,13,Business & Financial,4.0,0.2581958867847689,0.6666666666666666,0.46243127672571777,False,Growing,0.46,0.43
      Management analysts,13-1111,1075.1,1169.7,94.5,8.8,101190.0,Bachelor's degree,98.1,0.13,Management analysts,Low,13,Business & Financial,4.0,0.36158623498269193,0.6666666666666666,0.5141264508246792,False,Growing,0.46,0.43
"      Meeting, convention, and event planners",13-1121,155.8,163.3,7.5,4.8,59440.0,Bachelor's degree,15.5,0.037,"Meeting, convention, and event planners",Low,13,Business & Financial,4.0,0.14905314599877825,0.6666666666666666,0.40785990633272245,False,Growing,0.48,0.51
"      Compensation, benefits, and job analysis specialists",13-1141,107.0,112.7,5.6,5.3,77020.0,Bachelor's degree,8.5,0.47,"Compensation, benefits, and job analysis specialists",Medium,13,Business & Financial,4.0,0.2385461209529627,0.6666666666666666,0.45260639380981466,False,Growing,0.45,0.43
      Training and development specialists,13-1151,452.3,501.0,48.7,10.8,65850.0,Bachelor's degree,43.9,0.014,Training and development specialists,Low,13,Business & Financial,4.0,0.18168397475055995,0.6666666666666666,0.4241753207086133,False,Growing,0.43999999999999995,0.495
      Market research analysts and marketing specialists,13-1161,941.7,1004.7,63.0,6.7,76950.0,Bachelor's degree,87.2,0.61,Market research analysts and marketing specialists,Medium,13,Business & Financial,4.0,0.23818977804927713,0.6666666666666666,0.45242822235797187,False,Growing,0.55,0.51
"      Business operations specialists, all other",13-1199,1205.7,1242.0,36.3,3.0,81270.0,Bachelor's degree,108.2,0.23,"Business operations specialists, all other",Low,13,Business & Financial,4.0,0.2601812258195887,0.6666666666666666,0.46342394624312766,False,Growing,0.43,0.485
      Accountants and auditors,13-2011,1579.8,1652.6,72.8,4.6,81680.0,Bachelor's degree,124.2,0.94,Accountants and auditors,High,13,Business & Financial,4.0,0.2622683771126043,0.6666666666666666,0.46446752188963547,False,Growing,0.51,0.52
      Budget analysts,13-2031,50.4,51.0,0.5,1.0,87930.0,Bachelor's degree,3.1,0.94,Budget analysts,High,13,Business & Financial,4.0,0.294084707798819,0.6666666666666666,0.4803756872327428,False,Growing,0.51,0.52
      Credit analysts,13-2041,67.8,64.8,-3.0,-4.4,80970.0,Bachelor's degree,3.7,0.98,Credit analysts,High,13,Business & Financial,4.0,0.2586540419466504,0.6666666666666666,0.46266035430665853,False,Declining,0.62,0.59
        Financial and investment analysts,13-2051,368.5,389.6,21.1,5.7,101350.0,Bachelor's degree,25.1,0.23,Financial analysts,Low,13,Business & Financial,4.0,0.36240073304825904,0.6666666666666666,0.5145336998574628,False,Growing,0.595,0.52
        Personal financial advisors,13-2052,326.0,357.2,31.2,9.6,102140.0,Bachelor's degree,24.1,0.58,Personal financial advisors,Medium,13,Business & Financial,4.0,0.3664223172469966,0.6666666666666666,0.5165444919568316,False,Growing,0.57,0.45
        Insurance underwriters,13-2053,127.0,123.7,-3.3,-2.6,79880.0,Bachelor's degree,8.2,0.99,Insurance underwriters,High,13,Business & Financial,4.0,0.2531052738749745,0.6666666666666666,0.45988597027082057,False,Declining,0.53,0.46
      Financial examiners,13-2061,65.1,77.2,12.1,18.5,90400.0,Bachelor's degree,5.7,0.17,Financial examiners,Low,13,Business & Financial,4.0,0.30665852168601104,0.6666666666666666,0.48666259417633884,False,Growing,0.62,0.59
        Credit counselors,13-2071,31.8,32.9,1.1,3.3,50480.0,Bachelor's degree,2.2,0.04,Credit counselors,Low,13,Business & Financial,4.0,0.10344125432702098,0.6666666666666666,0.3850539604968438,False,Growing,0.6,0.57
        Loan officers,13-2072,301.4,306.5,5.0,1.7,74180.0,Bachelor's degree,20.3,0.98,Loan officers,High,13,Business & Financial,4.0,0.22408878028914683,0.6666666666666666,0.4453777234779067,False,Growing,0.6,0.57
"        Tax examiners and collectors, and revenue agents",13-2081,57.6,56.5,-1.0,-1.8,59740.0,Bachelor's degree,4.3,0.93,"Tax examiners and collectors, and revenue agents",High,13,Business & Financial,4.0,0.15058032987171657,0.6666666666666666,0.4086234982691916,False,Declining,0.49,0.46
        Tax preparers,13-2082,90.6,94.7,4.1,4.5,50560.0,High school diploma or equivalent,10.4,0.99,Tax preparers,High,13,Business & Financial,1.0,0.10384850335980453,0.16666666666666666,0.1352575850132356,False,Growing,0.51,0.52
"      Financial specialists, all other",13-2099,137.1,141.4,4.3,3.1,80190.0,Bachelor's degree,10.3,0.33,"Financial specialists, all other",Medium,13,Business & Financial,4.0,0.25468336387701074,0.6666666666666666,0.4606750152718387,False,Growing,0.44,0.52
      Actuaries,15-2011,33.6,40.9,7.3,21.8,125770.0,Bachelor's degree,2.4,0.21,Actuaries,Low,15,Computer & Math,4.0,0.4867135003054368,0.6666666666666666,0.5766900834860518,False,Growing,0.56,0.5
      Mathematicians,15-2021,2.4,2.4,0.0,-0.7,121680.0,Master's degree,0.1,0.047,Mathematicians,Low,15,Computer & Math,5.0,0.4658928935043779,0.8333333333333333,0.6496131134188556,False,Declining,0.56,0.5
      Operations research analysts,15-2031,112.1,136.2,24.1,21.5,91290.0,Bachelor's degree,9.6,0.035,Operations research analysts,Low,15,Computer & Math,4.0,0.311189167175728,0.6666666666666666,0.4889279169211973,False,Growing,0.56,0.5
      Statisticians,15-2041,32.2,34.9,2.7,8.5,103300.0,Master's degree,2.0,0.22,Statisticians,Low,15,Computer & Math,5.0,0.372327428222358,0.8333333333333333,0.6028303807778457,False,Growing,0.56,0.5
"        Architects, except landscape and naval",17-1011,123.6,128.4,4.8,3.9,96690.0,Bachelor's degree,7.8,0.018,"Architects, except landscape and naval",Low,17,Architecture & Engineering,4.0,0.3386784768886174,0.6666666666666666,0.502672571777642,False,Growing,0.37,0.39
        Landscape architects,17-1012,21.8,22.6,0.8,3.5,79660.0,Bachelor's degree,1.7,0.045,Landscape architects,Low,17,Architecture & Engineering,4.0,0.2519853390348198,0.6666666666666666,0.4593260028507432,False,Growing,0.37,0.38
        Cartographers and photogrammetrists,17-1021,13.4,14.3,0.9,6.4,78380.0,Bachelor's degree,1.0,0.88,Cartographers and photogrammetrists,High,17,Architecture & Engineering,4.0,0.24546935451028304,0.6666666666666666,0.45606801058847485,False,Growing,0.44,0.38
        Surveyors,17-1022,56.1,58.6,2.5,4.4,72740.0,Bachelor's degree,3.9,0.38,Surveyors,Medium,17,Architecture & Engineering,4.0,0.21675829769904295,0.6666666666666666,0.4417124821828548,False,Growing,0.44,0.38
      Aerospace engineers,17-2011,71.6,75.9,4.4,6.1,134830.0,Bachelor's degree,4.5,0.017,Aerospace engineers,Low,17,Architecture & Engineering,4.0,0.5328344532681735,0.6666666666666666,0.59975055996742,False,Growing,0.32,0.31
      Agricultural engineers,17-2021,1.7,1.8,0.1,5.9,84630.0,Bachelor's degree,0.1,0.49,Agricultural engineers,Medium,17,Architecture & Engineering,4.0,0.27728568519649766,0.6666666666666666,0.47197617593158214,False,Growing,0.32,0.31
      Bioengineers and biomedical engineers,17-2031,22.2,23.3,1.1,5.2,106950.0,Bachelor's degree,1.3,0.037,Biomedical engineers,Low,17,Architecture & Engineering,4.0,0.39090816534310735,0.6666666666666666,0.528787416004887,False,Growing,0.3,0.22
      Chemical engineers,17-2041,21.6,22.1,0.6,2.6,121860.0,Bachelor's degree,1.1,0.017,Chemical engineers,Low,17,Architecture & Engineering,4.0,0.46680920382814095,0.6666666666666666,0.5667379352474038,False,Growing,0.35,0.31
      Civil engineers,17-2051,368.9,387.5,18.5,5.0,99590.0,Bachelor's degree,23.6,0.019,Civil engineers,Low,17,Architecture & Engineering,4.0,0.353441254327021,0.6666666666666666,0.5100539604968438,False,Growing,0.3,0.34
      Computer hardware engineers,17-2061,76.8,82.4,5.6,7.3,155020.0,Bachelor's degree,4.7,0.22,Computer hardware engineers,Low,17,Architecture & Engineering,4.0,0.6356139279169212,0.6666666666666666,0.6511402972917939,False,Growing,0.42,0.29
        Electrical engineers,17-2071,192.0,205.7,13.8,7.2,111910.0,Bachelor's degree,11.7,0.1,Electrical engineers,Low,17,Architecture & Engineering,4.0,0.41615760537568725,0.6666666666666666,0.541412136021177,False,Growing,0.31,0.33
"        Electronics engineers, except computer",17-2072,95.9,101.8,6.0,6.2,127590.0,Bachelor's degree,5.7,0.025,"Electronics engineers, except computer",Low,17,Architecture & Engineering,4.0,0.49597841580126245,0.6666666666666666,0.5813225412339645,False,Growing,0.44999999999999996,0.315
      Environmental engineers,17-2081,39.4,41.0,1.5,3.9,104170.0,Bachelor's degree,3.0,0.018,Environmental engineers,Low,17,Architecture & Engineering,4.0,0.3767562614538791,0.6666666666666666,0.5217114640602729,False,Growing,0.38,0.32
"        Health and safety engineers, except mining safety engineers and inspectors",17-2111,23.8,24.9,1.1,4.4,109660.0,Bachelor's degree,1.5,0.028,"Health and safety engineers, except mining safety engineers and inspectors",Low,17,Architecture & Engineering,4.0,0.40470372632865004,0.6666666666666666,0.5356851964976583,False,Growing,0.3,0.22
        Industrial engineers,17-2112,351.1,389.6,38.5,11.0,101140.0,Bachelor's degree,25.2,0.029,Industrial engineers,Low,17,Architecture & Engineering,4.0,0.3613317043372022,0.6666666666666666,0.5139991855019344,False,Growing,0.37,0.32
      Marine engineers and naval architects,17-2121,8.5,9.0,0.5,5.8,105670.0,Bachelor's degree,0.6,0.01,Marine engineers and naval architects,Low,17,Architecture & Engineering,4.0,0.38439218081857063,0.6666666666666666,0.5255294237426187,False,Growing,0.32,0.31
      Materials engineers,17-2131,23.0,24.3,1.3,5.7,108310.0,Bachelor's degree,1.5,0.021,Materials engineers,Low,17,Architecture & Engineering,4.0,0.3978313989004276,0.6666666666666666,0.5322490327835472,False,Growing,0.295,0.245
      Mechanical engineers,17-2141,293.1,319.6,26.5,9.1,102320.0,Bachelor's degree,18.1,0.011,Mechanical engineers,Low,17,Architecture & Engineering,4.0,0.3673386275707595,0.6666666666666666,0.517002647118713,False,Growing,0.32,0.31
"      Mining and geological engineers, including mining safety engineers",17-2151,7.0,7.0,0.0,0.7,101020.0,Bachelor's degree,0.4,0.14,"Mining and geological engineers, including mining safety engineers",Low,17,Architecture & Engineering,4.0,0.36072083078802686,0.6666666666666666,0.5136937487273467,False,Growing,0.29,0.27
      Nuclear engineers,17-2161,15.4,15.3,-0.2,-1.1,127520.0,Bachelor's degree,0.8,0.07,Nuclear engineers,Low,17,Architecture & Engineering,4.0,0.49562207289757687,0.6666666666666666,0.5811443697821217,False,Declining,0.3,0.22
      Petroleum engineers,17-2171,19.6,19.8,0.2,1.3,141280.0,Bachelor's degree,1.2,0.16,Petroleum engineers,Low,17,Architecture & Engineering,4.0,0.565668906536347,0.6666666666666666,0.6161677866015068,False,Growing,0.29,0.27
"      Engineers, all other",17-2199,158.8,162.1,3.3,2.1,117750.0,Bachelor's degree,9.3,0.014,"Engineers, all other",Low,17,Architecture & Engineering,4.0,0.4458867847688862,0.6666666666666666,0.5562767257177764,False,Growing,0.3,0.22
        Architectural and civil drafters,17-3011,110.5,115.1,4.6,4.1,64280.0,Associate's degree,10.0,0.52,Architectural and civil drafters,Medium,17,Architecture & Engineering,3.0,0.17369171248218288,0.5,0.3368458562410914,False,Growing,0.35,0.44
        Electrical and electronics drafters,17-3012,21.6,20.4,-1.2,-5.6,73720.0,Associate's degree,1.7,0.81,Electrical and electronics drafters,High,17,Architecture & Engineering,3.0,0.2217470983506414,0.5,0.3608735491753207,False,Declining,0.35,0.44
        Mechanical drafters,17-3013,42.9,40.1,-2.8,-6.5,68510.0,Associate's degree,3.3,0.68,Mechanical drafters,Medium,17,Architecture & Engineering,3.0,0.19522500509061289,0.5,0.34761250254530646,False,Declining,0.35,0.44
        Aerospace engineering and operations technologists and technicians,17-3021,9.3,10.1,0.8,8.1,79830.0,Associate's degree,0.9,0.48,Aerospace engineering and operations technicians,Medium,17,Architecture & Engineering,3.0,0.25285074322948486,0.5,0.37642537161474243,False,Growing,0.26,0.34
        Civil engineering technologists and technicians,17-3022,64.9,66.2,1.4,2.1,64200.0,Associate's degree,5.5,0.75,Civil engineering technicians,High,17,Architecture & Engineering,3.0,0.17328446344939932,0.5,0.33664223172469965,False,Growing,0.28,0.31
        Electrical and electronic engineering technologists and technicians,17-3023,93.7,94.3,0.6,0.6,77180.0,Associate's degree,8.4,0.84,Electrical and electronics engineering technicians,High,17,Architecture & Engineering,3.0,0.2393606190185298,0.5,0.3696803095092649,False,Growing,0.36,0.3075
        Electro-mechanical and mechatronics technologists and technicians,17-3024,15.0,15.1,0.2,1.1,70760.0,Associate's degree,1.3,0.81,Electro-mechanical technicians,High,17,Architecture & Engineering,3.0,0.20667888413765015,0.5,0.35333944206882506,False,Growing,0.265,0.30500000000000005
        Environmental engineering technologists and technicians,17-3025,12.9,13.0,0.1,1.2,58890.0,Associate's degree,1.1,0.25,Environmental engineering technicians,Low,17,Architecture & Engineering,3.0,0.14625330889839136,0.5,0.3231266544491957,False,Growing,0.26,0.42
        Industrial engineering technologists and technicians,17-3026,74.6,75.9,1.3,1.7,64790.0,Associate's degree,6.3,0.03,Industrial engineering technicians,Low,17,Architecture & Engineering,3.0,0.176287925066178,0.5,0.338143962533089,False,Growing,0.26,0.42
        Mechanical engineering technologists and technicians,17-3027,38.3,38.3,0.0,0.0,68730.0,Associate's degree,3.2,0.38,Mechanical engineering technicians,Medium,17,Architecture & Engineering,3.0,0.19634493993076765,0.5,0.3481724699653838,False,Stable,0.26,0.34
"        Engineering technologists and technicians, except drafters, all other",17-3029,67.3,68.3,1.0,1.5,77390.0,Associate's degree,5.7,0.24,"Engineering technicians, except drafters, all other",Low,17,Architecture & Engineering,3.0,0.24042964772958667,0.5,0.3702148238647933,False,Growing,0.28,0.355
      Surveying and mapping technicians,17-3031,59.4,62.1,2.7,4.5,51940.0,High school diploma or equivalent,7.6,0.96,Surveying and mapping technicians,High,17,Architecture & Engineering,1.0,0.11087354917532069,0.16666666666666666,0.13877010792099367,False,Growing,0.28,0.31
        Animal scientists,19-1011,2.8,2.9,0.2,5.8,79120.0,Bachelor's degree,0.2,0.061,Animal scientists,Low,19,Life & Social Science,4.0,0.24923640806353084,0.6666666666666666,0.45795153736509875,False,Growing,0.4,0.35
        Food scientists and technologists,19-1012,15.2,16.2,1.0,6.5,85310.0,Bachelor's degree,1.2,0.077,Food scientists and technologists,Low,19,Life & Social Science,4.0,0.28074730197515785,0.6666666666666666,0.47370698432091224,False,Growing,0.4,0.35
        Soil and plant scientists,19-1013,20.7,21.8,1.1,5.4,71410.0,Bachelor's degree,1.7,0.021,Soil and plant scientists,Low,19,Life & Social Science,4.0,0.20998778252901648,0.6666666666666666,0.43832722459784157,False,Growing,0.345,0.32499999999999996
        Biochemists and biophysicists,19-1021,35.6,37.6,2.1,5.8,103650.0,Doctoral or professional degree,2.9,0.027,Biochemists and biophysicists,Low,19,Life & Social Science,6.0,0.374109142740786,1.0,0.687054571370393,False,Growing,0.4,0.35
        Microbiologists,19-1022,20.7,21.6,0.8,4.1,87330.0,Bachelor's degree,1.7,0.012,Microbiologists,Low,19,Life & Social Science,4.0,0.29103034005294237,0.6666666666666666,0.4788485033598045,False,Growing,0.4,0.35
        Zoologists and wildlife biologists,19-1023,18.2,18.5,0.3,1.6,72860.0,Bachelor's degree,1.4,0.3,Zoologists and wildlife biologists,Medium,19,Life & Social Science,4.0,0.21736917124821828,0.6666666666666666,0.44201791895744247,False,Growing,0.4,0.35
"        Biological scientists, all other",19-1029,63.7,64.5,0.8,1.2,93330.0,Bachelor's degree,4.8,0.015,"Biological scientists, all other",Low,19,Life & Social Science,4.0,0.32157401751170844,0.6666666666666666,0.49412034208918754,False,Growing,0.4,0.35
        Conservation scientists,19-1031,28.5,29.5,1.0,3.4,67950.0,Bachelor's degree,2.5,0.016,Conservation scientists,Low,19,Life & Social Science,4.0,0.19237426186112808,0.6666666666666666,0.42952046426389734,False,Growing,0.38,0.36
        Foresters,19-1032,13.8,14.0,0.2,1.2,70660.0,Bachelor's degree,1.1,0.0081,Foresters,Low,19,Life & Social Science,4.0,0.20616982284667076,0.6666666666666666,0.4364182447566687,False,Growing,0.29,0.3
        Epidemiologists,19-1041,12.3,14.3,2.0,16.2,83980.0,Master's degree,0.8,0.2,Epidemiologists,Low,19,Life & Social Science,5.0,0.2739767868051314,0.8333333333333333,0.5536550600692323,False,Growing,0.4,0.35
"        Medical scientists, except epidemiologists",19-1042,165.3,179.6,14.3,8.7,100590.0,Doctoral or professional degree,9.6,0.0045,"Medical scientists, except epidemiologists",Low,19,Life & Social Science,6.0,0.3585318672368153,1.0,0.6792659336184077,False,Growing,0.4,0.35
        Astronomers,19-2011,1.8,1.8,0.0,2.2,132170.0,Doctoral or professional degree,0.1,0.041,Astronomers,Low,19,Life & Social Science,6.0,0.5192934229281205,1.0,0.7596467114640603,False,Growing,0.38,0.35
        Physicists,19-2012,24.6,25.6,1.0,4.0,166290.0,Doctoral or professional degree,1.7,0.1,Physicists,Low,19,Life & Social Science,6.0,0.6929851354103034,1.0,0.8464925677051517,False,Growing,0.38,0.35
      Atmospheric and space scientists,19-2021,9.4,9.5,0.1,0.7,97450.0,Bachelor's degree,0.7,0.67,Atmospheric and space scientists,Medium,19,Life & Social Science,4.0,0.34254734270006104,0.6666666666666666,0.5046070046833638,False,Growing,0.54,0.44
        Chemists,19-2031,86.8,91.0,4.3,4.9,84150.0,Bachelor's degree,6.3,0.1,Chemists,Low,19,Life & Social Science,4.0,0.27484219099979634,0.6666666666666666,0.4707544288332315,False,Growing,0.39,0.32
        Materials scientists,19-2032,8.7,9.1,0.4,4.9,104160.0,Bachelor's degree,0.6,0.021,Materials scientists,Low,19,Life & Social Science,4.0,0.3767053553247811,0.6666666666666666,0.5216860109957239,False,Growing,0.33999999999999997,0.29500000000000004
"        Environmental scientists and specialists, including health",19-2041,90.3,94.3,4.0,4.4,80060.0,Bachelor's degree,8.5,0.033,"Environmental scientists and specialists, including health",Low,19,Life & Social Science,4.0,0.25402158419873755,0.6666666666666666,0.4603441254327021,False,Growing,0.38,0.36
"        Geoscientists, except hydrologists and geographers",19-2042,25.1,26.0,0.8,3.2,99240.0,Bachelor's degree,2.0,0.63,"Geoscientists, except hydrologists and geographers",Medium,19,Life & Social Science,4.0,0.351659539808593,0.6666666666666666,0.5091631032376298,False,Growing,0.36,0.32
        Hydrologists,19-2043,6.3,6.3,0.0,-0.1,92060.0,Bachelor's degree,0.5,0.014,Hydrologists,Low,19,Life & Social Science,4.0,0.3151089391162696,0.6666666666666666,0.4908878028914681,False,Declining,0.36,0.32
"      Physical scientists, all other",19-2099,31.9,32.1,0.2,0.6,117960.0,Bachelor's degree,2.0,0.43,"Physical scientists, all other",Medium,19,Life & Social Science,4.0,0.44695581347994295,0.6666666666666666,0.5568112400733047,False,Growing,,
      Economists,19-3011,17.6,17.8,0.2,1.2,115440.0,Master's degree,0.9,0.43,Economists,Medium,19,Life & Social Science,5.0,0.4341274689472613,0.8333333333333333,0.6337304011402973,False,Growing,0.55,0.54
      Survey researchers,19-3022,8.8,8.3,-0.5,-5.2,63380.0,Master's degree,0.7,0.23,Survey researchers,Low,19,Life & Social Science,5.0,0.16911016086336797,0.8333333333333333,0.5012217470983507,False,Declining,0.56,0.5
        Industrial-organizational psychologists,19-3032,5.6,5.9,0.3,6.3,109840.0,Master's degree,0.4,0.012,Industrial-organizational psychologists,Low,19,Life & Social Science,5.0,0.405620036652413,0.8333333333333333,0.6194766849928731,False,Growing,0.39,0.41
"        Psychologists, all other",19-3039,55.3,57.7,2.4,4.3,117580.0,Master's degree,3.9,0.0043,"Psychologists, all other",Low,19,Life & Social Science,5.0,0.44502138057422114,0.8333333333333333,0.6391773569537772,False,Growing,0.39,0.41
      Sociologists,19-3041,3.4,3.6,0.1,3.6,101690.0,Master's degree,0.3,0.059,Sociologists,Low,19,Life & Social Science,5.0,0.3641315414375891,0.8333333333333333,0.5987324373854612,False,Growing,0.48,0.45
      Urban and regional planners,19-3051,44.7,46.2,1.5,3.4,83720.0,Master's degree,3.4,0.13,Urban and regional planners,Low,19,Life & Social Science,5.0,0.2726532274485848,0.8333333333333333,0.552993280390959,False,Growing,0.41,0.47
        Anthropologists and archeologists,19-3091,8.8,9.2,0.3,3.7,64910.0,Master's degree,0.8,0.0077,Anthropologists and archeologists,Low,19,Life & Social Science,5.0,0.17689879861535326,0.8333333333333333,0.5051160659743432,False,Growing,0.48,0.45
        Geographers,19-3092,1.5,1.5,0.0,-3.1,97200.0,Bachelor's degree,0.1,0.25,Geographers,Low,19,Life & Social Science,4.0,0.3412746894726125,0.6666666666666666,0.5039706780696396,False,Declining,0.48,0.45
        Historians,19-3093,3.4,3.5,0.1,2.2,74050.0,Master's degree,0.3,0.44,Historians,Medium,19,Life & Social Science,5.0,0.22342700061087353,0.8333333333333333,0.5283801669721034,False,Growing,0.47,0.41
        Political scientists,19-3094,6.5,6.3,-0.2,-3.1,139380.0,Master's degree,0.5,0.039,Political scientists,Low,19,Life & Social Science,5.0,0.5559967420077377,0.8333333333333333,0.6946650376705354,False,Declining,0.47,0.41
"        Social scientists and related workers, all other",19-3099,40.8,40.1,-0.7,-1.7,100340.0,Bachelor's degree,3.2,0.04,"Social scientists and related workers, all other",Low,19,Life & Social Science,4.0,0.3572592140093668,0.6666666666666666,0.5119629403380167,False,Declining,0.53,0.5
      Biological technicians,19-4021,82.7,85.6,2.9,3.5,52000.0,Bachelor's degree,9.1,0.3,Biological technicians,Medium,19,Life & Social Science,4.0,0.11117898594990835,0.6666666666666666,0.3889228263082875,False,Growing,0.38,0.37
      Chemical technicians,19-4031,57.0,59.0,2.1,3.7,57790.0,Associate's degree,6.7,0.57,Chemical technicians,Medium,19,Life & Social Science,3.0,0.14065363469761757,0.5,0.3203268173488088,False,Growing,0.26,0.23
      Nuclear technicians,19-4051,6.0,5.5,-0.5,-7.7,104240.0,Associate's degree,0.7,0.85,Nuclear technicians,High,19,Life & Social Science,3.0,0.37711260435756466,0.5,0.43855630217878233,False,Declining,0.26,0.42
      Social science research assistants,19-4061,40.6,42.3,1.8,4.4,58040.0,Bachelor's degree,5.2,0.65,Social science research assistants,Medium,19,Life & Social Science,4.0,0.1419262879250662,0.6666666666666666,0.40429647729586643,False,Growing,0.57,0.48
        Forensic science technicians,19-4092,20.7,23.3,2.6,12.8,67440.0,Bachelor's degree,2.9,0.0095,Forensic science technicians,Low,19,Life & Social Science,4.0,0.18977804927713296,0.6666666666666666,0.4282223579718998,False,Growing,0.26,0.42
"        Life, physical, and social science technicians, all other",19-4099,83.2,86.2,2.9,3.5,60130.0,Associate's degree,10.6,0.61,"Life, physical, and social science technicians, all other",Medium,19,Life & Social Science,3.0,0.15256566890653636,0.5,0.32628283445326817,False,Growing,0.26,0.325
"        Educational, guidance, and career counselors and advisors",21-1012,376.3,389.6,13.3,3.5,65140.0,Master's degree,31.0,0.0085,"Educational, guidance, school, and vocational counselors",Low,21,Community & Social Service,5.0,0.178069639584606,0.8333333333333333,0.5057014864589696,False,Growing,0.39,0.42
        Marriage and family therapists,21-1013,77.8,87.7,9.8,12.6,63780.0,Master's degree,7.7,0.014,Marriage and family therapists,Low,21,Community & Social Service,5.0,0.17114640602728567,0.8333333333333333,0.5022398696803094,False,Growing,0.28,0.29
        Rehabilitation counselors,21-1015,91.9,93.2,1.3,1.4,46110.0,Master's degree,10.0,0.0094,Rehabilitation counselors,Low,21,Community & Social Service,5.0,0.08119527591121972,0.8333333333333333,0.4572643046222765,False,Growing,0.28,0.29
"        Child, family, and school social workers",21-1021,399.9,413.3,13.4,3.4,58570.0,Bachelor's degree,35.1,0.028,"Child, family, and school social workers",Low,21,Community & Social Service,4.0,0.14462431276725715,0.6666666666666666,0.4056454897169619,False,Growing,0.28,0.29
        Healthcare social workers,21-1022,193.2,208.1,14.8,7.7,68090.0,Master's degree,18.4,0.0035,Healthcare social workers,Low,21,Community & Social Service,5.0,0.1930869476684993,0.8333333333333333,0.5132101405009163,False,Growing,0.28,0.29
        Mental health and substance abuse social workers,21-1023,136.8,150.1,13.3,9.7,60060.0,Master's degree,13.5,0.0031,Mental health and substance abuse social workers,Low,21,Community & Social Service,5.0,0.15220932600285073,0.8333333333333333,0.492771329668092,False,Growing,0.28,0.29
        Health education specialists,21-1091,71.8,75.0,3.2,4.5,63000.0,Bachelor's degree,7.9,0.045,Health educators,Low,21,Community & Social Service,4.0,0.1671757279576461,0.6666666666666666,0.4169211973121564,False,Growing,0.28,0.33
        Probation officers and correctional treatment specialists,21-1092,92.3,94.8,2.4,2.6,64520.0,Bachelor's degree,7.9,0.25,Probation officers and correctional treatment specialists,Low,21,Community & Social Service,4.0,0.17491345958053348,0.6666666666666666,0.42079006312360007,False,Growing,0.28,0.29
        Social and human service assistants,21-1093,449.6,478.5,28.9,6.4,45120.0,High school diploma or equivalent,50.6,0.13,Social and human service assistants,Low,21,Community & Social Service,1.0,0.07615556913052332,0.16666666666666666,0.12141111789859499,False,Growing,0.33,0.29
      Clergy,21-2011,262.0,264.6,2.6,1.0,60820.0,Bachelor's degree,23.0,0.0081,Clergy,Low,21,Community & Social Service,4.0,0.15607819181429441,0.6666666666666666,0.4113724292404805,False,Growing,0.17,0.22
"      Directors, religious activities and education",21-2021,138.9,141.8,2.9,2.1,54840.0,Bachelor's degree,13.8,0.025,"Directors, religious activities and education",Low,21,Community & Social Service,4.0,0.1256363266137243,0.6666666666666666,0.39615149664019544,False,Growing,0.17,0.22
        Lawyers,23-1011,864.8,900.7,35.9,4.1,151160.0,Doctoral or professional degree,31.5,0.035,Lawyers,Low,23,Legal,6.0,0.6159641620851151,1.0,0.8079820810425575,False,Growing,0.36,0.34
        Judicial law clerks,23-1012,14.5,14.9,0.4,2.5,60400.0,Doctoral or professional degree,1.0,0.41,Judicial law clerks,Medium,23,Legal,6.0,0.15394013439218082,1.0,0.5769700671960905,False,Growing,0.39,0.39
"        Administrative law judges, adjudicators, and hearing officers",23-1021,17.5,17.4,-0.1,-0.7,115230.0,Doctoral or professional degree,0.5,0.64,"Administrative law judges, adjudicators, and hearing officers",Medium,23,Legal,6.0,0.43305844023620443,1.0,0.7165292201181022,False,Declining,0.31,0.27
"        Arbitrators, mediators, and conciliators",23-1022,9.1,9.5,0.4,4.3,67710.0,Bachelor's degree,0.3,0.06,"Arbitrators, mediators, and conciliators",Low,23,Legal,4.0,0.19115251476277742,0.6666666666666666,0.428909590714722,False,Growing,0.37,0.31
"        Judges, magistrate judges, and magistrates",23-1023,27.3,28.0,0.7,2.5,156210.0,Doctoral or professional degree,0.9,0.4,"Judges, magistrate judges, and magistrates",Medium,23,Legal,6.0,0.6416717572795765,1.0,0.8208358786397882,False,Growing,0.31,0.27
      Paralegals and legal assistants,23-2011,376.2,376.8,0.6,0.2,61010.0,Associate's degree,39.3,0.94,Paralegals and legal assistants,High,23,Legal,3.0,0.15704540826715538,0.5,0.3285227041335777,False,Growing,0.39,0.39
"        Title examiners, abstractors, and searchers",23-2093,57.4,58.5,1.1,2.0,54980.0,High school diploma or equivalent,5.4,0.99,"Title examiners, abstractors, and searchers",High,23,Legal,1.0,0.1263490124210955,0.16666666666666666,0.14650783954388108,False,Growing,0.39,0.39
"        Preschool teachers, except special education",25-2011,555.1,578.1,22.9,4.1,37120.0,Associate's degree,65.5,0.0074,"Preschool reachers, except special education",Low,25,Education & Library,3.0,0.035430665852168614,0.5,0.2677153329260843,False,Growing,0.21,0.17
"        Kindergarten teachers, except special education",25-2012,117.2,115.2,-1.9,-1.6,61430.0,Bachelor's degree,12.8,0.15,"Kindergarten teachers, except special education",Low,25,Education & Library,4.0,0.15918346568926897,0.6666666666666666,0.4129250661779678,False,Declining,0.21,0.17
"        Elementary school teachers, except special education",25-2021,1422.7,1394.8,-27.9,-2.0,62340.0,Bachelor's degree,91.0,0.0044,"Elementary school teachers, except special education",Low,25,Education & Library,4.0,0.16381592343718185,0.6666666666666666,0.41524129505192425,False,Declining,0.26,0.32
"        Middle school teachers, except special and career/technical education",25-2022,633.7,621.3,-12.4,-2.0,62970.0,Bachelor's degree,40.5,0.17,"Middle school teachers, except special and career/technical education",Low,25,Education & Library,4.0,0.1670230095703523,0.6666666666666666,0.4168448381185095,False,Declining,0.26,0.32
"        Career/technical education teachers, middle school",25-2023,14.0,13.8,-0.3,-2.0,63620.0,Bachelor's degree,0.9,0.26,"Career/technical education teachers, middle school",Low,25,Education & Library,4.0,0.17033190796171857,0.6666666666666666,0.4184992873141926,False,Declining,0.35,0.39
"        Secondary school teachers, except special and career/technical education",25-2031,1094.5,1076.7,-17.8,-1.6,64580.0,Bachelor's degree,66.2,0.0078,"Secondary school teachers, except special and career/technical education",Low,25,Education & Library,4.0,0.17521889635512114,0.6666666666666666,0.42094278151089387,False,Declining,0.3,0.33
"        Career/technical education teachers, secondary school",25-2032,103.4,101.5,-1.9,-1.8,63910.0,Bachelor's degree,6.2,0.0088,"Career/technical education teachers, secondary school",Low,25,Education & Library,4.0,0.17180818570555897,0.6666666666666666,0.4192374261861128,False,Declining,0.35,0.39
"      Adult basic education, adult secondary education, and english as a second language instructors",25-3011,40.9,35.3,-5.6,-13.7,59950.0,Bachelor's degree,3.9,0.19,Adult basic and secondary education and literacy teachers and instructors,Low,25,Education & Library,4.0,0.15164935858277337,0.6666666666666666,0.40915801262472,False,Declining,0.34,0.54
      Self-enrichment teachers,25-3021,417.5,433.0,15.5,3.7,45590.0,High school diploma or equivalent,51.4,0.13,Self-enrichment education teachers,Low,25,Education & Library,1.0,0.07854815719812666,0.16666666666666666,0.12260741193239666,False,Growing,0.31,0.41333333333333333
        Archivists,25-4011,9.3,9.7,0.4,3.8,61570.0,Master's degree,1.1,0.76,Archivists,High,25,Education & Library,5.0,0.1598961514966402,0.8333333333333333,0.4966147424149867,False,Growing,0.47,0.44
        Curators,25-4012,15.1,16.2,1.1,7.0,61770.0,Master's degree,1.8,0.0068,Curators,Low,25,Education & Library,5.0,0.16091427407859907,0.8333333333333333,0.49712380370596615,False,Growing,0.47,0.44
        Museum technicians and conservators,25-4013,15.7,16.5,0.8,5.4,47460.0,Bachelor's degree,1.9,0.59,Museum technicians and conservators,Medium,25,Education & Library,4.0,0.08806760333944208,0.6666666666666666,0.37736713500305435,False,Growing,0.37,0.44
      Library technicians,25-4031,78.6,73.2,-5.4,-6.8,39970.0,Postsecondary nondegree award,13.0,0.99,Library technicians,High,25,Education & Library,,0.04993891264508246,0.16666666666666666,0.10830278965587456,True,Declining,0.41500000000000004,0.42000000000000004
      Farm and home management educators,25-9021,12.4,12.1,-0.3,-2.5,58120.0,Master's degree,1.1,0.0075,Farm and home management advisors,Low,25,Education & Library,5.0,0.1423335369578497,0.8333333333333333,0.48783343514559147,False,Declining,0.29,0.3
      Instructional coordinators,25-9031,232.6,235.5,2.9,1.3,74720.0,Master's degree,21.9,0.0042,Instructional coordinators,Low,25,Education & Library,5.0,0.22683771126043575,0.8333333333333333,0.5300855222968845,False,Growing,0.39,0.35
        Art directors,27-1011,135.0,140.7,5.7,4.2,111040.0,Bachelor's degree,12.3,0.023,Art directors,Low,27,Arts & Media,4.0,0.41172877214416614,0.6666666666666666,0.5391977194054164,False,Growing,0.37,0.26
        Craft artists,27-1012,11.6,11.9,0.2,2.1,38480.0,No formal educational credential,1.0,0.035,Craft artists,Low,27,Arts & Media,0.0,0.042353899409488915,0.0,0.021176949704744458,False,Growing,0.22499999999999998,0.2425
"        Fine artists, including painters, sculptors, and illustrators",27-1013,26.5,26.2,-0.3,-1.2,60560.0,Bachelor's degree,2.2,0.042,"Fine artists, including painters, sculptors, and illustrators",Low,27,Arts & Media,4.0,0.15475463245774793,0.6666666666666666,0.41071064956220726,False,Declining,0.27999999999999997,0.33999999999999997
        Special effects artists and animators,27-1014,57.1,58.0,0.9,1.6,99800.0,Bachelor's degree,5.0,0.015,Multimedia artists and animators,Low,27,Arts & Media,4.0,0.35451028303807786,0.6666666666666666,0.5105884748523722,False,Growing,0.49,0.42
        Commercial and industrial designers,27-1021,30.6,31.6,1.0,3.2,79450.0,Bachelor's degree,2.5,0.037,Commercial and industrial designers,Low,27,Arts & Media,4.0,0.25091631032376294,0.6666666666666666,0.4587914884952148,False,Growing,0.35,0.38
        Fashion designers,27-1022,25.7,26.2,0.5,2.0,80690.0,Bachelor's degree,2.3,0.021,Fashion designers,Low,27,Arts & Media,4.0,0.257228670331908,0.6666666666666666,0.4619476684992873,False,Growing,0.35,0.38
        Floral designers,27-1023,43.8,41.2,-2.6,-5.9,36120.0,High school diploma or equivalent,5.1,0.047,Floral designers,Low,27,Arts & Media,1.0,0.030340052942374268,0.16666666666666666,0.09850335980452046,False,Declining,0.14,0.08
        Graphic designers,27-1024,265.9,271.5,5.7,2.1,61300.0,Bachelor's degree,20.0,0.082,Graphic designers,Low,27,Arts & Media,4.0,0.15852168601099573,0.6666666666666666,0.41259417633883116,False,Growing,0.49,0.42
        Interior designers,27-1025,87.1,89.9,2.8,3.2,63490.0,Bachelor's degree,7.8,0.022,Interior designers,Low,27,Arts & Media,4.0,0.16967012828344533,0.6666666666666666,0.41816839747505596,False,Growing,0.37,0.38
        Merchandise displayers and window trimmers,27-1026,193.0,199.3,6.2,3.2,37350.0,High school diploma or equivalent,20.8,0.48,Merchandise displayers and window trimmers,Medium,27,Arts & Media,1.0,0.0366015068214213,0.16666666666666666,0.10163408674404398,False,Growing,0.37,0.38
        Set and exhibit designers,27-1027,31.3,32.0,0.7,2.3,66280.0,Bachelor's degree,2.5,0.0055,Set and exhibit designers,Low,27,Arts & Media,4.0,0.1838729383017715,0.6666666666666666,0.4252698024842191,False,Growing,0.37,0.38
        Actors,27-2011,57.0,57.1,0.2,0.3,,"Some college, no degree",6.3,0.37,Actors,Medium,27,Arts & Media,2.0,0.13793015679087764,0.3333333333333333,0.2356317450621055,False,Growing,0.31,0.31
        Producers and directors,27-2012,167.0,175.2,8.3,4.9,83480.0,Bachelor's degree,12.8,0.022,Producers and directors,Low,27,Arts & Media,4.0,0.2714314803502341,0.6666666666666666,0.4690490735084504,False,Growing,0.37,0.26
        Athletes and sports competitors,27-2021,19.1,20.2,1.0,5.5,62360.0,No formal educational credential,2.1,0.28,Athletes and sports competitors,Low,27,Arts & Media,0.0,0.16391773569537774,0.0,0.08195886784768887,False,Growing,0.23,0.26
        Coaches and scouts,27-2022,306.5,326.0,19.5,6.4,45920.0,Bachelor's degree,41.8,0.013,Coaches and scouts,Low,27,Arts & Media,4.0,0.08022805945835879,0.6666666666666666,0.3734473630625127,False,Growing,0.37,0.36
"        Umpires, referees, and other sports officials",27-2023,19.3,20.4,1.1,5.7,38820.0,High school diploma or equivalent,4.6,0.98,"Umpires, referees, and other sports officials",High,27,Arts & Media,1.0,0.044084707798818984,0.16666666666666666,0.10537568723274282,True,Growing,0.37,0.36
        Dancers,27-2031,12.3,12.9,0.6,4.5,,No formal educational credential,1.8,0.13,Dancers,Low,27,Arts & Media,0.0,0.13793015679087764,0.0,0.06896507839543882,False,Growing,0.19,0.15
        Choreographers,27-2032,4.6,4.9,0.3,6.1,55600.0,High school diploma or equivalent,0.7,0.004,Choreographers,Low,27,Arts & Media,1.0,0.12950519242516798,0.16666666666666666,0.14808592954591732,False,Growing,0.19,0.15
        Music directors and composers,27-2041,47.3,47.2,-0.1,-0.3,63670.0,Bachelor's degree,4.3,0.015,Music directors and composers,Low,27,Arts & Media,4.0,0.17058643860720832,0.6666666666666666,0.4186265526369375,False,Declining,0.28,0.38
        Musicians and singers,27-2042,169.8,171.6,1.8,1.1,,No formal educational credential,19.4,0.074,Musicians and singers,Low,27,Arts & Media,0.0,0.13793015679087764,0.0,0.06896507839543882,False,Growing,0.28,0.38
      Broadcast announcers and radio disc jockeys,27-3011,24.1,22.8,-1.3,-5.5,45680.0,Bachelor's degree,2.3,0.1,Radio and television announcers,Low,27,Arts & Media,4.0,0.07900631236000816,0.6666666666666666,0.37283648951333737,False,Declining,0.47,0.55
      Public relations specialists,27-3031,315.9,331.0,15.0,4.8,69780.0,Bachelor's degree,27.6,0.18,Public relations specialists,Low,27,Arts & Media,4.0,0.2016900834860517,0.6666666666666666,0.43417837507635915,False,Growing,0.43,0.38
        Editors,27-3041,115.8,116.5,0.7,0.6,75260.0,Bachelor's degree,9.8,0.055,Editors,Low,27,Arts & Media,4.0,0.22958664223172467,0.6666666666666666,0.44812665444919564,False,Growing,0.545,0.615
        Technical writers,27-3042,56.4,56.9,0.5,0.9,91670.0,Bachelor's degree,4.5,0.89,Technical writers,High,27,Arts & Media,4.0,0.3131236000814498,0.6666666666666666,0.4898951333740582,False,Growing,0.55,0.68
        Writers and authors,27-3043,135.4,140.3,4.9,3.6,72270.0,Bachelor's degree,13.4,0.038,Writers and authors,Low,27,Arts & Media,4.0,0.2143657096314396,0.6666666666666666,0.44051618814905313,False,Growing,0.55,0.595
        Interpreters and translators,27-3091,75.3,76.6,1.3,1.7,59440.0,Bachelor's degree,6.9,0.38,Interpreters and translators,Medium,27,Arts & Media,4.0,0.14905314599877825,0.6666666666666666,0.40785990633272245,False,Growing,0.59,0.59
        Audio and video technicians,27-4011,92.3,95.4,3.1,3.3,54830.0,Postsecondary nondegree award,7.3,0.55,Audio and video equipment technicians,Medium,27,Arts & Media,,0.12558542048462637,0.16666666666666666,0.1461260435756465,False,Growing,0.35,0.36
        Broadcast technicians,27-4012,24.8,24.2,-0.7,-2.8,53920.0,Associate's degree,1.8,0.74,Broadcast technicians,High,27,Arts & Media,3.0,0.12095296273671349,0.5,0.31047648136835676,False,Declining,0.35,0.36
        Sound engineering technicians,27-4014,16.9,16.6,-0.3,-1.7,66430.0,Postsecondary nondegree award,1.2,0.13,Sound engineering technicians,Low,27,Arts & Media,,0.1846365302382407,0.16666666666666666,0.17565159845245368,False,Declining,0.35,0.36
      Photographers,27-4021,151.2,154.0,2.8,1.8,42520.0,High school diploma or equivalent,12.7,0.021,Photographers,Low,27,Arts & Media,1.0,0.06291997556505805,0.16666666666666666,0.11479332111586235,False,Growing,0.39,0.35
"        Camera operators, television, video, and film",27-4031,36.4,36.9,0.4,1.2,68810.0,Bachelor's degree,2.9,0.6,"Camera operators, television, video, and motion picture",Medium,27,Arts & Media,4.0,0.1967521889635512,0.6666666666666666,0.4317094278151089,False,Growing,0.35,0.36
        Film and video editors,27-4032,43.5,45.2,1.7,4.0,70980.0,Bachelor's degree,3.6,0.31,Film and video editors,Medium,27,Arts & Media,4.0,0.20779881897780492,0.6666666666666666,0.4372327428222358,False,Growing,0.37,0.26
      Chiropractors,29-1011,57.2,62.6,5.4,9.5,79000.0,Doctoral or professional degree,2.8,0.027,Chiropractors,Low,29,Healthcare Practitioners,6.0,0.2486255345143555,1.0,0.6243127672571778,False,Growing,0.2,0.16
"        Dentists, general",29-1021,129.8,135.2,5.4,4.1,172790.0,Doctoral or professional degree,3.9,0.0044,"Dentists, general",Low,29,Healthcare Practitioners,6.0,0.7260741193239666,1.0,0.8630370596619833,False,Growing,0.15,0.21
        Oral and maxillofacial surgeons,29-1022,6.1,6.4,0.3,4.1,,Doctoral or professional degree,0.2,0.0036,Oral and maxillofacial surgeons,Low,29,Healthcare Practitioners,6.0,0.13793015679087764,1.0,0.5689650783954389,False,Growing,0.15,0.21
        Orthodontists,29-1023,5.9,6.2,0.3,4.4,,Doctoral or professional degree,0.2,0.023,Orthodontists,Low,29,Healthcare Practitioners,6.0,0.13793015679087764,1.0,0.5689650783954389,False,Growing,0.15,0.21
        Prosthodontists,29-1024,0.9,0.9,0.0,4.5,,Doctoral or professional degree,0.0,0.055,Prosthodontists,Low,29,Healthcare Practitioners,6.0,0.13793015679087764,1.0,0.5689650783954389,False,Growing,0.15,0.21
      Dietitians and nutritionists,29-1031,90.9,95.9,5.0,5.5,73850.0,Bachelor's degree,6.2,0.0039,Dietitians and nutritionists,Low,29,Healthcare Practitioners,4.0,0.22240887802891465,0.6666666666666666,0.4445377723477906,False,Growing,0.41,0.39
      Optometrists,29-1041,47.8,51.6,3.8,8.0,134830.0,Doctoral or professional degree,2.4,0.14,Optometrists,Low,29,Healthcare Practitioners,6.0,0.5328344532681735,1.0,0.7664172266340867,False,Growing,0.24,0.16
      Pharmacists,29-1051,335.1,350.5,15.4,4.6,137480.0,Doctoral or professional degree,14.2,0.012,Pharmacists,Low,29,Healthcare Practitioners,6.0,0.5463245774791285,1.0,0.7731622887395643,False,Growing,0.33,0.33
      Physician assistants,29-1071,162.7,195.8,33.2,20.4,133260.0,Master's degree,12.0,0.14,Physician assistants,Low,29,Healthcare Practitioners,5.0,0.5248421909997963,0.8333333333333333,0.6790877621665647,False,Growing,0.23,0.23
      Podiatrists,29-1081,9.7,9.9,0.2,1.8,152800.0,Doctoral or professional degree,0.3,0.0046,Podiatrists,Low,29,Healthcare Practitioners,6.0,0.6243127672571778,1.0,0.8121563836285889,False,Growing,0.2,0.16
        Occupational therapists,29-1122,160.0,182.1,22.1,13.8,98340.0,Master's degree,10.2,0.0035,Occupational therapists,Low,29,Healthcare Practitioners,5.0,0.3470779881897781,0.8333333333333333,0.5902056607615557,False,Growing,0.2,0.16
        Physical therapists,29-1123,267.2,296.4,29.3,10.9,101020.0,Doctoral or professional degree,13.2,0.021,Physical therapists,Low,29,Healthcare Practitioners,6.0,0.36072083078802686,1.0,0.6803604153940135,False,Growing,0.28,0.17
        Radiation therapists,29-1124,19.2,19.6,0.4,1.9,101990.0,Associate's degree,0.9,0.34,Radiation therapists,Medium,29,Healthcare Practitioners,3.0,0.36565872531052745,0.5,0.4328293626552637,False,Growing,0.22,0.2
        Recreational therapists,29-1125,16.1,16.6,0.5,3.3,60280.0,Bachelor's degree,1.3,0.0028,Recreational therapists,Low,29,Healthcare Practitioners,4.0,0.1533292608430055,0.6666666666666666,0.40999796375483605,False,Growing,0.2,0.16
        Respiratory therapists,29-1126,139.6,156.4,16.8,12.1,80450.0,Associate's degree,8.8,0.066,Respiratory therapists,Low,29,Healthcare Practitioners,3.0,0.25600692323355734,0.5,0.37800346161677867,False,Growing,0.3,0.26
        Speech-language pathologists,29-1127,187.4,215.5,28.2,15.0,95410.0,Master's degree,13.3,0.0064,Speech-language pathologists,Low,29,Healthcare Practitioners,5.0,0.3321624923640807,0.8333333333333333,0.582747912848707,False,Growing,0.24,0.2
      Veterinarians,29-1131,86.4,94.7,8.3,9.6,125510.0,Doctoral or professional degree,3.0,0.038,Veterinarians,Low,29,Healthcare Practitioners,6.0,0.4853899409488903,1.0,0.7426949704744452,False,Growing,0.14,0.18
      Registered nurses,29-1141,3391.0,3557.1,166.1,4.9,93600.0,Bachelor's degree,189.1,0.009,Registered nurses,Low,29,Healthcare Practitioners,4.0,0.3229484829973529,0.6666666666666666,0.49480757483200977,False,Growing,0.25,0.25
      Audiologists,29-1181,15.8,17.3,1.5,9.5,92120.0,Doctoral or professional degree,0.7,0.0033,Audiologists,Low,29,Healthcare Practitioners,6.0,0.3154143758908573,1.0,0.6577071879454286,False,Growing,0.24,0.2
        Cardiovascular technologists and technicians,29-2031,64.7,66.6,1.9,3.0,67260.0,Associate's degree,3.8,0.23,Cardiovascular technologists and technicians,Low,29,Healthcare Practitioners,3.0,0.18886173895336997,0.5,0.344430869476685,False,Growing,0.3,0.26
        Diagnostic medical sonographers,29-2032,90.0,101.7,11.7,13.0,89340.0,Associate's degree,5.8,0.35,Diagnostic medical sonographers,Medium,29,Healthcare Practitioners,3.0,0.30126247200162903,0.5,0.4006312360008145,False,Growing,0.22,0.2
        Nuclear medicine technologists,29-2033,20.0,20.6,0.6,3.0,97020.0,Associate's degree,0.9,0.13,Nuclear medicine technologists,Low,29,Healthcare Practitioners,3.0,0.3403583791488495,0.5,0.42017918957442474,False,Growing,0.22,0.2
        Dietetic technicians,29-2051,30.9,31.7,0.8,2.5,37040.0,Associate's degree,4.0,0.13,Dietetic technicians,Low,29,Healthcare Practitioners,3.0,0.03502341681938506,0.5,0.2675117084096925,False,Growing,0.3,0.26
        Pharmacy technicians,29-2052,490.4,521.8,31.5,6.4,43460.0,High school diploma or equivalent,49.0,0.92,Pharmacy technicians,High,29,Healthcare Practitioners,1.0,0.0677051517002647,0.16666666666666666,0.11718590918346568,True,Growing,0.3,0.38
        Psychiatric technicians,29-2053,144.5,173.3,28.9,20.0,42590.0,Postsecondary nondegree award,15.9,0.043,Psychiatric technicians,Low,29,Healthcare Practitioners,,0.06327631846874363,0.16666666666666666,0.11497149256770514,False,Growing,0.3,0.26
        Surgical technologists,29-2055,115.6,120.8,5.2,4.5,62830.0,Postsecondary nondegree award,7.0,0.34,Surgical technologists,Medium,29,Healthcare Practitioners,,0.16631032376298108,0.16666666666666666,0.16648849521482387,False,Growing,0.3,0.26
        Veterinary technologists and technicians,29-2056,134.2,146.4,12.2,9.1,45980.0,Associate's degree,14.3,0.029,Veterinary technologists and technicians,Low,29,Healthcare Practitioners,3.0,0.08053349623294645,0.5,0.29026674811647324,False,Growing,0.14,0.12
      Licensed practical and licensed vocational nurses,29-2061,651.4,668.5,17.1,2.6,62340.0,Postsecondary nondegree award,54.4,0.058,Licensed practical and licensed vocational nurses,Low,29,Healthcare Practitioners,,0.16381592343718185,0.16666666666666666,0.16524129505192425,False,Growing,0.22,0.25
"      Opticians, dispensing",29-2081,79.9,82.2,2.3,2.9,46560.0,High school diploma or equivalent,6.8,0.71,"Opticians, dispensing",High,29,Healthcare Practitioners,1.0,0.08348605172062717,0.16666666666666666,0.1250763591936469,True,Growing,0.24,0.26
        Orthotists and prosthetists,29-2091,10.1,11.5,1.3,13.3,78310.0,Master's degree,0.9,0.0035,Orthotists and prosthetists,Low,29,Healthcare Practitioners,5.0,0.24511301160659746,0.8333333333333333,0.5392231724699653,False,Growing,0.18,0.16
        Athletic trainers,29-9091,33.9,37.6,3.8,11.1,60250.0,Master's degree,2.4,0.0071,Athletic trainers,Low,29,Healthcare Practitioners,5.0,0.1531765424557117,0.8333333333333333,0.49325493789452246,False,Growing,0.25,0.38
        Occupational therapy assistants,31-2011,49.2,58.7,9.5,19.2,68340.0,Associate's degree,7.2,0.028,Occupational therapy assistants,Low,31,Healthcare Support,3.0,0.19435960089594786,0.5,0.3471798004479739,False,Growing,0.3,0.26
        Occupational therapy aides,31-2012,5.2,5.3,0.1,2.5,37370.0,High school diploma or equivalent,0.6,0.27,Occupational therapy aides,Low,31,Healthcare Support,1.0,0.036703319079617186,0.16666666666666666,0.10168499287314192,False,Growing,0.15,0.12
        Physical therapist assistants,31-2021,111.5,136.0,24.5,22.0,65510.0,Associate's degree,19.8,0.018,Physical therapist assistants,Low,31,Healthcare Support,3.0,0.1799531663612299,0.5,0.33997658318061497,False,Growing,0.17,0.17
        Physical therapist aides,31-2022,45.6,46.9,1.3,2.8,34520.0,High school diploma or equivalent,6.6,0.61,Physical therapist aides,Medium,31,Healthcare Support,1.0,0.02219507228670331,0.16666666666666666,0.09443086947668498,False,Growing,0.15,0.12
      Massage therapists,31-9011,168.0,193.9,25.9,15.4,57950.0,Postsecondary nondegree award,24.7,0.54,Massage therapists,Medium,31,Healthcare Support,,0.14146813276318468,0.16666666666666666,0.15406739971492567,False,Growing,0.17,0.17
        Dental assistants,31-9091,381.9,406.3,24.4,6.4,47300.0,Postsecondary nondegree award,52.9,0.51,Dental assistants,Medium,31,Healthcare Support,,0.08725310527387498,0.16666666666666666,0.1269598859702708,False,Growing,0.155,0.14
        Medical assistants,31-9092,811.0,912.2,101.2,12.5,44200.0,Postsecondary nondegree award,112.3,0.3,Medical assistants,Medium,31,Healthcare Support,,0.07147220525351253,0.16666666666666666,0.11906943596008959,False,Growing,0.35,0.38
        Medical equipment preparers,31-9093,76.5,84.2,7.6,10.0,46490.0,High school diploma or equivalent,10.9,0.78,Medical equipment preparers,High,31,Healthcare Support,1.0,0.08312970881694157,0.16666666666666666,0.12489818774180411,True,Growing,0.15,0.12
        Medical transcriptionists,31-9094,43.9,41.8,-2.2,-4.9,37550.0,Postsecondary nondegree award,7.4,0.89,Medical transcriptionists,High,31,Healthcare Support,,0.03761962940338018,0.16666666666666666,0.10214314803502342,True,Declining,0.53,0.61
        Pharmacy aides,31-9095,41.1,41.1,-0.1,-0.1,37000.0,High school diploma or equivalent,6.1,0.72,Pharmacy aides,High,31,Healthcare Support,1.0,0.034819792302993285,0.16666666666666666,0.10074322948482997,True,Declining,0.15,0.12
        Veterinary assistants and laboratory animal caretakers,31-9096,117.8,128.1,10.3,8.7,37320.0,High school diploma or equivalent,22.2,0.86,Veterinary assistants and laboratory animal caretakers,High,31,Healthcare Support,1.0,0.036448788434127466,0.16666666666666666,0.10155772755039706,True,Growing,0.14,0.14
        First-line supervisors of correctional officers,33-1011,57.1,55.5,-1.6,-2.8,76310.0,High school diploma or equivalent,4.3,0.025,First-line supervisors of oorrectional officers,Low,33,Protective Service,1.0,0.23493178578700877,0.16666666666666666,0.2007992262268377,False,Declining,0.14,0.13
        First-line supervisors of police and detectives,33-1012,160.8,165.4,4.6,2.9,105980.0,High school diploma or equivalent,10.9,0.0044,First-line supervisors of police and detectives,Low,33,Protective Service,1.0,0.38597027082060686,0.16666666666666666,0.27631846874363675,False,Growing,0.23,0.22333333333333336
      First-line supervisors of firefighting and prevention workers,33-1021,97.2,100.5,3.4,3.4,92430.0,Postsecondary nondegree award,6.5,0.0036,First-line supervisors of fire fighting and prevention workers,Low,33,Protective Service,,0.31699246589289354,0.16666666666666666,0.24182956627978008,False,Growing,0.24,0.3133333333333333
      Firefighters,33-2011,344.9,356.7,11.8,3.4,59530.0,Postsecondary nondegree award,27.1,0.17,Firefighters,Low,33,Protective Service,,0.14951130116065972,0.16666666666666666,0.1580889839136632,False,Growing,0.18,0.21
        Fire inspectors and investigators,33-2021,14.7,15.2,0.6,3.8,78060.0,Postsecondary nondegree award,1.5,0.48,Fire inspectors and investigators,Medium,33,Protective Service,,0.24384035837914883,0.16666666666666666,0.20525351252290774,False,Growing,0.27,0.365
        Forest fire inspectors and prevention specialists,33-2022,2.9,3.3,0.4,14.6,52380.0,High school diploma or equivalent,0.3,0.048,Forest fire inspectors and prevention specialists,Low,33,Protective Service,1.0,0.11311341885563023,0.16666666666666666,0.13989004276114844,False,Growing,0.26,0.42
        Bailiffs,33-3011,19.0,18.6,-0.4,-2.2,57050.0,High school diploma or equivalent,1.8,0.36,Bailiffs,Medium,33,Protective Service,1.0,0.13688658114436977,0.16666666666666666,0.15177662390551822,False,Declining,0.39,0.39
        Correctional officers and jailers,33-3012,387.5,357.4,-30.1,-7.8,57970.0,High school diploma or equivalent,30.1,0.6,Correctional officers and jailers,Medium,33,Protective Service,1.0,0.14156994502138057,0.16666666666666666,0.1541183058440236,False,Declining,0.14,0.13
      Detectives and criminal investigators,33-3021,117.9,117.1,-0.8,-0.7,93580.0,High school diploma or equivalent,7.8,0.34,Detectives and criminal investigators,Medium,33,Protective Service,1.0,0.32284667073915696,0.16666666666666666,0.2447566687029118,False,Declining,0.23,0.2
      Fish and game wardens,33-3031,7.0,6.6,-0.4,-6.0,68180.0,Bachelor's degree,0.5,0.08,Fish and game wardens,Low,33,Protective Service,4.0,0.19354510283038076,0.6666666666666666,0.4301058847485237,False,Declining,0.2,0.21
      Parking enforcement workers,33-3041,8.4,8.2,-0.1,-1.5,47150.0,High school diploma or equivalent,0.7,0.84,Parking enforcement workers,High,33,Protective Service,1.0,0.08648951333740582,0.16666666666666666,0.12657809000203624,False,Declining,0.2,0.21
        Police and sheriff's patrol officers,33-3051,698.8,720.8,22.0,3.1,76290.0,High school diploma or equivalent,53.7,0.098,Police and sheriff's patrol officers,Low,33,Protective Service,1.0,0.23482997352881288,0.16666666666666666,0.20074832009773977,False,Growing,0.23,0.235
        Transit and railroad police,33-3052,3.1,3.2,0.1,3.0,82320.0,High school diploma or equivalent,0.2,0.57,Transit and railroad police,Medium,33,Protective Service,1.0,0.26552636937487273,0.16666666666666666,0.21609651802076968,False,Growing,0.14,0.15
      Animal control workers,33-9011,12.2,12.7,0.5,3.9,45830.0,High school diploma or equivalent,1.3,0.21,Animal control workers,Low,33,Protective Service,1.0,0.07976990429647729,0.16666666666666666,0.12321828548157197,False,Growing,0.2,0.21
      Private detectives and investigators,33-9021,43.6,46.2,2.6,6.0,52370.0,High school diploma or equivalent,3.9,0.31,Private detectives and investigators,Medium,33,Protective Service,1.0,0.11306251272653225,0.16666666666666666,0.13986458969659946,False,Growing,0.39,0.39
        Gambling surveillance officers and gambling investigators,33-9031,10.3,10.3,0.0,0.3,43900.0,High school diploma or equivalent,1.3,0.95,Gaming surveillance officers and gaming investigators,High,33,Protective Service,1.0,0.06994502138057421,0.16666666666666666,0.11830584402362043,True,Growing,0.29500000000000004,0.28
        Security guards,33-9032,1262.1,1267.1,5.1,0.4,38370.0,High school diploma or equivalent,161.0,0.84,Security guards,High,33,Protective Service,1.0,0.04179393198941153,0.16666666666666666,0.1042302993280391,True,Growing,0.2,0.17
        Crossing guards and flaggers,33-9091,91.4,94.7,3.3,3.6,37700.0,No formal educational credential,18.0,0.49,Crossing guards,Medium,33,Protective Service,0.0,0.03838322133984931,0.0,0.019191610669924655,False,Growing,0.2,0.21
"        Lifeguards, ski patrol, and other recreational protective service workers",33-9092,149.7,158.4,8.7,5.8,33720.0,No formal educational credential,42.7,0.67,"Lifeguards, ski patrol, and other recreational protective service workers",Medium,33,Protective Service,0.0,0.018122581958867845,0.0,0.009061290979433922,False,Growing,0.2,0.21
      Chefs and head cooks,35-1011,197.3,211.3,14.0,7.1,60990.0,High school diploma or equivalent,24.4,0.1,Chefs and head cooks,Low,35,Food Preparation,1.0,0.1569435960089595,0.16666666666666666,0.16180513133781307,False,Growing,0.25,0.26
      First-line supervisors of food preparation and serving workers,35-1012,1215.0,1288.0,73.0,6.0,42010.0,High school diploma or equivalent,183.9,0.63,First-line supervisors of food preparation and serving workers,Medium,35,Food Preparation,1.0,0.06032376298106293,0.16666666666666666,0.11349521482386479,False,Growing,0.215,0.225
"        Cooks, fast food",35-2011,669.5,579.2,-90.3,-13.5,30160.0,No formal educational credential,82.1,0.81,"Cooks, fast food",High,35,Food Preparation,0.0,0.0,0.0,0.0,True,Declining,0.18,0.12
"        Cooks, institution and cafeteria",35-2012,466.1,475.4,9.3,2.0,36450.0,No formal educational credential,69.7,0.83,"Cooks, institution and cafeteria",High,35,Food Preparation,0.0,0.03201995520260639,0.0,0.016009977601303196,True,Growing,0.18,0.19
"        Cooks, private household",35-2013,34.2,36.0,1.7,5.1,44530.0,Postsecondary nondegree award,5.3,0.3,"Cooks, private household",Medium,35,Food Preparation,,0.07315210751374465,0.16666666666666666,0.11990938709020565,False,Growing,0.18,0.19
"        Cooks, restaurant",35-2014,1460.2,1677.2,217.0,14.9,36830.0,No formal educational credential,250.7,0.96,"Cooks, restaurant",High,35,Food Preparation,0.0,0.03395438810832824,0.0,0.01697719405416412,True,Growing,0.18,0.19
"        Cooks, short order",35-2015,151.1,142.7,-8.4,-5.6,35620.0,No formal educational credential,20.6,0.94,"Cooks, short order",High,35,Food Preparation,0.0,0.027794746487477096,0.0,0.013897373243738548,True,Declining,0.18,0.155
      Food preparation workers,35-2021,902.7,871.8,-30.9,-3.4,34220.0,No formal educational credential,148.0,0.87,Food preparation workers,High,35,Food Preparation,0.0,0.020667888413765018,0.0,0.010333944206882509,True,Declining,0.13,0.08
      Bartenders,35-3011,756.7,801.5,44.8,5.9,33530.0,No formal educational credential,129.6,0.77,Bartenders,High,35,Food Preparation,0.0,0.017155365506006937,0.0,0.008577682753003468,True,Growing,0.26,0.22
      Waiters and waitresses,35-3031,2329.7,2313.5,-16.3,-0.7,33760.0,No formal educational credential,456.7,0.94,Waiters and waitresses,High,35,Food Preparation,0.0,0.01832620647525962,0.0,0.00916310323762981,True,Declining,0.28,0.32
"      Food servers, nonrestaurant",35-3041,277.2,285.3,8.2,3.0,34460.0,No formal educational credential,48.0,0.86,"Food servers, nonrestaurant",High,35,Food Preparation,0.0,0.021889635512115646,0.0,0.010944817756057823,True,Growing,0.25,0.25
      Dining room and cafeteria attendants and bartender helpers,35-9011,527.4,560.6,33.1,6.3,32670.0,No formal educational credential,99.6,0.91,Dining room and cafeteria attendants and bartender helpers,High,35,Food Preparation,0.0,0.01277743840358378,0.0,0.00638871920179189,True,Growing,0.185,0.135
      Dishwashers,35-9021,477.7,478.6,0.9,0.2,33670.0,No formal educational credential,76.8,0.77,Dishwashers,High,35,Food Preparation,0.0,0.017868051313378125,0.0,0.008934025656689062,True,Growing,0.13,0.08
"      Hosts and hostesses, restaurant, lounge, and coffee shop",35-9031,429.9,423.5,-6.4,-1.5,30380.0,No formal educational credential,107.7,0.97,"Hosts and hostesses, restaurant, lounge, and coffee shop",High,35,Food Preparation,0.0,0.0011199348401547682,0.0,0.0005599674200773841,True,Declining,0.21,0.12
      First-line supervisors of housekeeping and janitorial workers,37-1011,269.8,276.4,6.7,2.5,47520.0,High school diploma or equivalent,33.0,0.94,First-line Supervisors of housekeeping and janitorial workers,High,37,Building & Grounds,1.0,0.08837304011402972,0.16666666666666666,0.1275198533903482,False,Growing,0.21000000000000002,0.22999999999999998
"      First-line supervisors of landscaping, lawn service, and groundskeeping workers",37-1012,224.7,230.0,5.2,2.3,56170.0,High school diploma or equivalent,23.2,0.57,"First-line supervisors of landscaping, lawn service, and groundskeeping workers",Medium,37,Building & Grounds,1.0,0.13240684178375076,0.16666666666666666,0.1495367542252087,False,Growing,0.155,0.14500000000000002
"        Janitors and cleaners, except maids and housekeeping cleaners",37-2011,2447.7,2495.5,47.8,2.0,35930.0,No formal educational credential,351.3,0.66,"Janitors and cleaners, except maids and housekeeping cleaners",Medium,37,Building & Grounds,0.0,0.029372836489513332,0.0,0.014686418244756666,False,Growing,0.16666666666666666,0.18666666666666668
        Maids and housekeeping cleaners,37-2012,1356.8,1362.8,6.0,0.4,34660.0,No formal educational credential,193.5,0.69,Maids and housekeeping cleaners,Medium,37,Building & Grounds,0.0,0.022907758094074526,0.0,0.011453879047037263,False,Growing,0.13,0.12000000000000001
      Pest control workers,37-2021,102.4,107.5,5.1,4.9,44730.0,High school diploma or equivalent,13.4,0.66,Pest control workers,Medium,37,Building & Grounds,1.0,0.07417023009570353,0.16666666666666666,0.1204184483811851,False,Growing,0.13,0.14
      Landscaping and groundskeeping workers,37-3011,1192.5,1235.0,42.4,3.6,38090.0,No formal educational credential,158.2,0.95,Landscaping and groundskeeping workers,High,37,Building & Grounds,0.0,0.0403685603746691,0.0,0.02018428018733455,True,Growing,0.12,0.1
"      Pesticide handlers, sprayers, and applicators, vegetation",37-3012,29.6,30.7,1.1,3.8,45200.0,High school diploma or equivalent,4.1,0.97,"Pesticide handlers, sprayers, and applicators, vegetation",High,37,Building & Grounds,1.0,0.07656281816330687,0.16666666666666666,0.12161474241498677,True,Growing,0.13,0.14
      Tree trimmers and pruners,37-3013,60.1,62.1,2.0,3.3,50430.0,High school diploma or equivalent,7.4,0.77,Tree trimmers and pruners,High,37,Building & Grounds,1.0,0.10318672368153123,0.16666666666666666,0.13492669517409894,False,Growing,0.18,0.15
      Animal trainers,39-2011,47.3,49.8,2.4,5.1,38750.0,High school diploma or equivalent,7.1,0.1,Animal trainers,Low,39,Personal Care,1.0,0.043728364895133376,0.16666666666666666,0.10519751578090002,False,Growing,0.14,0.16
      Animal caretakers,39-2021,392.1,439.6,47.6,12.1,33470.0,High school diploma or equivalent,74.6,0.82,Nonfarm animal caretakers,High,39,Personal Care,1.0,0.016849928731419272,0.16666666666666666,0.09175829769904296,True,Growing,0.14,0.16
        Gambling dealers,39-3011,88.7,88.1,-0.6,-0.6,33280.0,High school diploma or equivalent,14.1,0.96,Gaming dealers,High,39,Personal Care,1.0,0.015882712278558336,0.16666666666666666,0.0912746894726125,True,Declining,0.45,0.52
        Gambling and sports book writers and runners,39-3012,8.2,7.7,-0.5,-6.1,30460.0,High school diploma or equivalent,1.2,0.91,Gaming and sports book writers and runners,High,39,Personal Care,1.0,0.0015271838729382925,0.16666666666666666,0.08409692526980247,True,Declining,0.45,0.52
      Motion picture projectionists,39-3021,2.0,2.0,-0.1,-3.7,38180.0,No formal educational credential,0.5,0.97,Motion picture projectionists,High,39,Personal Care,0.0,0.040826715536550595,0.0,0.020413357768275298,True,Declining,0.29,0.38
"      Ushers, lobby attendants, and ticket takers",39-3031,121.7,123.1,1.4,1.2,31150.0,No formal educational credential,30.8,0.96,"Ushers, lobby attendants, and ticket takers",High,39,Personal Care,0.0,0.005039706780696401,0.0,0.0025198533903482007,True,Growing,0.29,0.38
        Amusement and recreation attendants,39-3091,392.3,405.5,13.2,3.4,30490.0,No formal educational credential,102.4,0.72,Amusement and recreation attendants,High,39,Personal Care,0.0,0.0016799022602321245,0.0,0.0008399511301160623,True,Growing,0.235,0.27
        Costume attendants,39-3092,6.7,7.1,0.4,5.9,54810.0,High school diploma or equivalent,1.8,0.61,Costume attendants,Medium,39,Personal Care,1.0,0.12548360822643048,0.16666666666666666,0.14607513744654857,False,Growing,,
"        Locker room, coatroom, and dressing room attendants",39-3093,15.6,16.6,1.0,6.4,34800.0,High school diploma or equivalent,4.2,0.43,"Locker room, coatroom, and dressing room attendants",Medium,39,Personal Care,1.0,0.023620443901445742,0.16666666666666666,0.0951435552840562,False,Growing,0.29,0.38
        Embalmers,39-4011,3.6,3.7,0.0,1.3,56280.0,Associate's degree,0.6,0.54,Embalmers,Medium,39,Personal Care,3.0,0.1329668092038281,0.5,0.31648340460191404,False,Growing,0.17,0.11
      Funeral attendants,39-4021,32.5,33.5,1.0,3.1,34610.0,High school diploma or equivalent,5.7,0.37,Funeral attendants,Medium,39,Personal Care,1.0,0.022653227448584806,0.16666666666666666,0.09465994705762573,False,Growing,0.17,0.11
        Barbers,39-5011,76.0,79.2,3.1,4.1,38960.0,Postsecondary nondegree award,8.4,0.8,Barbers,High,39,Personal Care,,0.04479739360619017,0.16666666666666666,0.10573203013642841,True,Growing,0.17,0.22
"        Hairdressers, hairstylists, and cosmetologists",39-5012,575.2,607.4,32.2,5.6,35250.0,Postsecondary nondegree award,75.8,0.11,"Hairdressers, hairstylists, and cosmetologists",Low,39,Personal Care,,0.025911219710853195,0.16666666666666666,0.09628894318875993,False,Growing,0.175,0.22
"        Makeup artists, theatrical and performance",39-5091,7.0,7.6,0.6,8.1,50280.0,Postsecondary nondegree award,1.1,0.01,"Makeup artists, theatrical and performance",Low,39,Personal Care,,0.1024231317450621,0.16666666666666666,0.13454489920586438,False,Growing,0.18,0.22
        Manicurists and pedicurists,39-5092,210.1,224.8,14.7,7.0,34660.0,Postsecondary nondegree award,24.8,0.95,Manicurists and pedicurists,High,39,Personal Care,,0.022907758094074526,0.16666666666666666,0.09478721238037059,True,Growing,0.18,0.22
        Shampooers,39-5093,18.5,19.6,1.0,5.5,31470.0,No formal educational credential,2.7,0.79,Shampooers,High,39,Personal Care,0.0,0.006668702911830582,0.0,0.003334351455915291,True,Growing,0.18,0.22
        Skincare specialists,39-5094,97.4,103.9,6.6,6.7,41560.0,Postsecondary nondegree award,14.5,0.29,Skincare specialists,Low,39,Personal Care,,0.058032987171655476,0.16666666666666666,0.11234982691916107,False,Growing,0.18,0.22
      Baggage porters and bellhops,39-6011,32.5,32.0,-0.5,-1.6,36020.0,High school diploma or equivalent,4.6,0.83,Baggage porters and bellhops,High,39,Personal Care,1.0,0.029830991651394828,0.16666666666666666,0.09824882915903074,True,Declining,0.37,0.28
      Concierges,39-6012,45.6,46.7,1.1,2.3,37320.0,High school diploma or equivalent,6.8,0.21,Concierges,Low,39,Personal Care,1.0,0.036448788434127466,0.16666666666666666,0.10155772755039706,False,Growing,0.51,0.68
      Childcare workers,39-9011,991.6,962.4,-29.2,-2.9,32050.0,High school diploma or equivalent,160.2,0.084,Childcare workers,Low,39,Personal Care,1.0,0.009621258399511307,0.16666666666666666,0.08814396253308898,False,Declining,0.19,0.21
        Exercise trainers and group fitness instructors,39-9031,370.1,414.2,44.1,11.9,46180.0,High school diploma or equivalent,74.2,0.085,Fitness trainers and aerobics instructors,Low,39,Personal Care,1.0,0.0815516188149053,0.16666666666666666,0.12410914274078598,False,Growing,0.25,0.38
        Recreation workers,39-9032,327.7,341.1,13.4,4.1,35380.0,High school diploma or equivalent,68.1,0.0061,Recreation workers,Low,39,Personal Care,1.0,0.02657299938912644,0.16666666666666666,0.09661983302789655,False,Growing,0.21,0.12
      Residential advisors,39-9041,91.2,94.7,3.5,3.8,39180.0,High school diploma or equivalent,17.4,0.064,Residential advisors,Low,39,Personal Care,1.0,0.04591732844634494,0.16666666666666666,0.1062919975565058,False,Growing,0.21,0.12
      First-line supervisors of retail sales workers,41-1011,1432.6,1360.3,-72.3,-5.0,47320.0,High school diploma or equivalent,125.1,0.28,First-line supervisors of retail sales workers,Low,41,Sales,1.0,0.08735491753207086,0.16666666666666666,0.12701079209936877,False,Declining,0.36,0.42
      First-line supervisors of non-retail sales workers,41-1012,320.0,320.0,0.0,0.0,84130.0,High school diploma or equivalent,24.8,0.075,First-line supervisors of non-retail sales workers,Low,41,Sales,1.0,0.2747403787416005,0.16666666666666666,0.22070352270413357,False,Stable,0.49444444444444446,0.5633333333333334
        Cashiers,41-2011,3157.2,2843.6,-313.6,-9.9,31190.0,No formal educational credential,542.6,0.97,Cashiers,High,41,Sales,0.0,0.005243331297088177,0.0,0.0026216656485440887,True,Declining,0.39,0.26
        Gambling change persons and booth cashiers,41-2012,22.6,21.1,-1.5,-6.4,34810.0,No formal educational credential,4.0,0.83,Gaming change persons and booth cashiers,High,41,Sales,0.0,0.023671350030543686,0.0,0.011835675015271843,True,Declining,0.39,0.26
        Counter and rental clerks,41-2021,408.2,421.3,13.1,3.2,38540.0,No formal educational credential,45.9,0.97,Counter and rental clerks,High,41,Sales,0.0,0.04265933618407655,0.0,0.021329668092038276,True,Growing,,
        Parts salespersons,41-2022,272.1,280.6,8.5,3.1,37440.0,No formal educational credential,30.2,0.98,Parts salespersons,High,41,Sales,0.0,0.037059661983302794,0.0,0.018529830991651397,True,Growing,0.38,0.44
      Retail salespersons,41-2031,3936.7,3917.1,-19.6,-0.5,34580.0,No formal educational credential,555.8,0.92,Retail salespersons,High,41,Sales,0.0,0.022500509061290974,0.0,0.011250254530645487,True,Declining,0.38,0.44
      Advertising sales agents,41-3011,103.7,97.1,-6.6,-6.4,61460.0,High school diploma or equivalent,9.3,0.54,Advertising sales agents,Medium,41,Sales,1.0,0.15933618407656283,0.16666666666666666,0.16300142537161474,False,Declining,0.44,0.52
      Insurance sales agents,41-3021,568.8,589.8,21.1,3.7,60370.0,High school diploma or equivalent,47.0,0.92,Insurance sales agents,High,41,Sales,1.0,0.15378741600488696,0.16666666666666666,0.1602270413357768,False,Growing,0.53,0.46
"      Securities, commodities, and financial services sales agents",41-3031,514.5,531.6,17.1,3.3,78140.0,Bachelor's degree,38.1,0.016,"Securities, commodities, and financial services sales agents",Low,41,Sales,4.0,0.24424760741193238,0.6666666666666666,0.4554571370392995,False,Growing,0.535,0.62
      Travel agents,41-3041,65.7,67.2,1.4,2.2,48450.0,High school diploma or equivalent,7.1,0.099,Travel agents,Low,41,Sales,1.0,0.09310731012013845,0.16666666666666666,0.12988698839340257,False,Growing,0.5,0.63
"      Sales representatives, wholesale and manufacturing, technical and scientific products",41-4011,303.2,308.9,5.7,1.9,100070.0,Bachelor's degree,27.2,0.25,"Sales representatives, wholesale and manufacturing, technical and scientific products",Low,41,Sales,4.0,0.3558847485237223,0.6666666666666666,0.5112757075951945,False,Growing,0.5,0.5766666666666667
"      Sales representatives, wholesale and manufacturing, except technical and scientific products",41-4012,1310.5,1314.9,4.4,0.3,66780.0,High school diploma or equivalent,114.8,0.85,"Sales representatives, wholesale and manufacturing, except technical and scientific products",High,41,Sales,1.0,0.1864182447566687,0.16666666666666666,0.17654245571166768,False,Growing,0.49,0.63
        Demonstrators and product promoters,41-9011,79.2,79.1,-0.1,-0.1,37960.0,No formal educational credential,14.0,0.51,Demonstrators and product promoters,Medium,41,Sales,0.0,0.039706780696395855,0.0,0.019853390348197927,False,Declining,0.42,0.54
        Models,41-9012,6.7,6.7,0.0,-0.5,89990.0,No formal educational credential,1.2,0.98,Models,High,41,Sales,0.0,0.3045713703929953,0.0,0.15228568519649766,False,Declining,0.25,0.09
        Real estate brokers,41-9021,111.3,115.0,3.7,3.3,72280.0,High school diploma or equivalent,9.7,0.97,Real estate brokers,High,41,Sales,1.0,0.21441661576053758,0.16666666666666666,0.19054164121360212,False,Growing,0.35,0.38
        Real estate sales agents,41-9022,420.9,433.7,12.8,3.1,56320.0,High school diploma or equivalent,36.6,0.86,Real estate sales agents,High,41,Sales,1.0,0.1331704337202199,0.16666666666666666,0.14991855019344327,False,Growing,0.35,0.38
      Sales engineers,41-9031,56.8,59.9,3.1,5.5,121520.0,Bachelor's degree,5.0,0.0041,Sales engineers,Low,41,Sales,4.0,0.4650783954388109,0.6666666666666666,0.5658725310527388,False,Growing,0.51,0.55
      Telemarketers,41-9041,67.4,52.5,-14.9,-22.1,34410.0,No formal educational credential,6.5,0.99,Telemarketers,High,41,Sales,0.0,0.021635104866625954,0.0,0.010817552433312977,True,Declining,0.61,0.69
"        Door-to-door sales workers, news and street vendors, and related workers",41-9091,25.3,22.8,-2.5,-10.0,34530.0,No formal educational credential,2.7,0.94,"Door-to-door sales workers, news and street vendors, and related workers",High,41,Sales,0.0,0.022245978415801254,0.0,0.011122989207900627,True,Declining,0.3075,0.3025
      First-line supervisors of office and administrative support workers,43-1011,1558.4,1554.4,-3.9,-0.3,66140.0,High school diploma or equivalent,144.5,0.014,First-line supervisors of office and administrative support workers,Low,43,Office & Admin Support,1.0,0.18316025249440035,0.16666666666666666,0.1749134595805335,False,Declining,0.43,0.41
"      Switchboard operators, including answering service",43-2011,36.6,27.0,-9.6,-26.3,38370.0,High school diploma or equivalent,2.8,0.96,"Switchboard operators, including answering service",High,43,Office & Admin Support,1.0,0.04179393198941153,0.16666666666666666,0.1042302993280391,True,Declining,0.54,0.58
      Telephone operators,43-2021,4.0,2.9,-1.1,-27.5,39130.0,High school diploma or equivalent,0.3,0.97,Telephone operators,High,43,Office & Admin Support,1.0,0.04566279780085522,0.16666666666666666,0.10616473223376094,True,Declining,0.54,0.58
      Bill and account collectors,43-3011,166.9,149.4,-17.5,-10.5,46040.0,High school diploma or equivalent,13.7,0.95,Bill and account collectors,High,43,Office & Admin Support,1.0,0.08083893300753411,0.16666666666666666,0.12375279983710039,True,Declining,0.43,0.57
      Billing and posting clerks,43-3021,429.8,427.9,-1.9,-0.4,47170.0,High school diploma or equivalent,42.2,0.96,Billing and posting clerks,High,43,Office & Admin Support,1.0,0.0865913255956017,0.16666666666666666,0.12662899613113418,False,Declining,0.64,0.69
"      Bookkeeping, accounting, and auditing clerks",43-3031,1613.4,1519.1,-94.3,-5.8,49210.0,"Some college, no degree",170.0,0.98,"Bookkeeping, accounting, and auditing clerks",High,43,Office & Admin Support,2.0,0.09697617593158217,0.3333333333333333,0.21515475463245776,False,Declining,0.565,0.585
      Gambling cage workers,43-3041,14.1,13.4,-0.7,-5.0,36990.0,High school diploma or equivalent,1.3,0.39,Gaming cage workers,Medium,43,Office & Admin Support,1.0,0.03476888617389534,0.16666666666666666,0.100717776420281,False,Declining,0.45,0.52
      Payroll and timekeeping clerks,43-3051,161.1,134.2,-27.0,-16.7,55290.0,High school diploma or equivalent,13.0,0.97,Payroll and timekeeping clerks,High,43,Office & Admin Support,1.0,0.12792710242313174,0.16666666666666666,0.1472968845448992,False,Declining,0.61,0.62
      Procurement clerks,43-3061,61.9,56.6,-5.4,-8.7,48510.0,High school diploma or equivalent,4.6,0.98,Procurement clerks,High,43,Office & Admin Support,1.0,0.09341274689472612,0.16666666666666666,0.13003970678069637,False,Declining,0.6,0.68
      Tellers,43-3071,347.4,302.5,-44.9,-12.9,39340.0,High school diploma or equivalent,29.8,0.98,Tellers,High,43,Office & Admin Support,1.0,0.046731826511912045,0.16666666666666666,0.10669924658928935,True,Declining,0.58,0.72
      Brokerage clerks,43-4011,40.8,36.9,-3.9,-9.5,62940.0,High school diploma or equivalent,4.1,0.98,Brokerage clerks,High,43,Office & Admin Support,1.0,0.16687029118305843,0.16666666666666666,0.16676847892486255,False,Declining,0.64,0.66
      Correspondence clerks,43-4021,6.9,6.5,-0.4,-5.6,46740.0,High school diploma or equivalent,0.7,0.86,Correspondence clerks,High,43,Office & Admin Support,1.0,0.08440236204439014,0.16666666666666666,0.1255345143555284,True,Declining,0.6,0.72
"      Court, municipal, and license clerks",43-4031,180.4,185.9,5.5,3.0,47700.0,High school diploma or equivalent,18.5,0.46,"Court, municipal, and license clerks",Medium,43,Office & Admin Support,1.0,0.08928935043779271,0.16666666666666666,0.12797800855222968,False,Growing,0.43,0.63
"      Credit authorizers, checkers, and clerks",43-4041,12.0,11.3,-0.7,-6.2,49130.0,High school diploma or equivalent,1.0,0.97,"Credit authorizers, checkers, and clerks",High,43,Office & Admin Support,1.0,0.09656892689879862,0.16666666666666666,0.13161779678273264,False,Declining,0.64,0.66
      Customer service representatives,43-4051,2814.0,2660.3,-153.7,-5.5,42830.0,High school diploma or equivalent,341.7,0.55,Customer service representatives,Medium,43,Office & Admin Support,1.0,0.06449806556709428,0.16666666666666666,0.11558236611688047,False,Declining,0.58,0.72
"      Eligibility interviewers, government programs",43-4061,166.8,168.5,1.7,1.0,51500.0,High school diploma or equivalent,14.0,0.7,"Eligibility interviewers, government programs",High,43,Office & Admin Support,1.0,0.10863367949501121,0.16666666666666666,0.13765017308083893,False,Growing,0.435,0.515
      File clerks,43-4071,84.3,70.9,-13.4,-15.9,41270.0,High school diploma or equivalent,7.3,0.97,File clerks,High,43,Office & Admin Support,1.0,0.0565567094278151,0.16666666666666666,0.11161168804724088,True,Declining,0.37,0.44
"      Hotel, motel, and resort desk clerks",43-4081,264.2,274.0,9.9,3.7,34270.0,High school diploma or equivalent,43.6,0.94,"Hotel, motel, and resort desk clerks",High,43,Office & Admin Support,1.0,0.020922419059254738,0.16666666666666666,0.0937945428629607,True,Growing,0.51,0.68
"      Interviewers, except eligibility and loan",43-4111,164.3,145.1,-19.1,-11.6,43830.0,High school diploma or equivalent,15.8,0.94,"Interviewers, except eligibility and loan",High,43,Office & Admin Support,1.0,0.06958867847688863,0.16666666666666666,0.11812767257177764,True,Declining,0.55,0.71
"      Library assistants, clerical",43-4121,84.5,78.9,-5.6,-6.7,36010.0,High school diploma or equivalent,12.8,0.95,"Library assistants, clerical",High,43,Office & Admin Support,1.0,0.029780085522296884,0.16666666666666666,0.09822337609448177,True,Declining,0.46,0.4
      Loan interviewers and clerks,43-4131,177.6,173.5,-4.1,-2.3,48950.0,High school diploma or equivalent,13.3,0.92,Loan interviewers and clerks,High,43,Office & Admin Support,1.0,0.09565261657503563,0.16666666666666666,0.13115964162085114,False,Declining,0.64,0.66
      New accounts clerks,43-4141,38.9,33.8,-5.2,-13.2,46610.0,High school diploma or equivalent,2.3,0.99,New accounts clerks,High,43,Office & Admin Support,1.0,0.08374058236611687,0.16666666666666666,0.12520362451639178,True,Declining,0.64,0.66
      Order clerks,43-4151,89.5,74.1,-15.4,-17.2,44660.0,"Some college, no degree",8.0,0.98,Order clerks,High,43,Office & Admin Support,2.0,0.07381388719201792,0.3333333333333333,0.20357361026267562,False,Declining,0.63,0.72
"      Human resources assistants, except payroll and timekeeping",43-4161,95.2,88.4,-6.8,-7.1,49440.0,Associate's degree,9.0,0.9,"Human resources assistants, except payroll and timekeeping",High,43,Office & Admin Support,3.0,0.09814701690083485,0.5,0.2990735084504174,False,Declining,0.6,0.71
      Receptionists and information clerks,43-4171,1007.2,1007.6,0.3,0.0,37230.0,High school diploma or equivalent,128.5,0.96,Receptionists and information clerks,High,43,Office & Admin Support,1.0,0.03599063327224597,0.16666666666666666,0.10132864996945631,True,Stable,0.5733333333333333,0.6933333333333334
      Reservation and transportation ticket agents and travel clerks,43-4181,131.9,135.6,3.7,2.8,41460.0,High school diploma or equivalent,14.4,0.61,Reservation and transportation ticket agents and travel clerks,Medium,43,Office & Admin Support,1.0,0.057523925880676036,0.16666666666666666,0.11209529627367135,False,Growing,0.56,0.74
      Cargo and freight agents,43-5011,100.6,109.2,8.6,8.5,49900.0,High school diploma or equivalent,8.8,0.99,Cargo and freight agents,High,43,Office & Admin Support,1.0,0.10048869883934028,0.16666666666666666,0.13357768275300347,False,Growing,0.505,0.515
      Couriers and messengers,43-5021,247.2,267.6,20.4,8.2,38340.0,High school diploma or equivalent,27.9,0.94,Couriers and messengers,High,43,Office & Admin Support,1.0,0.0416412136021177,0.16666666666666666,0.10415394013439218,True,Growing,0.31,0.2925
        Public safety telecommunicators,43-5031,105.2,108.9,3.6,3.5,50730.0,High school diploma or equivalent,10.7,0.49,"Police, fire, and ambulance dispatchers",Medium,43,Office & Admin Support,1.0,0.10471390755446955,0.16666666666666666,0.1356902871105681,False,Growing,0.2,0.21
"        Dispatchers, except police, fire, and ambulance",43-5032,218.7,216.7,-2.1,-0.9,48880.0,High school diploma or equivalent,18.5,0.96,"Dispatchers, except police, fire, and ambulance",High,43,Office & Admin Support,1.0,0.09529627367135002,0.16666666666666666,0.13098147016900835,False,Declining,0.5,0.55
"      Meter readers, utilities",43-5041,20.1,17.7,-2.4,-12.0,49180.0,High school diploma or equivalent,1.3,0.85,"Meter readers, utilities",High,43,Office & Admin Support,1.0,0.09682345754428831,0.16666666666666666,0.13174506210547748,False,Declining,0.38,0.36
        Postal service clerks,43-5051,74.2,71.6,-2.6,-3.5,61630.0,No formal educational credential,6.1,0.95,Postal service clerks,High,43,Office & Admin Support,0.0,0.16020158827122785,0.0,0.08010079413561393,True,Declining,0.495,0.6
        Postal service mail carriers,43-5052,319.4,308.1,-11.3,-3.5,57490.0,No formal educational credential,20.6,0.68,Postal service mail carriers,Medium,43,Office & Admin Support,0.0,0.1391264508246793,0.0,0.06956322541233965,False,Declining,0.41,0.48
"        Postal service mail sorters, processors, and processing machine operators",43-5053,106.4,97.5,-8.9,-8.4,56530.0,No formal educational credential,7.8,0.79,"Postal service mail sorters, processors, and processing machine operators",High,43,Office & Admin Support,0.0,0.13423946243127674,0.0,0.06711973121563837,True,Declining,0.41,0.48
"      Production, planning, and expediting clerks",43-5061,388.8,381.7,-7.1,-1.8,57770.0,High school diploma or equivalent,34.1,0.88,"Production, planning, and expediting clerks",High,43,Office & Admin Support,1.0,0.1405518224394217,0.16666666666666666,0.15360924455304417,False,Declining,0.44,0.6
"      Shipping, receiving, and inventory clerks",43-5071,862.2,795.8,-66.3,-7.7,43190.0,High school diploma or equivalent,69.3,0.98,"Shipping, receiving, and traffic clerks",High,43,Office & Admin Support,1.0,0.06633068621462024,0.16666666666666666,0.11649867644064345,True,Declining,0.47,0.405
"      Weighers, measurers, checkers, and samplers, recordkeeping",43-5111,49.8,47.4,-2.4,-4.8,45650.0,High school diploma or equivalent,5.3,0.95,"Weighers, measurers, checkers, and samplers, recordkeeping",High,43,Office & Admin Support,1.0,0.07885359397271433,0.16666666666666666,0.12276013031969049,True,Declining,0.37,0.35
      Executive secretaries and executive administrative assistants,43-6011,502.8,494.9,-7.9,-1.6,74260.0,High school diploma or equivalent,50.0,0.86,Executive secretaries and executive administrative assistants,High,43,Office & Admin Support,1.0,0.22449602932193038,0.16666666666666666,0.19558134799429852,False,Declining,0.54,0.58
      Legal secretaries and administrative assistants,43-6012,156.3,147.3,-9.0,-5.8,54140.0,High school diploma or equivalent,19.6,0.98,Legal secretaries,High,43,Office & Admin Support,1.0,0.12207289757686826,0.16666666666666666,0.14436978212176746,False,Declining,0.55,0.64
      Medical secretaries and administrative assistants,43-6013,850.0,885.3,35.3,4.2,44640.0,High school diploma or equivalent,85.9,0.81,Medical secretaries,High,43,Office & Admin Support,1.0,0.07371207493382204,0.16666666666666666,0.12018937080024435,True,Growing,0.53,0.61
"      Secretaries and administrative assistants, except legal, medical, and executive",43-6014,1944.0,1913.2,-30.8,-1.6,46290.0,High school diploma or equivalent,202.8,0.96,"Secretaries and administrative assistants, except legal, medical, and executive",High,43,Office & Admin Support,1.0,0.08211158623498269,0.16666666666666666,0.12438912645082467,True,Declining,0.58,0.64
        Data entry keyers,43-9021,141.6,104.9,-36.7,-25.9,39850.0,High school diploma or equivalent,9.5,0.99,Data entry keyers,High,43,Office & Admin Support,1.0,0.049328039095907134,0.16666666666666666,0.1079973528812869,True,Declining,0.7,0.7
        Word processors and typists,43-9022,40.0,25.6,-14.4,-36.1,47850.0,High school diploma or equivalent,2.2,0.81,Word processors and typists,High,43,Office & Admin Support,1.0,0.09005294237426187,0.16666666666666666,0.12835980452046425,False,Declining,0.65,0.77
      Desktop publishers,43-9031,5.0,4.4,-0.6,-12.4,53620.0,Associate's degree,0.4,0.16,Desktop publishers,Low,43,Office & Admin Support,3.0,0.11942577886377517,0.5,0.3097128894318876,False,Declining,0.38,0.26
      Insurance claims and policy processing clerks,43-9041,256.7,247.2,-9.5,-3.7,48450.0,High school diploma or equivalent,20.3,0.98,Insurance claims and policy processing clerks,High,43,Office & Admin Support,1.0,0.09310731012013845,0.16666666666666666,0.12988698839340257,False,Declining,0.64,0.66
"      Mail clerks and mail machine operators, except postal service",43-9051,67.4,62.9,-4.4,-6.6,38150.0,High school diploma or equivalent,6.9,0.94,"Mail clerks and mail machine operators, except postal service",High,43,Office & Admin Support,1.0,0.04067399714925676,0.16666666666666666,0.10367033190796171,True,Declining,0.41,0.48
"      Office clerks, general",43-9061,2646.0,2468.2,-177.8,-6.7,43630.0,High school diploma or equivalent,282.4,0.96,"Office clerks, general",High,43,Office & Admin Support,1.0,0.06857055589492975,0.16666666666666666,0.1176186112807982,True,Declining,0.6,0.68
"      Office machine operators, except computer",43-9071,25.5,21.6,-3.9,-15.2,39020.0,High school diploma or equivalent,2.8,0.92,"Office machine operators, except computer",High,43,Office & Admin Support,1.0,0.045102830380777836,0.16666666666666666,0.10588474852372225,True,Declining,0.37,0.44
      Proofreaders and copy markers,43-9081,12.0,11.9,-0.1,-0.6,49210.0,Bachelor's degree,1.9,0.84,Proofreaders and copy markers,High,43,Office & Admin Support,4.0,0.09697617593158217,0.6666666666666666,0.3818214212991244,False,Declining,0.51,0.65
      Statistical assistants,43-9111,6.5,6.3,-0.2,-2.5,51440.0,Bachelor's degree,0.8,0.66,Statistical assistants,Medium,43,Office & Admin Support,4.0,0.10832824272042355,0.6666666666666666,0.3874974546935451,False,Declining,0.57,0.48
"      First-line supervisors of farming, fishing, and forestry workers",45-1011,65.4,67.0,1.6,2.5,59330.0,High school diploma or equivalent,8.5,0.57,"First-line supervisors of farming, fishing, and forestry workers",Medium,45,Farming & Fishing,1.0,0.1484931785787009,0.16666666666666666,0.15757992262268378,False,Growing,0.17461538461538462,0.2030769230769231
      Agricultural inspectors,45-2011,14.7,14.9,0.2,1.5,50990.0,Bachelor's degree,2.2,0.94,Agricultural inspectors,High,45,Farming & Fishing,4.0,0.10603746691101609,0.6666666666666666,0.3863520667888414,False,Growing,0.3033333333333333,0.34
      Animal breeders,45-2021,7.9,8.1,0.2,2.4,52000.0,High school diploma or equivalent,1.2,0.95,Animal breeders,High,45,Farming & Fishing,1.0,0.11117898594990835,0.16666666666666666,0.1389228263082875,False,Growing,0.19833333333333333,0.235
"      Graders and sorters, agricultural products",45-2041,38.9,36.8,-2.1,-5.4,35430.0,No formal educational credential,5.1,0.41,"Graders and sorters, agricultural products",Medium,45,Farming & Fishing,0.0,0.02682753003461616,0.0,0.01341376501730808,False,Declining,0.18666666666666668,0.18000000000000002
      Forest and conservation workers,45-4011,10.8,10.3,-0.5,-4.7,43680.0,High school diploma or equivalent,2.0,0.87,Forest and conservation workers,High,45,Farming & Fishing,1.0,0.06882508654041947,0.16666666666666666,0.11774587660354306,True,Declining,0.105,0.125
        Fallers,45-4021,5.6,5.2,-0.4,-7.3,53900.0,High school diploma or equivalent,0.7,0.76,Fallers,High,45,Farming & Fishing,1.0,0.1208511504785176,0.16666666666666666,0.14375890857259213,False,Declining,0.12,0.14
        Logging equipment operators,45-4022,30.9,30.5,-0.4,-1.4,49210.0,High school diploma or equivalent,4.2,0.79,Logging equipment operators,High,45,Farming & Fishing,1.0,0.09697617593158217,0.16666666666666666,0.1318214212991244,False,Declining,0.12,0.13
        Log graders and scalers,45-4023,4.6,4.6,0.0,-0.7,46710.0,High school diploma or equivalent,0.6,0.97,Log graders and scalers,High,45,Farming & Fishing,1.0,0.08424964365709631,0.16666666666666666,0.12545815516188147,True,Declining,0.12,0.14
      First-line supervisors of construction trades and extraction workers,47-1011,921.6,970.6,49.0,5.3,78690.0,High school diploma or equivalent,74.4,0.17,First-line supervisors of construction trades and extraction workers,Low,47,Construction & Extraction,1.0,0.24704744451231928,0.16666666666666666,0.20685705558949297,False,Growing,0.28500000000000003,0.25
      Boilermakers,47-2011,10.4,10.1,-0.2,-2.4,73340.0,High school diploma or equivalent,0.8,0.68,Boilermakers,Medium,47,Construction & Extraction,1.0,0.2198126654449196,0.16666666666666666,0.19323966605579312,False,Declining,0.21,0.21
        Brickmasons and blockmasons,47-2021,74.1,76.4,2.4,3.2,60800.0,High school diploma or equivalent,5.6,0.82,Brickmasons and blockmasons,High,47,Construction & Extraction,1.0,0.15597637955609853,0.16666666666666666,0.1613215231113826,False,Growing,0.09,0.1
        Stonemasons,47-2022,12.1,11.8,-0.4,-3.0,51990.0,High school diploma or equivalent,0.8,0.89,Stonemasons,High,47,Construction & Extraction,1.0,0.11112807982081044,0.16666666666666666,0.13889737324373855,False,Declining,0.11,0.12
      Carpenters,47-2031,959.0,1002.1,43.1,4.5,59310.0,High school diploma or equivalent,74.1,0.72,Carpenters,High,47,Construction & Extraction,1.0,0.148391366320505,0.16666666666666666,0.15752901649358583,False,Growing,0.13,0.13
        Carpet installers,47-2041,20.3,18.3,-1.9,-9.6,49850.0,No formal educational credential,1.1,0.87,Carpet Installers,High,47,Construction & Extraction,0.0,0.10023416819385053,0.0,0.050117084096925266,True,Declining,0.1,0.1
"        Floor layers, except carpet, wood, and hard tiles",47-2042,33.7,36.9,3.2,9.5,54340.0,No formal educational credential,2.7,0.79,"Floor layers, except carpet, wood, and hard tiles",High,47,Construction & Extraction,0.0,0.12309102015882714,0.0,0.06154551007941357,True,Growing,0.1,0.1
        Floor sanders and finishers,47-2043,5.6,5.8,0.1,2.6,49150.0,No formal educational credential,0.4,0.87,Floor sanders and finishers,High,47,Construction & Extraction,0.0,0.0966707391569945,0.0,0.04833536957849725,True,Growing,0.1,0.1
        Tile and stone setters,47-2044,52.6,58.0,5.3,10.1,52240.0,No formal educational credential,4.2,0.75,Tile and marble setters,High,47,Construction & Extraction,0.0,0.11240073304825901,0.0,0.056200366524129505,True,Growing,0.1,0.1
        Cement masons and concrete finishers,47-2051,206.7,210.4,3.8,1.8,54660.0,No formal educational credential,14.3,0.94,Cement masons and concrete finishers,High,47,Construction & Extraction,0.0,0.1247200162899613,0.0,0.06236000814498065,True,Growing,0.1,0.09
        Terrazzo workers and finishers,47-2053,1.5,1.3,-0.2,-11.1,57260.0,High school diploma or equivalent,0.1,0.88,Terrazzo workers and finishers,High,47,Construction & Extraction,1.0,0.13795560985542657,0.16666666666666666,0.1523111382610466,False,Declining,0.1,0.09
      Construction laborers,47-2061,1457.0,1563.4,106.5,7.3,46730.0,No formal educational credential,129.4,0.88,Construction labourers,High,47,Construction & Extraction,0.0,0.0843514559152922,0.0,0.0421757279576461,True,Growing,0.09,0.1
"        Paving, surfacing, and tamping equipment operators",47-2071,47.0,48.6,1.5,3.2,51650.0,High school diploma or equivalent,4.0,0.83,"Paving, surfacing, and tamping equipment operators",High,47,Construction & Extraction,1.0,0.10939727143148034,0.16666666666666666,0.1380319690490735,False,Growing,0.13,0.12
        Pile driver operators,47-2072,3.2,3.3,0.1,4.3,70510.0,High school diploma or equivalent,0.3,0.82,Pile-driver operators,High,47,Construction & Extraction,1.0,0.20540623091020158,0.16666666666666666,0.18603644878843412,False,Growing,0.13,0.12
        Operating engineers and other construction equipment operators,47-2073,489.3,507.1,17.8,3.6,58710.0,High school diploma or equivalent,41.9,0.95,Operating engineers and other construction equipment operators,High,47,Construction & Extraction,1.0,0.14533699857462837,0.16666666666666666,0.1560018326206475,False,Growing,0.13,0.12
        Drywall and ceiling tile installers,47-2081,103.1,107.4,4.3,4.2,58140.0,No formal educational credential,7.7,0.79,Drywall and ceiling tile installers,High,47,Construction & Extraction,0.0,0.1424353492160456,0.0,0.0712176746080228,True,Growing,0.11,0.12
        Tapers,47-2082,15.6,15.6,0.0,0.1,64700.0,No formal educational credential,1.1,0.62,Tapers,Medium,47,Construction & Extraction,0.0,0.17582976990429647,0.0,0.08791488495214823,False,Growing,0.11,0.12
      Electricians,47-2111,818.7,896.1,77.4,9.5,62350.0,High school diploma or equivalent,81.0,0.15,Electricians,Low,47,Construction & Extraction,1.0,0.16386682956627976,0.16666666666666666,0.1652667481164732,False,Growing,0.19,0.18
      Glaziers,47-2121,60.5,62.5,2.0,3.3,55440.0,High school diploma or equivalent,5.1,0.73,Glaziers,High,47,Construction & Extraction,1.0,0.12869069435960087,0.16666666666666666,0.14767868051313376,False,Growing,0.14,0.1
"        Insulation workers, floor, ceiling, and wall",47-2131,40.2,41.7,1.5,3.8,48680.0,No formal educational credential,3.4,0.83,"Insulation workers, floor, ceiling, and wall",High,47,Construction & Extraction,0.0,0.09427815108939117,0.0,0.04713907554469558,True,Growing,0.13,0.12
"        Insulation workers, mechanical",47-2132,27.2,28.5,1.3,4.7,57250.0,High school diploma or equivalent,2.3,0.64,"Insulation workers, mechanical",Medium,47,Construction & Extraction,1.0,0.13790470372632865,0.16666666666666666,0.15228568519649766,False,Growing,0.13,0.12
"        Painters, construction and maintenance",47-2141,342.2,355.2,13.0,3.8,48660.0,No formal educational credential,28.1,0.75,"Painters, construction and maintenance",High,47,Construction & Extraction,0.0,0.09417633883119528,0.0,0.04708816941559764,True,Growing,0.13,0.12
        Paperhangers,47-2142,2.3,2.5,0.1,5.3,48260.0,No formal educational credential,0.2,0.87,Paperhangers,High,47,Construction & Extraction,0.0,0.09214009366727755,0.0,0.04607004683363877,True,Growing,0.13,0.12
        Pipelayers,47-2151,34.4,32.9,-1.4,-4.1,48710.0,No formal educational credential,2.4,0.62,Pipelayers,Medium,47,Construction & Extraction,0.0,0.094430869476685,0.0,0.0472154347383425,False,Declining,0.18,0.16
"        Plumbers, pipefitters, and steamfitters",47-2152,504.5,527.2,22.7,4.5,62970.0,High school diploma or equivalent,44.0,0.35,"Plumbers, pipefitters, and steamfitters",Medium,47,Construction & Extraction,1.0,0.1670230095703523,0.16666666666666666,0.16684483811850948,False,Growing,0.18,0.16
      Plasterers and stucco masons,47-2161,24.2,25.2,1.0,4.1,56020.0,No formal educational credential,1.9,0.84,Plasterers and stucco masons,High,47,Construction & Extraction,0.0,0.13164324984728162,0.0,0.06582162492364081,True,Growing,0.11,0.12
      Reinforcing iron and rebar workers,47-2171,19.4,20.3,0.9,4.6,59280.0,High school diploma or equivalent,1.5,0.9,Reinforcing iron and rebar workers,High,47,Construction & Extraction,1.0,0.14823864793321115,0.16666666666666666,0.1574526572999389,False,Growing,0.11,0.12
      Roofers,47-2181,166.7,176.5,9.8,5.9,50970.0,No formal educational credential,12.7,0.9,Roofers,High,47,Construction & Extraction,0.0,0.1059356546528202,0.0,0.0529678273264101,True,Growing,0.13,0.11
      Sheet metal workers,47-2211,127.0,130.1,3.1,2.4,60850.0,High school diploma or equivalent,10.6,0.82,Sheet metal workers,High,47,Construction & Extraction,1.0,0.15623091020158827,0.16666666666666666,0.16144878843412747,False,Growing,0.21,0.21
      Structural iron and steel workers,47-2221,65.7,68.6,2.9,4.4,62700.0,High school diploma or equivalent,5.5,0.83,Structural iron and steel workers,High,47,Construction & Extraction,1.0,0.16564854408470778,0.16666666666666666,0.16615760537568722,False,Growing,0.11,0.12
"      Helpers--brickmasons, blockmasons, stonemasons, and tile and marble setters",47-3011,16.1,14.4,-1.7,-10.5,46480.0,No formal educational credential,1.4,0.83,"Helpers–brickmasons, blockmasons, stonemasons, and tile and marble setters",High,47,Construction & Extraction,0.0,0.08307880268784362,0.0,0.04153940134392181,True,Declining,0.09,0.1
      Helpers--carpenters,47-3012,25.2,26.4,1.1,4.5,41600.0,No formal educational credential,2.7,0.92,Helpers–carpenters,High,47,Construction & Extraction,0.0,0.05823661168804725,0.0,0.029118305844023626,True,Growing,0.09,0.1
      Helpers--electricians,47-3013,66.6,66.7,0.1,0.2,39890.0,High school diploma or equivalent,6.8,0.74,Helpers–electricians,High,47,Construction & Extraction,1.0,0.04953166361229891,0.16666666666666666,0.10809916513948278,True,Growing,0.09,0.1
"      Helpers--painters, paperhangers, plasterers, and stucco masons",47-3014,7.4,7.6,0.2,2.3,38140.0,No formal educational credential,0.8,0.94,"Helpers–painters, paperhangers, plasterers, and stucco masons",High,47,Construction & Extraction,0.0,0.04062309102015882,0.0,0.02031154551007941,True,Growing,0.09,0.1
"      Helpers--pipelayers, plumbers, pipefitters, and steamfitters",47-3015,45.3,47.5,2.2,4.9,39270.0,High school diploma or equivalent,4.9,0.57,"Helpers–pipelayers, plumbers, pipefitters, and steamfitters",Medium,47,Construction & Extraction,1.0,0.04637548360822644,0.16666666666666666,0.10652107513744655,False,Growing,0.09,0.1
      Helpers--roofers,47-3016,5.2,5.5,0.3,5.7,40590.0,No formal educational credential,0.6,0.72,Helpers–roofers,High,47,Construction & Extraction,0.0,0.05309509264915496,0.0,0.02654754632457748,True,Growing,0.09,0.1
      Construction and building inspectors,47-4011,147.6,146.5,-1.2,-0.8,72120.0,High school diploma or equivalent,14.8,0.63,Construction and building inspectors,Medium,47,Construction & Extraction,1.0,0.21360211769497048,0.16666666666666666,0.19013439218081857,False,Declining,0.28,0.31
      Elevator and escalator installers and repairers,47-4021,24.2,25.4,1.2,5.0,106580.0,High school diploma or equivalent,2.0,0.39,Elevator installers and repairers,Medium,47,Construction & Extraction,1.0,0.3890246385664834,0.16666666666666666,0.277845652616575,False,Growing,0.17,0.14
      Fence erectors,47-4031,26.4,27.6,1.2,4.6,46940.0,No formal educational credential,2.3,0.92,Fence erectors,High,47,Construction & Extraction,0.0,0.08542048462634902,0.0,0.04271024231317451,True,Growing,0.09,0.08
      Hazardous materials removal workers,47-4041,51.3,51.8,0.5,1.0,48490.0,High school diploma or equivalent,5.0,0.53,Hazardous materials removal workers,Medium,47,Construction & Extraction,1.0,0.09331093463653023,0.16666666666666666,0.12998880065159846,False,Growing,0.09,0.08
      Highway maintenance workers,47-4051,159.1,163.9,4.8,3.0,49070.0,High school diploma or equivalent,12.3,0.87,Highway maintenance workers,High,47,Construction & Extraction,1.0,0.09626349012421095,0.16666666666666666,0.1314650783954388,False,Growing,0.09,0.1
      Rail-track laying and maintenance equipment operators,47-4061,15.0,15.3,0.2,1.6,67370.0,High school diploma or equivalent,1.1,0.89,Rail-track laying and maintenance equipment operators,High,47,Construction & Extraction,1.0,0.18942170637344738,0.16666666666666666,0.17804418652005702,False,Growing,0.09,0.1
      Septic tank servicers and sewer pipe cleaners,47-4071,30.4,32.7,2.3,7.6,49140.0,High school diploma or equivalent,2.9,0.83,Septic tank servicers and sewer pipe cleaners,High,47,Construction & Extraction,1.0,0.09661983302789653,0.16666666666666666,0.1316432498472816,False,Growing,0.1,0.12
"        Derrick operators, oil and gas",47-5011,11.3,11.3,0.1,0.5,62740.0,No formal educational credential,1.0,0.8,"Derrick operators, oil and gas",High,47,Construction & Extraction,0.0,0.16585216860109955,0.0,0.08292608430054978,True,Growing,0.19,0.22
"        Rotary drill operators, oil and gas",47-5012,13.3,13.4,0.0,0.2,65010.0,No formal educational credential,1.2,0.53,"Rotary drill operators, oil and gas",Medium,47,Construction & Extraction,0.0,0.1774078599063327,0.0,0.08870392995316635,False,Growing,0.19,0.22
"        Service unit operators, oil and gas",47-5013,45.2,45.4,0.2,0.4,57980.0,No formal educational credential,4.1,0.93,"Service unit operators, oil, gas, and mining",High,47,Construction & Extraction,0.0,0.14162085115047854,0.0,0.07081042557523927,True,Growing,0.19,0.22
        Continuous mining machine operators,47-5041,14.9,15.0,0.1,0.6,63380.0,No formal educational credential,1.6,0.54,Continuous mining machine operators,Medium,47,Construction & Extraction,0.0,0.16911016086336797,0.0,0.08455508043168398,False,Growing,0.17,0.24
"      Rock splitters, quarry",47-5051,3.2,3.4,0.1,4.4,47460.0,No formal educational credential,0.4,0.96,"Rock splitters, quarry",High,47,Construction & Extraction,0.0,0.08806760333944208,0.0,0.04403380166972104,True,Growing,0.17,0.24
"      Roustabouts, oil and gas",47-5071,46.0,47.1,1.1,2.5,47510.0,No formal educational credential,4.3,0.68,"Roustabouts, oil and gas",Medium,47,Construction & Extraction,0.0,0.08832213398493177,0.0,0.044161066992465886,False,Growing,0.19,0.22
      Helpers--extraction workers,47-5081,7.0,6.9,-0.1,-1.7,48400.0,High school diploma or equivalent,0.7,0.37,Helpers–extraction workers,Medium,47,Construction & Extraction,1.0,0.09285277947464873,0.16666666666666666,0.1297597230706577,False,Declining,0.11,0.13
"      First-line supervisors of mechanics, installers, and repairers",49-1011,617.5,636.5,19.1,3.1,78300.0,High school diploma or equivalent,52.4,0.003,"First-line supervisors of mechanics, installers, and repairers",Low,49,Installation & Repair,1.0,0.2450621054774995,0.16666666666666666,0.20586438607208307,False,Growing,0.18545454545454546,0.15727272727272726
"      Computer, automated teller, and office machine repairers",49-2011,79.1,78.4,-0.7,-0.9,46860.0,"Some college, no degree",7.6,0.74,"Computer, automated teller, and office machine repairers",High,49,Installation & Repair,2.0,0.08501323559356547,0.3333333333333333,0.2091732844634494,False,Declining,0.245,0.20500000000000002
"        Radio, cellular, and tower equipment installers and repairers",49-2021,11.7,12.7,1.0,8.6,64190.0,Associate's degree,1.2,0.93,"Radio, cellular, and tower equipment installers and repairs",High,49,Installation & Repair,3.0,0.17323355732030135,0.5,0.33661677866015066,False,Growing,0.24,0.16
"        Telecommunications equipment installers and repairers, except line installers",49-2022,156.9,150.4,-6.6,-4.2,62630.0,Postsecondary nondegree award,13.2,0.36,"Telecommunications equipment installers and repairers, except line installers",Medium,49,Installation & Repair,,0.1652922011810222,0.16666666666666666,0.16597943392384443,False,Declining,0.24,0.16
        Avionics technicians,49-2091,21.4,23.1,1.7,8.2,81390.0,Postsecondary nondegree award,1.8,0.7,Avionics technicians,High,49,Installation & Repair,,0.260792099368764,0.16666666666666666,0.21372938301771532,False,Growing,0.25,0.25
"        Electric motor, power tool, and related repairers",49-2092,17.1,17.7,0.6,3.4,53990.0,High school diploma or equivalent,1.7,0.76,"Electric motor, power tool, and related repairers",High,49,Installation & Repair,1.0,0.12130930564039913,0.16666666666666666,0.1439879861535329,False,Growing,0.17,0.14
"        Electrical and electronics installers and repairers, transportation equipment",49-2093,7.0,7.4,0.4,6.1,82730.0,Postsecondary nondegree award,0.6,0.91,"Electrical and electronics installers and repairers, transportation equipment",High,49,Installation & Repair,,0.26761352066788846,0.16666666666666666,0.21714009366727755,False,Growing,0.22,0.18333333333333335
"        Electrical and electronics repairers, commercial and industrial equipment",49-2094,61.1,60.7,-0.5,-0.8,71300.0,Postsecondary nondegree award,4.7,0.41,"Electrical and electronics repairers, commercial and industrial equipment",Medium,49,Installation & Repair,,0.20942781510893912,0.16666666666666666,0.1880472408878029,False,Declining,0.21000000000000002,0.195
"        Electrical and electronics repairers, powerhouse, substation, and relay",49-2095,23.4,24.7,1.3,5.5,100940.0,Postsecondary nondegree award,2.0,0.38,"Electrical and electronics repairers, powerhouse, substation, and relay",Medium,49,Installation & Repair,,0.3603135817552433,0.16666666666666666,0.26349012421095497,False,Growing,0.21000000000000002,0.195
"        Electronic equipment installers and repairers, motor vehicles",49-2096,10.3,8.9,-1.4,-13.6,47940.0,High school diploma or equivalent,0.6,0.61,"Electronic equipment installers and repairers, motor vehicles",Medium,49,Installation & Repair,1.0,0.09051109753614334,0.16666666666666666,0.128588882101405,False,Declining,0.21000000000000002,0.195
        Audiovisual equipment installers and repairers,49-2097,24.6,26.3,1.6,6.6,50620.0,Postsecondary nondegree award,2.6,0.65,Electronic home entertainment equipment installers and repairers,Medium,49,Installation & Repair,,0.10415394013439219,0.16666666666666666,0.13541030340052942,False,Growing,0.24,0.16
        Security and fire alarm systems installers,49-2098,85.9,94.9,8.9,10.4,59300.0,High school diploma or equivalent,9.4,0.82,Security and fire alarm systems installers,High,49,Installation & Repair,1.0,0.14834046019140704,0.16666666666666666,0.15750356342903685,False,Growing,0.17,0.14
      Aircraft mechanics and service technicians,49-3011,139.4,145.0,5.6,4.0,78680.0,Postsecondary nondegree award,11.3,0.71,Aircraft mechanics and service technicians,High,49,Installation & Repair,,0.24699653838322136,0.16666666666666666,0.206831602524944,False,Growing,0.19,0.16
        Automotive body and related repairers,49-3021,172.6,175.4,2.8,1.6,51680.0,High school diploma or equivalent,14.6,0.91,Automotive body and related repairers,High,49,Installation & Repair,1.0,0.1095499898187742,0.16666666666666666,0.13810832824272043,False,Growing,0.18,0.14
        Automotive glass installers and repairers,49-3022,20.4,21.1,0.7,3.6,47260.0,High school diploma or equivalent,1.4,0.55,Automotive glass installers and repairers,Medium,49,Installation & Repair,1.0,0.0870494807574832,0.16666666666666666,0.12685807371207491,False,Growing,0.18,0.14
        Automotive service technicians and mechanics,49-3023,805.6,839.2,33.6,4.2,49670.0,Postsecondary nondegree award,70.0,0.59,Automotive service technicians and mechanics,Medium,49,Installation & Repair,,0.09931785787008754,0.16666666666666666,0.1329922622683771,False,Growing,0.18,0.14
      Bus and truck mechanics and diesel engine specialists,49-3031,319.9,327.7,7.8,2.4,60640.0,High school diploma or equivalent,26.5,0.73,Bus and truck mechanics and diesel engine specialists,High,49,Installation & Repair,1.0,0.15516188149053148,0.16666666666666666,0.16091427407859907,False,Growing,0.18,0.14
        Farm equipment mechanics and service technicians,49-3041,39.0,43.3,4.3,11.0,52080.0,High school diploma or equivalent,3.7,0.75,Farm equipment mechanics and service technicians,High,49,Installation & Repair,1.0,0.1115862349826919,0.16666666666666666,0.13912645082467928,False,Growing,0.17,0.19
"        Mobile heavy equipment mechanics, except engines",49-3042,188.7,199.6,10.9,5.8,63980.0,High school diploma or equivalent,16.5,0.4,"Mobile heavy equipment mechanics, except engines",Medium,49,Installation & Repair,1.0,0.17216452860924455,0.16666666666666666,0.1694155976379556,False,Growing,0.17,0.19
        Rail car repairers,49-3043,17.9,18.4,0.5,2.8,65680.0,High school diploma or equivalent,1.5,0.88,Rail car repairers,High,49,Installation & Repair,1.0,0.18081857055589493,0.16666666666666666,0.1737426186112808,False,Growing,0.17,0.19
        Motorboat mechanics and service technicians,49-3051,26.2,27.8,1.6,6.0,54950.0,High school diploma or equivalent,2.6,0.66,Motorboat mechanics and service technicians,Medium,49,Installation & Repair,1.0,0.12619629403380164,0.16666666666666666,0.14643148035023415,False,Growing,0.18,0.14
        Motorcycle mechanics,49-3052,14.9,15.7,0.8,5.3,47200.0,Postsecondary nondegree award,1.5,0.79,Motorcycle mechanics,High,49,Installation & Repair,,0.08674404398289554,0.16666666666666666,0.1267053553247811,False,Growing,0.18,0.14
        Outdoor power equipment and other small engine mechanics,49-3053,36.9,37.8,0.9,2.5,46560.0,High school diploma or equivalent,3.5,0.93,Outdoor power equipment and other small engine mechanics,High,49,Installation & Repair,1.0,0.08348605172062717,0.16666666666666666,0.1250763591936469,True,Growing,0.175,0.14
        Bicycle repairers,49-3091,13.2,12.9,-0.3,-2.3,40360.0,High school diploma or equivalent,1.6,0.94,Bicycle repairers,High,49,Installation & Repair,1.0,0.05192425167990225,0.16666666666666666,0.10929545917328445,True,Declining,0.13,0.09
        Recreational vehicle service technicians,49-3092,19.5,21.7,2.2,11.5,50540.0,High school diploma or equivalent,2.8,0.59,Recreational vehicle service technicians,Medium,49,Installation & Repair,1.0,0.10374669110160864,0.16666666666666666,0.13520667888413765,False,Growing,0.18,0.14
        Tire repairers and changers,49-3093,113.4,119.9,6.5,5.7,37120.0,High school diploma or equivalent,15.3,0.7,Tire repairers and changers,High,49,Installation & Repair,1.0,0.035430665852168614,0.16666666666666666,0.10104866625941764,True,Growing,0.18,0.14
        Mechanical door repairers,49-9011,28.4,31.7,3.2,11.4,51050.0,High school diploma or equivalent,2.7,0.91,Mechanical door repairers,High,49,Installation & Repair,1.0,0.10634290368560376,0.16666666666666666,0.1365047851761352,False,Growing,0.17,0.14
"        Control and valve installers and repairers, except mechanical door",49-9012,47.7,48.3,0.6,1.3,74690.0,High school diploma or equivalent,3.9,0.63,"Control and valve installers and repairers, except mechanical door",Medium,49,Installation & Repair,1.0,0.22668499287314195,0.16666666666666666,0.1966758297699043,False,Growing,0.17,0.14
"      Heating, air conditioning, and refrigeration mechanics and installers",49-9021,425.2,459.7,34.5,8.1,59810.0,Postsecondary nondegree award,40.1,0.65,"Heating, air conditioning, and refrigeration mechanics and installers",Medium,49,Installation & Repair,,0.15093667277540215,0.16666666666666666,0.1588016697210344,False,Growing,0.21,0.18
      Home appliance repairers,49-9031,37.3,38.3,1.0,2.6,49410.0,High school diploma or equivalent,3.1,0.72,Home appliance repairers,High,49,Installation & Repair,1.0,0.09799429851354105,0.16666666666666666,0.13233048259010385,False,Growing,0.17,0.14
        Industrial machinery mechanics,49-9041,439.6,510.3,70.7,16.1,63760.0,High school diploma or equivalent,45.7,0.67,Industrial machinery mechanics,Medium,49,Installation & Repair,1.0,0.1710445937690898,0.16666666666666666,0.16885563021787822,False,Growing,0.17,0.19
"        Maintenance workers, machinery",49-9043,57.5,55.9,-1.6,-2.8,60500.0,High school diploma or equivalent,4.8,0.86,"Maintenance workers, machinery",High,49,Installation & Repair,1.0,0.15444919568316026,0.16666666666666666,0.16055793117491346,False,Declining,0.17,0.19
        Millwrights,49-9044,41.3,41.3,0.0,0.0,65170.0,High school diploma or equivalent,3.6,0.59,Millwrights,Medium,49,Installation & Repair,1.0,0.1782223579718998,0.16666666666666666,0.17244451231928323,False,Stable,0.17,0.19
"        Refractory materials repairers, except brickmasons",49-9045,1.1,0.9,-0.2,-16.9,58540.0,High school diploma or equivalent,0.1,0.82,"Refractory materials repairers, except brickmasons",High,49,Installation & Repair,1.0,0.14447159437996335,0.16666666666666666,0.155569130523315,False,Declining,0.13,0.14500000000000002
        Electrical power-line installers and repairers,49-9051,127.4,135.8,8.4,6.6,92560.0,High school diploma or equivalent,10.7,0.097,Electrical power-line installers and repairers,Low,49,Installation & Repair,1.0,0.3176542455711667,0.16666666666666666,0.24216045611891668,False,Growing,0.15,0.14
        Telecommunications line installers and repairers,49-9052,99.9,96.8,-3.1,-3.1,70500.0,High school diploma or equivalent,8.9,0.49,Telecommunications line installers and repairers,Medium,49,Installation & Repair,1.0,0.20535532478110366,0.16666666666666666,0.18601099572388516,False,Declining,0.24,0.16
        Camera and photographic equipment repairers,49-9061,2.3,1.9,-0.3,-15.1,49300.0,High school diploma or equivalent,0.2,0.97,Camera and photographic equipment repairers,High,49,Installation & Repair,1.0,0.09743433109346364,0.16666666666666666,0.13205049888006515,False,Declining,0.21,0.18
        Medical equipment repairers,49-9062,68.0,76.8,8.8,12.9,62630.0,Associate's degree,7.3,0.27,Medical equipment repairers,Low,49,Installation & Repair,3.0,0.1652922011810222,0.5,0.3326461005905111,False,Growing,0.21,0.18
        Musical instrument repairers and tuners,49-9063,6.2,6.3,0.1,1.4,45320.0,High school diploma or equivalent,0.6,0.91,Musical instrument repairers and tuners,High,49,Installation & Repair,1.0,0.07717369171248217,0.16666666666666666,0.12192017918957442,True,Growing,0.14,0.1
        Watch and clock repairers,49-9064,1.4,1.4,0.0,-1.1,60690.0,High school diploma or equivalent,0.1,0.99,Watch repairers,High,49,Installation & Repair,1.0,0.15541641213602117,0.16666666666666666,0.1610415394013439,False,Declining,0.21,0.18
"      Maintenance and repair workers, general",49-9071,1629.7,1692.1,62.4,3.8,48620.0,High school diploma or equivalent,159.8,0.64,"Maintenance and repair workers, general",Medium,49,Installation & Repair,1.0,0.0939727143148035,0.16666666666666666,0.13031969049073508,False,Growing,0.11,0.09
"        Coin, vending, and amusement machine servicers and repairers",49-9091,32.5,31.6,-0.9,-2.9,47350.0,High school diploma or equivalent,3.5,0.94,"Coin, vending, and amusement machine servicers and repairers",High,49,Installation & Repair,1.0,0.0875076359193647,0.16666666666666666,0.12708715129301568,False,Declining,0.38,0.36
        Commercial divers,49-9092,4.2,4.5,0.4,8.5,61130.0,Postsecondary nondegree award,0.4,0.18,Commercial divers,Low,49,Installation & Repair,,0.1576562818163307,0.16666666666666666,0.16216147424149868,False,Growing,0.16,0.18
        Locksmiths and safe repairers,49-9094,18.8,17.2,-1.6,-8.3,50490.0,High school diploma or equivalent,1.7,0.77,Locksmiths and safe repairers,High,49,Installation & Repair,1.0,0.10349216045611889,0.16666666666666666,0.13507941356139277,False,Declining,0.2,0.21
        Manufactured building and mobile home installers,49-9095,3.1,3.3,0.2,5.9,41080.0,High school diploma or equivalent,0.3,0.18,Manufactured building and mobile home installers,Low,49,Installation & Repair,1.0,0.05558949297495419,0.16666666666666666,0.11112807982081042,False,Growing,0.09,0.08
        Riggers,49-9096,24.6,25.4,0.8,3.2,62060.0,High school diploma or equivalent,2.5,0.89,Riggers,High,49,Installation & Repair,1.0,0.16239055182243942,0.16666666666666666,0.16452860924455304,False,Growing,0.13,0.14
        Signal and track switch repairers,49-9097,8.7,8.8,0.1,1.7,83600.0,High school diploma or equivalent,0.8,0.9,Signal and track switch repairers,High,49,Installation & Repair,1.0,0.27204235389940945,0.16666666666666666,0.21935451028303804,False,Growing,0.17,0.14
"        Helpers--installation, maintenance, and repair workers",49-9098,98.7,101.0,2.2,2.3,38860.0,High school diploma or equivalent,11.8,0.79,"Helpers–installation, maintenance, and repair workers",High,49,Installation & Repair,1.0,0.04428833231521076,0.16666666666666666,0.10547749949093871,True,Growing,0.11,0.09
      First-line supervisors of production and operating workers,51-1011,698.6,706.9,8.3,1.2,71190.0,High school diploma or equivalent,67.7,0.016,First-line supervisors of production and operating workers,Low,51,Production,1.0,0.2088678476888617,0.16666666666666666,0.18776725717776419,False,Growing,0.3,0.3333333333333333
"      Aircraft structure, surfaces, rigging, and systems assemblers",51-2011,33.6,28.7,-4.9,-14.5,61680.0,High school diploma or equivalent,2.8,0.79,"Aircraft structure, surfaces, rigging, and systems assemblers",High,51,Production,1.0,0.16045611891671754,0.16666666666666666,0.1635613927916921,False,Declining,0.27,0.31
"        Coil winders, tapers, and finishers",51-2021,12.2,11.5,-0.8,-6.3,47260.0,High school diploma or equivalent,1.2,0.73,"Coil winders, tapers, and finishers",High,51,Production,1.0,0.0870494807574832,0.16666666666666666,0.12685807371207491,False,Declining,0.28,0.36
      Engine and other machine assemblers,51-2031,38.4,30.3,-8.1,-21.1,52540.0,High school diploma or equivalent,2.8,0.82,Engine and other machine assemblers,High,51,Production,1.0,0.11392791692119733,0.16666666666666666,0.140297291793932,False,Declining,0.27,0.31
      Structural metal fabricators and fitters,51-2041,53.8,45.0,-8.8,-16.3,49900.0,High school diploma or equivalent,4.1,0.41,Structural metal fabricators and fitters,Medium,51,Production,1.0,0.10048869883934028,0.16666666666666666,0.13357768275300347,False,Declining,0.11,0.12
      Bakers,51-3011,249.1,263.2,14.0,5.6,36650.0,No formal educational credential,39.9,0.89,Bakers,High,51,Production,0.0,0.03303807778456527,0.0,0.016519038892282636,True,Growing,0.17,0.14
        Butchers and meat cutters,51-3021,143.1,144.5,1.4,1.0,38960.0,No formal educational credential,16.9,0.93,Butchers and meat cutters,High,51,Production,0.0,0.04479739360619017,0.0,0.022398696803095086,True,Growing,0.13,0.14
"        Meat, poultry, and fish cutters and trimmers",51-3022,146.8,154.9,8.1,5.5,37700.0,No formal educational credential,18.4,0.94,"Meat, poultry, and fish cutters and trimmers",High,51,Production,0.0,0.03838322133984931,0.0,0.019191610669924655,True,Growing,0.13,0.14
        Slaughterers and meat packers,51-3023,69.6,71.2,1.5,2.2,39790.0,No formal educational credential,8.4,0.6,Slaughterers and meat packers,Medium,51,Production,0.0,0.0490226023213195,0.0,0.02451130116065975,False,Growing,0.13,0.14
"        Food and tobacco roasting, baking, and drying machine operators and tenders",51-3091,20.7,20.8,0.1,0.6,42730.0,No formal educational credential,2.4,0.91,"Food and tobacco roasting, baking, and drying machine operators and tenders",High,51,Production,0.0,0.06398900427611484,0.0,0.03199450213805742,True,Growing,0.14,0.15000000000000002
        Food batchmakers,51-3092,173.5,185.4,11.9,6.9,40790.0,High school diploma or equivalent,24.2,0.7,Food batchmakers,High,51,Production,1.0,0.054113215231113815,0.16666666666666666,0.11038994094889024,True,Growing,0.185,0.16
        Food cooking machine operators and tenders,51-3093,29.7,29.9,0.2,0.6,40550.0,High school diploma or equivalent,4.4,0.61,Food cooking machine operators and tenders,Medium,51,Production,1.0,0.052891468132763186,0.16666666666666666,0.10977906739971492,False,Growing,0.15,0.13
"        Extruding and drawing machine setters, operators, and tenders, metal and plastic",51-4021,66.0,66.8,0.8,1.2,46980.0,High school diploma or equivalent,6.5,0.91,"Extruding and drawing machine setters, operators, and tenders, metal and plastic",High,51,Production,1.0,0.0856241091427408,0.16666666666666666,0.12614538790470373,True,Growing,0.20333333333333334,0.20333333333333334
"        Forging machine setters, operators, and tenders, metal and plastic",51-4022,8.8,7.2,-1.7,-18.9,49240.0,High school diploma or equivalent,0.6,0.93,"Forging machine setters, operators, and tenders, Metal and Plastic",High,51,Production,1.0,0.09712889431887597,0.16666666666666666,0.13189778049277132,False,Declining,0.17333333333333334,0.17666666666666667
"        Rolling machine setters, operators, and tenders, metal and plastic",51-4023,22.5,20.6,-1.9,-8.3,48630.0,High school diploma or equivalent,1.9,0.83,"Rolling machine setters, operators, and tenders, metal and plastic",High,51,Production,1.0,0.09402362044390145,0.16666666666666666,0.13034514355528404,False,Declining,0.20333333333333334,0.20333333333333334
"        Cutting, punching, and press machine setters, operators, and tenders, metal and plastic",51-4031,174.7,153.6,-21.1,-12.1,45590.0,High school diploma or equivalent,14.4,0.78,"Cutting, punching, and press machine setters, operators, and tenders, metal and plastic",High,51,Production,1.0,0.07854815719812666,0.16666666666666666,0.12260741193239666,True,Declining,0.175,0.185
"        Drilling and boring machine tool setters, operators, and tenders, metal and plastic",51-4032,5.3,4.3,-1.0,-19.6,46630.0,High school diploma or equivalent,0.4,0.94,"Drilling and boring machine tool setters, operators, and tenders, metal and plastic",High,51,Production,1.0,0.08384239462431275,0.16666666666666666,0.1252545306454897,True,Declining,0.175,0.185
"        Grinding, lapping, polishing, and buffing machine tool setters, operators, and tenders, metal and plastic",51-4033,70.1,61.7,-8.4,-12.0,45190.0,High school diploma or equivalent,5.5,0.95,"Grinding, lapping, polishing, and buffing machine tool setters, operators, and tenders, metal and plastic",High,51,Production,1.0,0.07651191203420893,0.16666666666666666,0.1215892893504378,True,Declining,0.175,0.185
"        Lathe and turning machine tool setters, operators, and tenders, metal and plastic",51-4034,18.9,16.4,-2.6,-13.6,48620.0,High school diploma or equivalent,1.5,0.84,"Lathe and turning machine tool setters, operators, and tenders, metal and plastic",High,51,Production,1.0,0.0939727143148035,0.16666666666666666,0.13031969049073508,False,Declining,0.175,0.185
"        Milling and planing machine setters, operators, and tenders, metal and plastic",51-4035,13.8,11.8,-2.0,-14.4,48310.0,High school diploma or equivalent,1.1,0.98,"Milling and planing machine setters, operators, and tenders, metal and plastic",High,51,Production,1.0,0.09239462431276727,0.16666666666666666,0.12953064548971696,False,Declining,0.175,0.185
      Machinists,51-4041,299.5,299.6,0.0,0.0,56150.0,High school diploma or equivalent,29.5,0.65,Machinists,Medium,51,Production,1.0,0.13230502952555487,0.16666666666666666,0.14948584809611076,False,Stable,0.18,0.17
        Metal-refining furnace operators and tenders,51-4051,20.8,20.3,-0.5,-2.3,55770.0,High school diploma or equivalent,2.0,0.88,Metal-refining furnace operators and tenders,High,51,Production,1.0,0.13037059661983305,0.16666666666666666,0.14851863164324985,False,Declining,0.28500000000000003,0.32499999999999996
"        Pourers and casters, metal",51-4052,5.9,5.7,-0.3,-4.7,48940.0,High school diploma or equivalent,0.6,0.87,"Pourers and casters, metal",High,51,Production,1.0,0.09560171044593768,0.16666666666666666,0.13113418855630216,False,Declining,0.26,0.24
"        Model makers, metal and plastic",51-4061,3.2,2.6,-0.6,-18.2,62700.0,High school diploma or equivalent,0.3,0.93,"Model makers, metal and plastic",High,51,Production,1.0,0.16564854408470778,0.16666666666666666,0.16615760537568722,False,Declining,0.2,0.21
"        Patternmakers, metal and plastic",51-4062,1.6,1.2,-0.4,-24.4,54540.0,High school diploma or equivalent,0.1,0.9,"Patternmakers, metal and plastic",High,51,Production,1.0,0.12410914274078597,0.16666666666666666,0.1453879047037263,False,Declining,0.2,0.21
        Foundry mold and coremakers,51-4071,12.7,9.4,-3.3,-25.9,45700.0,High school diploma or equivalent,0.9,0.67,Foundry mold and coremakers,Medium,51,Production,1.0,0.07910812461820402,0.16666666666666666,0.12288739564243534,False,Declining,0.13,0.11
"        Molding, coremaking, and casting machine setters, operators, and tenders, metal and plastic",51-4072,154.6,148.8,-5.8,-3.8,41230.0,High school diploma or equivalent,15.9,0.95,"Molding, coremaking, and casting machine setters, operators, and tenders, metal and plastic",High,51,Production,1.0,0.05635308491142332,0.16666666666666666,0.11150987578904499,True,Declining,0.15000000000000002,0.155
"      Multiple machine tool setters, operators, and tenders, metal and plastic",51-4081,131.0,130.3,-0.7,-0.5,46060.0,High school diploma or equivalent,12.8,0.91,"Multiple machine tool setters, operators, and tenders, metal and plastic",High,51,Production,1.0,0.08094074526573,0.16666666666666666,0.12380370596619833,True,Declining,0.18,0.17
      Tool and die makers,51-4111,55.2,49.3,-6.0,-10.8,63180.0,Postsecondary nondegree award,4.7,0.84,Tool and die makers,High,51,Production,,0.1680920382814091,0.16666666666666666,0.16737935247403787,False,Declining,0.2,0.21
"        Welders, cutters, solderers, and brazers",51-4121,457.3,467.2,9.9,2.2,51000.0,High school diploma or equivalent,45.6,0.94,"Welders, cutters, solderers, and brazers",High,51,Production,1.0,0.10608837304011401,0.16666666666666666,0.13637751985339033,False,Growing,0.13,0.11
"        Welding, soldering, and brazing machine setters, operators, and tenders",51-4122,38.9,35.4,-3.5,-9.0,47060.0,High school diploma or equivalent,3.2,0.61,"Welding, soldering, and brazing machine setters, operators, and tenders",Medium,51,Production,1.0,0.08603135817552432,0.16666666666666666,0.12634901242109547,False,Declining,0.13,0.11
"        Heat treating equipment setters, operators, and tenders, metal and plastic",51-4191,14.8,12.9,-1.9,-12.8,47450.0,High school diploma or equivalent,1.2,0.91,"Heat treating equipment setters, operators, and tenders, metal and plastic",High,51,Production,1.0,0.08801669721034414,0.16666666666666666,0.1273416819385054,False,Declining,0.21500000000000002,0.22
"        Layout workers, metal and plastic",51-4192,5.7,5.4,-0.3,-5.4,61870.0,High school diploma or equivalent,0.5,0.84,"Layout workers, metal and plastic",High,51,Production,1.0,0.1614233353695785,0.16666666666666666,0.16404500101812258,False,Declining,0.20500000000000002,0.21
"        Plating machine setters, operators, and tenders, metal and plastic",51-4193,31.7,27.4,-4.3,-13.6,41600.0,High school diploma or equivalent,2.5,0.92,"Plating and coating machine setters, operators, and tenders, metal and plastic",High,51,Production,1.0,0.05823661168804725,0.16666666666666666,0.11245163917735695,True,Declining,0.185,0.195
"        Tool grinders, filers, and sharpeners",51-4194,5.8,5.4,-0.5,-7.8,48970.0,High school diploma or equivalent,0.5,0.88,"Tool grinders, filers, and sharpeners",High,51,Production,1.0,0.09575442883323151,0.16666666666666666,0.13121054774994909,False,Declining,0.17,0.16
      Prepress technicians and workers,51-5111,26.2,22.3,-3.8,-14.6,47300.0,Postsecondary nondegree award,2.8,0.97,Prepress technicians and workers,High,51,Production,,0.08725310527387498,0.16666666666666666,0.1269598859702708,False,Declining,0.38,0.26
      Printing press operators,51-5112,150.2,138.0,-12.2,-8.1,45160.0,High school diploma or equivalent,13.7,0.83,Printing press operators,High,51,Production,1.0,0.0763591936469151,0.16666666666666666,0.12151293015679088,True,Declining,0.25,0.22
      Print binding and finishing workers,51-5113,35.8,30.0,-5.8,-16.1,39820.0,High school diploma or equivalent,2.8,0.95,Print binding and finishing workers,High,51,Production,1.0,0.04917532070861333,0.16666666666666666,0.10792099368764,True,Declining,0.22,0.17
      Laundry and dry-cleaning workers,51-6011,202.6,213.5,10.9,5.4,33800.0,No formal educational credential,31.9,0.71,Laundry and dry-cleaning workers,High,51,Production,0.0,0.018529830991651397,0.0,0.009264915495825699,True,Growing,0.16,0.12
"      Pressers, textile, garment, and related materials",51-6021,28.4,24.6,-3.8,-13.5,33880.0,No formal educational credential,2.8,0.81,"Pressers, textile, garment, and related materials",High,51,Production,0.0,0.01893708002443495,0.0,0.009468540012217475,True,Declining,0.14,0.11
      Sewing machine operators,51-6031,124.0,110.7,-13.3,-10.8,36000.0,No formal educational credential,13.0,0.89,Sewing machine operators,High,51,Production,0.0,0.02972917939319894,0.0,0.01486458969659947,True,Declining,0.15,0.15
        Shoe and leather workers and repairers,51-6041,9.5,9.1,-0.4,-3.8,35950.0,High school diploma or equivalent,0.9,0.52,Shoe and leather workers and repairers,Medium,51,Production,1.0,0.02947464874770922,0.16666666666666666,0.09807065770718794,False,Declining,0.14,0.12333333333333334
        Shoe machine operators and tenders,51-6042,4.1,3.9,-0.2,-3.7,38160.0,High school diploma or equivalent,0.4,0.97,Shoe machine operators and tenders,High,51,Production,1.0,0.04072490327835471,0.16666666666666666,0.10369578497251068,True,Declining,0.16,0.13
"        Sewers, hand",51-6051,5.4,5.0,-0.4,-7.0,33760.0,No formal educational credential,0.7,0.99,"Sewers, hand",High,51,Production,0.0,0.01832620647525962,0.0,0.00916310323762981,True,Declining,0.12,0.12
"        Tailors, dressmakers, and custom sewers",51-6052,38.8,37.1,-1.7,-4.5,40860.0,No formal educational credential,5.0,0.84,"Tailors, dressmakers, and custom sewers",High,51,Production,0.0,0.05446955813479942,0.0,0.02723477906739971,True,Declining,0.15,0.13
        Textile bleaching and dyeing machine operators and tenders,51-6061,6.2,5.5,-0.6,-10.1,37320.0,High school diploma or equivalent,0.7,0.97,Textile bleaching and dyeing machine operators and tenders,High,51,Production,1.0,0.036448788434127466,0.16666666666666666,0.10155772755039706,True,Declining,0.21,0.22
"        Textile cutting machine setters, operators, and tenders",51-6062,9.3,8.2,-1.1,-11.7,37940.0,High school diploma or equivalent,1.0,0.95,"Textile cutting machine setters, operators, and tenders",High,51,Production,1.0,0.03960496843819997,0.16666666666666666,0.10313581755243331,True,Declining,0.17,0.28
"        Textile knitting and weaving machine setters, operators, and tenders",51-6063,15.3,13.6,-1.7,-11.2,38260.0,High school diploma or equivalent,1.7,0.73,"Textile knitting and weaving machine setters, operators, and tenders",High,51,Production,1.0,0.04123396456933415,0.16666666666666666,0.1039503156180004,True,Declining,0.16,0.15
"        Textile winding, twisting, and drawing out machine setters, operators, and tenders",51-6064,21.7,19.8,-1.9,-9.0,37660.0,High school diploma or equivalent,2.5,0.96,"Textile winding, twisting, and drawing out machine setters, operators, and tenders",High,51,Production,1.0,0.038179596823457534,0.16666666666666666,0.1024231317450621,True,Declining,0.15,0.12
"        Extruding and forming machine setters, operators, and tenders, synthetic and glass fibers",51-6091,15.2,15.0,-0.2,-1.1,44980.0,High school diploma or equivalent,2.0,0.88,"Extruding and forming machine setters, operators, and tenders, synthetic and glass fibers",High,51,Production,1.0,0.0754428833231521,0.16666666666666666,0.12105477499490938,True,Declining,0.17,0.14
        Fabric and apparel patternmakers,51-6092,2.8,2.5,-0.3,-10.2,67670.0,High school diploma or equivalent,0.3,0.0049,Fabric and apparel patternmakers,Low,51,Production,1.0,0.19094889024638564,0.16666666666666666,0.17880777845652615,False,Declining,0.17,0.28
        Upholsterers,51-6093,22.7,22.3,-0.4,-1.8,46190.0,High school diploma or equivalent,2.2,0.39,Upholsterers,Medium,51,Production,1.0,0.08160252494400325,0.16666666666666666,0.12413459580533495,False,Declining,0.18,0.16
      Cabinetmakers and bench carpenters,51-7011,86.0,84.7,-1.4,-1.6,46020.0,High school diploma or equivalent,8.1,0.92,Cabinetmakers and bench carpenters,High,51,Production,1.0,0.08073712074933823,0.16666666666666666,0.12370189370800244,True,Declining,0.16,0.14
      Furniture finishers,51-7021,20.5,19.8,-0.7,-3.3,42530.0,High school diploma or equivalent,2.0,0.87,Furniture Finishers,High,51,Production,1.0,0.06297088169415599,0.16666666666666666,0.11481877418041132,True,Declining,0.16,0.14
"        Model makers, wood",51-7031,0.9,0.9,0.0,-4.5,51850.0,High school diploma or equivalent,0.1,0.96,"Model makers, wood",High,51,Production,1.0,0.11041539401343922,0.16666666666666666,0.13854103034005294,False,Declining,0.16,0.14
"        Patternmakers, wood",51-7032,0.5,0.4,0.0,-5.0,52520.0,High school diploma or equivalent,0.0,0.91,"Patternmakers, wood",High,51,Production,1.0,0.11382610466300144,0.16666666666666666,0.14024638566483405,False,Declining,0.16,0.14
"        Sawing machine setters, operators, and tenders, wood",51-7041,45.0,44.7,-0.3,-0.6,39950.0,High school diploma or equivalent,4.8,0.86,"Sawing machine setters, operators, and tenders, wood",High,51,Production,1.0,0.049837100386886574,0.16666666666666666,0.10825188352677662,True,Declining,0.14,0.18
"        Woodworking machine setters, operators, and tenders, except sawing",51-7042,63.1,61.9,-1.1,-1.8,40440.0,High school diploma or equivalent,6.4,0.97,"Woodworking machine setters, operators, and tenders, except sawing",High,51,Production,1.0,0.0523315007126858,0.16666666666666666,0.10949908368967623,True,Declining,0.22,0.14
        Nuclear power reactor operators,51-8011,5.7,4.9,-0.9,-15.3,122610.0,High school diploma or equivalent,0.4,0.95,Nuclear power reactor operators,High,51,Production,1.0,0.4706271635104867,0.16666666666666666,0.3186469150885767,False,Declining,0.28,0.34
        Power distributors and dispatchers,51-8012,9.3,9.0,-0.3,-3.2,107240.0,High school diploma or equivalent,0.8,0.64,Power distributors and dispatchers,Medium,51,Production,1.0,0.39238444308694764,0.16666666666666666,0.27952555487680714,False,Declining,0.28,0.34
        Power plant operators,51-8013,31.6,28.0,-3.5,-11.2,99670.0,High school diploma or equivalent,2.5,0.85,Power plant operators,High,51,Production,1.0,0.35384850335980456,0.16666666666666666,0.2602575850132356,False,Declining,0.28,0.34
      Stationary engineers and boiler operators,51-8021,33.3,34.0,0.7,2.2,75190.0,High school diploma or equivalent,3.8,0.89,Stationary engineers and boiler operators,High,51,Production,1.0,0.2292302993280391,0.16666666666666666,0.19794848299735288,False,Growing,0.2,0.23
      Water and wastewater treatment plant and system operators,51-8031,132.4,123.8,-8.7,-6.5,58260.0,High school diploma or equivalent,10.7,0.61,Water and wastewater treatment plant and system operators,Medium,51,Production,1.0,0.14304622276522092,0.16666666666666666,0.1548564447159438,False,Declining,0.27,0.31
        Chemical plant and system operators,51-8091,18.1,17.0,-1.1,-6.1,73540.0,High school diploma or equivalent,1.6,0.85,Chemical plant and system operators,High,51,Production,1.0,0.22083078802687842,0.16666666666666666,0.19374872734677254,False,Declining,0.29,0.37
        Gas plant operators,51-8092,16.2,14.8,-1.4,-8.8,83400.0,High school diploma or equivalent,1.3,0.78,Gas plant operators,High,51,Production,1.0,0.27102423131745057,0.16666666666666666,0.2188454489920586,False,Declining,0.29,0.3
"        Petroleum pump system operators, refinery operators, and gaugers",51-8093,34.9,34.0,-1.0,-2.8,97540.0,High school diploma or equivalent,3.2,0.71,"Petroleum pump system operators, refinery operators, and gaugers",High,51,Production,1.0,0.34300549786194257,0.16666666666666666,0.2548360822643046,False,Declining,0.29,0.3
"        Plant and system operators, all other",51-8099,16.3,16.6,0.3,1.6,61710.0,High school diploma or equivalent,1.6,0.86,"Plant and system operators, all other",High,51,Production,1.0,0.1606088373040114,0.16666666666666666,0.16363775198533903,False,Growing,0.25,0.265
        Chemical equipment operators and tenders,51-9011,128.9,133.1,4.3,3.3,57090.0,High school diploma or equivalent,14.4,0.76,Chemical equipment operators and tenders,High,51,Production,1.0,0.13709020566076155,0.16666666666666666,0.1518784361637141,False,Growing,0.24,0.25
"        Separating, filtering, clarifying, precipitating, and still machine setters, operators, and tenders",51-9012,54.4,52.0,-2.3,-4.3,49500.0,High school diploma or equivalent,5.4,0.88,"Separating, filtering, clarifying, precipitating, and still machine setters, operators, and tenders",High,51,Production,1.0,0.09845245367542252,0.16666666666666666,0.1325595601710446,False,Declining,0.22999999999999998,0.20500000000000002
"        Crushing, grinding, and polishing machine setters, operators, and tenders",51-9021,28.7,27.9,-0.7,-2.5,46890.0,High school diploma or equivalent,2.7,0.97,"Crushing, grinding, and polishing machine setters, operators, and tenders",High,51,Production,1.0,0.0851659539808593,0.16666666666666666,0.125916310323763,True,Declining,0.1975,0.1875
"        Grinding and polishing workers, hand",51-9022,11.8,9.3,-2.5,-21.2,41690.0,No formal educational credential,0.8,0.97,"Grinding and polishing workers, hand",High,51,Production,0.0,0.05869476684992872,0.0,0.02934738342496436,True,Declining,0.18,0.19
"        Mixing and blending machine setters, operators, and tenders",51-9023,101.1,94.3,-6.8,-6.8,47680.0,High school diploma or equivalent,8.8,0.83,"Mixing and blending machine setters, operators, and tenders",High,51,Production,1.0,0.08918753817959682,0.16666666666666666,0.12792710242313174,False,Declining,0.2,0.18
"        Cutters and trimmers, hand",51-9031,7.0,5.7,-1.3,-18.1,38800.0,No formal educational credential,0.6,0.64,"Cutters and trimmers, hand",Medium,51,Production,0.0,0.043982895540623096,0.0,0.021991447770311548,False,Declining,0.18,0.25
"        Cutting and slicing machine setters, operators, and tenders",51-9032,49.0,47.9,-1.1,-2.3,45700.0,High school diploma or equivalent,5.3,0.86,"Cutting and slicing machine setters, operators, and tenders",High,51,Production,1.0,0.07910812461820402,0.16666666666666666,0.12288739564243534,True,Declining,0.23,0.22
"      Extruding, forming, pressing, and compacting machine setters, operators, and tenders",51-9041,57.3,58.4,1.1,2.0,45130.0,High school diploma or equivalent,5.2,0.93,"Extruding, forming, pressing, and compacting machine setters, operators, and tenders",High,51,Production,1.0,0.07620647525962126,0.16666666666666666,0.12143657096314396,True,Growing,0.16,0.155
"      Furnace, kiln, oven, drier, and kettle operators and tenders",51-9051,16.5,17.0,0.5,3.0,47010.0,High school diploma or equivalent,1.9,0.37,"Furnace, kiln, oven, drier, and kettle operators and tenders",Medium,51,Production,1.0,0.08577682753003463,0.16666666666666666,0.12622174709835066,False,Growing,0.19000000000000003,0.17666666666666667
"      Inspectors, testers, sorters, samplers, and weighers",51-9061,598.0,598.1,0.1,0.0,47460.0,High school diploma or equivalent,69.9,0.98,"Inspectors, testers, sorters, samplers, and weighers",High,51,Production,1.0,0.08806760333944208,0.16666666666666666,0.12736713500305435,False,Stable,0.31,0.4
      Jewelers and precious stone and metal workers,51-9071,35.1,33.2,-1.9,-5.5,49140.0,High school diploma or equivalent,4.0,0.95,Jewelers and precious stone and metal workers,High,51,Production,1.0,0.09661983302789653,0.16666666666666666,0.1316432498472816,False,Declining,0.18,0.15
        Dental laboratory technicians,51-9081,35.2,33.6,-1.6,-4.7,48310.0,High school diploma or equivalent,3.9,0.97,Dental laboratory technicians,High,51,Production,1.0,0.09239462431276727,0.16666666666666666,0.12953064548971696,False,Declining,0.18,0.16
        Medical appliance technicians,51-9082,12.0,12.4,0.4,3.7,47060.0,High school diploma or equivalent,1.5,0.45,Medical appliance technicians,Medium,51,Production,1.0,0.08603135817552432,0.16666666666666666,0.12634901242109547,False,Growing,0.18,0.16
        Ophthalmic laboratory technicians,51-9083,19.6,20.0,0.5,2.3,38420.0,High school diploma or equivalent,2.4,0.97,Ophthalmic laboratory technicians,High,51,Production,1.0,0.04204846263490125,0.16666666666666666,0.10435756465078395,True,Growing,0.14,0.08
      Packaging and filling machine operators and tenders,51-9111,381.2,398.2,17.0,4.5,40900.0,High school diploma or equivalent,45.3,0.98,Packaging and filling machine operators and tenders,High,51,Production,1.0,0.0546731826511912,0.16666666666666666,0.11066992465892893,True,Growing,0.22,0.23
"        Painting, coating, and decorating workers",51-9123,8.8,8.9,0.1,1.4,40860.0,No formal educational credential,0.8,0.92,"Painting, coating, and decorating workers",High,51,Production,0.0,0.05446955813479942,0.0,0.02723477906739971,True,Growing,0.18,0.24
      Semiconductor processing technicians,51-9141,31.9,35.4,3.5,10.9,51180.0,High school diploma or equivalent,3.9,0.88,Semiconductor Processors,High,51,Production,1.0,0.107004683363877,0.16666666666666666,0.13683567501527183,False,Growing,,
      Photographic process workers and processing machine operators,51-9151,11.2,10.9,-0.3,-2.6,40100.0,High school diploma or equivalent,1.5,0.99,Photographic process workers and processing machine operators,High,51,Production,1.0,0.050600692323355734,0.16666666666666666,0.1086336794950112,True,Declining,0.27,0.31
        Adhesive bonding machine operators and tenders,51-9191,12.2,12.3,0.1,1.0,45210.0,High school diploma or equivalent,1.3,0.95,Adhesive bonding machine operators and tenders,High,51,Production,1.0,0.07661372429240482,0.16666666666666666,0.12164019547953574,True,Growing,0.2,0.18
"        Cleaning, washing, and metal pickling equipment operators and tenders",51-9192,14.6,15.2,0.5,3.6,41460.0,High school diploma or equivalent,1.6,0.81,"Cleaning, washing, and metal pickling equipment operators and tenders",High,51,Production,1.0,0.057523925880676036,0.16666666666666666,0.11209529627367135,True,Growing,0.23,0.25333333333333335
        Cooling and freezing equipment operators and tenders,51-9193,7.1,7.6,0.5,7.2,40160.0,High school diploma or equivalent,0.8,0.93,Cooling and freezing equipment operators and tenders,High,51,Production,1.0,0.0509061290979434,0.16666666666666666,0.10878639788230503,True,Growing,0.15,0.16
        Etchers and engravers,51-9194,8.6,8.6,-0.1,-0.7,40450.0,High school diploma or equivalent,0.9,0.98,Etchers and engravers,High,51,Production,1.0,0.052382406841783746,0.16666666666666666,0.1095245367542252,True,Declining,0.23,0.3
"        Molders, shapers, and casters, except metal and plastic",51-9195,41.7,44.3,2.6,6.2,45690.0,High school diploma or equivalent,5.5,0.9,"Molders, shapers, and casters, except metal and plastic",High,51,Production,1.0,0.07905721848910607,0.16666666666666666,0.12286194257788637,True,Growing,0.18333333333333335,0.18666666666666668
"        Paper goods machine setters, operators, and tenders",51-9196,97.5,91.4,-6.1,-6.3,49390.0,High school diploma or equivalent,8.1,0.67,"Paper goods machine setters, operators, and tenders",Medium,51,Production,1.0,0.09789248625534516,0.16666666666666666,0.1322795764610059,False,Declining,0.23,0.255
        Tire builders,51-9197,20.9,21.4,0.5,2.3,55580.0,High school diploma or equivalent,2.5,0.94,Tire builders,High,51,Production,1.0,0.1294033801669721,0.16666666666666666,0.14803502341681937,False,Growing,0.18,0.18
        Helpers--production workers,51-9198,168.5,153.5,-15.0,-8.9,38220.0,High school diploma or equivalent,23.6,0.66,Helpers–production workers,Medium,51,Production,1.0,0.04103034005294237,0.16666666666666666,0.10384850335980451,False,Declining,0.12,0.1
"        Airline pilots, copilots, and flight engineers",53-2011,100.0,103.9,3.9,3.9,226600.0,Bachelor's degree,11.7,0.18,"Airline pilots, copilots, and flight engineers",Low,53,Transportation,4.0,1.0,0.6666666666666666,0.8333333333333333,False,Growing,0.27,0.24
        Commercial pilots,53-2012,55.4,58.3,2.8,5.1,122670.0,Postsecondary nondegree award,6.6,0.55,Commercial pilots,Medium,53,Transportation,,0.47093260028507433,0.16666666666666666,0.3187996334758705,False,Growing,0.27,0.24
        Air traffic controllers,53-2021,24.1,24.4,0.3,1.2,144580.0,Associate's degree,2.2,0.11,Air traffic controllers,Low,53,Transportation,3.0,0.5824679291386683,0.5,0.5412339645693341,False,Growing,0.31,0.3
        Airfield operations specialists,53-2022,16.9,17.6,0.7,4.2,56750.0,High school diploma or equivalent,1.6,0.71,Airfield operations specialists,High,53,Transportation,1.0,0.13535939727143145,0.16666666666666666,0.15101303196904906,False,Growing,,
      Flight attendants,53-2031,130.8,142.9,12.1,9.2,67130.0,High school diploma or equivalent,19.8,0.35,Flight attendants,Medium,53,Transportation,1.0,0.18819995927509672,0.16666666666666666,0.1774333129708817,False,Growing,0.22,0.31
"      Ambulance drivers and attendants, except emergency medical technicians",53-3011,12.3,12.1,-0.2,-1.3,34330.0,High school diploma or equivalent,1.4,0.25,"Ambulance drivers and attendants, except emergency medical technicians",Low,53,Transportation,1.0,0.0212278558338424,0.16666666666666666,0.09394726125025453,False,Declining,0.28,0.24
        Driver/sales workers,53-3031,451.5,491.3,39.8,8.8,37130.0,High school diploma or equivalent,51.3,0.98,Driver/sales workers,High,53,Transportation,1.0,0.03548157198126656,0.16666666666666666,0.10107411932396661,True,Growing,0.28,0.24
        Heavy and tractor-trailer truck drivers,53-3032,2235.1,2324.4,89.3,4.0,57440.0,Postsecondary nondegree award,237.6,0.79,Heavy and tractor-trailer truck drivers,High,53,Transportation,,0.13887192017918956,0.16666666666666666,0.1527692934229281,False,Growing,0.24,0.23
        Light truck drivers,53-3033,1079.8,1158.6,78.9,7.3,44140.0,High school diploma or equivalent,120.2,0.69,Light truck or delivery services drivers,Medium,53,Transportation,1.0,0.07116676847892486,0.16666666666666666,0.11891671757279576,False,Growing,0.28,0.24
        Locomotive engineers,53-4011,27.0,27.2,0.2,0.7,77400.0,High school diploma or equivalent,2.2,0.96,Locomotive engineers,High,53,Transportation,1.0,0.24048055385868458,0.16666666666666666,0.20357361026267562,False,Growing,0.2,0.26
"        Rail yard engineers, dinkey operators, and hostlers",53-4013,3.1,3.1,0.0,0.3,58030.0,High school diploma or equivalent,0.2,0.91,"Rail yard engineers, dinkey operators, and hostlers",High,53,Transportation,1.0,0.14187538179596823,0.16666666666666666,0.15427102423131744,False,Growing,0.2,0.26
      Railroad conductors and yardmasters,53-4031,36.8,37.2,0.4,1.1,74080.0,High school diploma or equivalent,3.1,0.83,Railroad conductors and yardmasters,High,53,Transportation,1.0,0.2235797189981674,0.16666666666666666,0.19512319283241703,False,Growing,0.17,0.22
      Subway and streetcar operators,53-4041,9.6,9.9,0.3,3.4,84830.0,High school diploma or equivalent,0.9,0.86,Subway and streetcar operators,High,53,Transportation,1.0,0.27830380777845654,0.16666666666666666,0.22248523722256158,False,Growing,0.19,0.23
      Sailors and marine oilers,53-5011,32.1,32.8,0.7,2.3,49610.0,No formal educational credential,3.9,0.83,Sailors and marine oilers,High,53,Transportation,0.0,0.09901242109549988,0.0,0.04950621054774994,True,Growing,0.14,0.12
"        Captains, mates, and pilots of water vessels",53-5021,40.7,40.9,0.2,0.5,85540.0,Postsecondary nondegree award,4.3,0.27,"Captains, mates, and pilots of water vessels",Low,53,Transportation,,0.28191814294441053,0.16666666666666666,0.22429240480553858,False,Growing,0.29,0.35
        Motorboat operators,53-5022,2.7,2.8,0.0,1.4,51880.0,Postsecondary nondegree award,0.3,0.62,Motorboat operators,Medium,53,Transportation,,0.11056811240073303,0.16666666666666666,0.13861738953369984,False,Growing,0.14,0.12
      Ship engineers,53-5031,8.8,9.0,0.1,1.6,101320.0,Postsecondary nondegree award,1.1,0.041,Ship engineers,Low,53,Transportation,,0.36224801466096523,0.16666666666666666,0.26445734066381593,False,Growing,0.23,0.29
      Bridge and lock tenders,53-6011,2.9,2.8,-0.1,-3.3,58490.0,High school diploma or equivalent,0.3,0.97,Bridge and lock tenders,High,53,Transportation,1.0,0.14421706373447366,0.16666666666666666,0.15544186520057016,False,Declining,0.18,0.16
      Parking attendants,53-6021,135.7,139.8,4.0,3.0,34600.0,No formal educational credential,18.5,0.87,Parking lot attendants,High,53,Transportation,0.0,0.022602321319486862,0.0,0.011301160659743431,True,Growing,0.29,0.38
        Automotive and watercraft service attendants,53-6031,100.0,99.0,-1.0,-1.0,34850.0,No formal educational credential,14.4,0.83,Automotive and watercraft service attendants,High,53,Transportation,0.0,0.023874974546935462,0.0,0.011937487273467731,True,Declining,0.24,0.28
      Traffic technicians,53-6041,7.9,8.2,0.3,3.7,58480.0,High school diploma or equivalent,0.8,0.9,Traffic technicians,High,53,Transportation,1.0,0.14416615760537568,0.16666666666666666,0.15541641213602117,False,Growing,0.26,0.42
      Transportation inspectors,53-6051,25.7,26.1,0.4,1.7,85750.0,High school diploma or equivalent,2.5,0.9,Transportation inspectors,High,53,Transportation,1.0,0.2829871716554673,0.16666666666666666,0.22482691916106695,False,Growing,0.24,0.32
      Passenger attendants,53-6061,25.6,26.8,1.2,4.7,37560.0,High school diploma or equivalent,4.1,0.75,"Transportation attendants, except flight attendants",High,53,Transportation,1.0,0.03767053553247812,0.16666666666666666,0.10216860109957239,True,Growing,0.235,0.33999999999999997
      Conveyor operators and tenders,53-7011,29.1,28.1,-1.0,-3.4,41230.0,No formal educational credential,2.6,0.93,Conveyor operators and tenders,High,53,Transportation,0.0,0.05635308491142332,0.0,0.02817654245571166,True,Declining,,
      Crane and tower operators,53-7021,42.3,43.5,1.3,3.0,66370.0,High school diploma or equivalent,3.8,0.9,Crane and tower operators,High,53,Transportation,1.0,0.18433109346365303,0.16666666666666666,0.17549888006515985,False,Growing,0.18,0.16
      Dredge operators,53-7031,1.1,1.2,0.0,1.2,48430.0,High school diploma or equivalent,0.1,0.92,Dredge operators,High,53,Transportation,1.0,0.09300549786194257,0.16666666666666666,0.1298360822643046,False,Growing,0.13,0.12
      Hoist and winch operators,53-7041,2.7,2.7,0.0,-1.1,52310.0,No formal educational credential,0.3,0.65,Hoist and winch operators,Medium,53,Transportation,0.0,0.11275707595194459,0.0,0.056378537975972295,False,Declining,0.18,0.16
      Industrial truck and tractor operators,53-7051,792.5,801.6,9.1,1.1,46390.0,No formal educational credential,76.4,0.93,Industrial truck and tractor operators,High,53,Transportation,0.0,0.08262064752596213,0.0,0.04131032376298106,True,Growing,0.2,0.32
        Cleaners of vehicles and equipment,53-7061,410.1,426.2,16.0,3.9,35270.0,No formal educational credential,56.2,0.37,Cleaners of vehicles and equipment,Medium,53,Transportation,0.0,0.026013031969049083,0.0,0.013006515984524541,False,Growing,0.105,0.10500000000000001
"        Laborers and freight, stock, and material movers, hand",53-7062,2988.9,3033.1,44.3,1.5,38940.0,No formal educational credential,384.3,0.85,"Labourers and freight, stock, and material movers, hand",High,53,Transportation,0.0,0.044695581347994284,0.0,0.022347790673997142,True,Growing,0.11666666666666665,0.12666666666666668
        Machine feeders and offbearers,53-7063,46.5,40.4,-6.0,-13.0,39700.0,No formal educational credential,4.7,0.93,Machine feeders and offbearers,High,53,Transportation,0.0,0.048564447159438,0.0,0.024282223579719,True,Declining,0.12,0.1
"        Packers and packagers, hand",53-7064,591.8,559.7,-32.2,-5.4,35580.0,No formal educational credential,74.0,0.38,"Packers and packagers, hand",Medium,53,Transportation,0.0,0.02759112197108532,0.0,0.01379556098554266,False,Declining,0.2,0.13
        Gas compressor and gas pumping station operators,53-7071,5.4,5.3,-0.1,-1.3,71510.0,High school diploma or equivalent,0.6,0.91,Gas compressor and gas pumping station operators,High,53,Transportation,1.0,0.21049684381999592,0.16666666666666666,0.1885817552433313,False,Declining,0.29,0.3
"        Pump operators, except wellhead pumpers",53-7072,13.1,13.5,0.3,2.6,60020.0,High school diploma or equivalent,1.5,0.9,"Pump operators, except wellhead pumpers",High,53,Transportation,1.0,0.15200570148645895,0.16666666666666666,0.1593361840765628,False,Growing,0.28,0.305
        Wellhead pumpers,53-7073,18.8,17.9,-0.9,-4.7,70010.0,High school diploma or equivalent,2.0,0.84,Wellhead pumpers,High,53,Transportation,1.0,0.20286092445530443,0.16666666666666666,0.18476379556098554,False,Declining,0.19,0.22
      Refuse and recyclable material collectors,53-7081,147.9,149.2,1.3,0.9,48350.0,No formal educational credential,16.9,0.93,Refuse and recyclable material collectors,High,53,Transportation,0.0,0.09259824882915904,0.0,0.04629912441457952,True,Growing,0.135,0.12000000000000001
"      Tank car, truck, and ship loaders",53-7121,12.0,12.5,0.5,4.3,58070.0,No formal educational credential,1.3,0.72,"Tank car, truck, and ship loaders",High,53,Transportation,0.0,0.14207900631236,0.0,0.07103950315618,True,Growing,0.14,0.17
