occupation,soc_code,emp_2024,emp_2034,emp_change_num,emp_change_pct,median_wage_2024,education_required,annual_openings,automation_prob,occupation_fo,risk_tier,soc_major,occupation_group,education_level,wage_norm,edu_norm,adaptive_capacity_score,vulnerable,growth_direction,genai_exposure_2025,genai_exposure_2023,cluster,cluster_label,pca_1,pca_2
      Chief executives,11-1011,309.4,322.7,13.3,4.3,206420.0,Bachelor's degree,22.2,0.015,Chief executives,Low,11,Management,4.0,0.8972714314803502,0.6666666666666666,0.7819690490735084,False,Growing,0.33,0.3166666666666666,0.0,Low Exposure / High Skill,3.8251971335535435,-2.3469828057649655
      General and operations managers,11-1021,3712.9,3876.8,164.0,4.4,102950.0,Bachelor's degree,308.7,0.16,General and operations managers,Low,11,Management,4.0,0.3705457137039299,0.6666666666666666,0.5186061901852983,False,Growing,0.4014285714285714,0.3771428571428571,2.0,High Exposure / Adaptable,1.9479945206830438,-0.15341700354072835
      Advertising and promotions managers,11-2011,27.0,26.4,-0.6,-2.2,126960.0,Bachelor's degree,2.1,0.039,Advertising and promotions managers,Low,11,Management,4.0,0.492771329668092,0.6666666666666666,0.5797189981673794,False,Declining,0.39,0.33,0.0,Low Exposure / High Skill,2.400908947443682,-0.6309682189452712
        Marketing managers,11-2021,407.0,433.7,26.7,6.6,161030.0,Bachelor's degree,34.3,0.014,Marketing managers,Low,11,Management,4.0,0.6662085115047852,0.6666666666666666,0.6664375890857259,False,Growing,0.41,0.29,0.0,Low Exposure / High Skill,3.1654345573846543,-1.0872007972530942
        Sales managers,11-2022,619.5,648.5,29.0,4.7,138060.0,Bachelor's degree,49.0,0.013,Sales managers,Low,11,Management,4.0,0.5492771329668092,0.6666666666666666,0.6079718998167379,False,Growing,0.41,0.29,0.0,Low Exposure / High Skill,2.695354965729588,-0.6971757957094137
      Computer and information systems managers,11-3021,667.1,768.7,101.6,15.2,171200.0,Bachelor's degree,55.6,0.035,Computer and information systems managers,Low,11,Management,4.0,0.7179800447973936,0.6666666666666666,0.6923233557320301,False,Growing,0.44,0.31,0.0,Low Exposure / High Skill,3.4744907962229674,-1.0764833417635626
      Financial managers,11-3031,868.6,997.4,128.8,14.8,161700.0,Bachelor's degree,74.6,0.069,Financial managers,Low,11,Management,4.0,0.6696192221543474,0.6666666666666666,0.668142944410507,False,Growing,0.42,0.355,0.0,Low Exposure / High Skill,3.21278867635448,-1.0374433750329377
      Industrial production managers,11-3051,241.9,246.5,4.6,1.9,121440.0,Bachelor's degree,17.1,0.03,Industrial production managers,Low,11,Management,4.0,0.4646711464060273,0.6666666666666666,0.5656689065363469,False,Growing,0.38,0.36,0.0,Low Exposure / High Skill,2.2542998863960557,-0.5983738232513287
      Purchasing managers,11-3061,83.5,86.1,2.6,3.1,139510.0,Bachelor's degree,6.4,0.03,Purchasing managers,Low,11,Management,4.0,0.556658521686011,0.6666666666666666,0.6116625941763388,False,Growing,0.42,0.33,0.0,Low Exposure / High Skill,2.7586717351779058,-0.660662583380597
"      Transportation, storage, and distribution managers",11-3071,216.7,229.8,13.1,6.1,102010.0,High school diploma or equivalent,18.5,0.59,"Transportation, storage, and distribution managers",Medium,11,Management,1.0,0.3657605375687233,0.1666666666666666,0.2662136021176949,False,Growing,0.38,0.39,3.0,High Exposure / Low Resilience,0.7017737827063896,0.01518601606229641
      Compensation and benefits managers,11-3111,20.9,20.9,0.0,0.2,140360.0,Bachelor's degree,1.5,0.96,Compensation and benefits managers,High,11,Management,4.0,0.5609855426593362,0.6666666666666666,0.6138261046630014,False,Growing,0.36,0.27,0.0,Low Exposure / High Skill,2.5742112621669673,-1.0418985297410523
      Human resources managers,11-3121,221.9,233.0,11.1,5.0,140030.0,Bachelor's degree,17.9,0.0055,Human resources managers,Low,11,Management,4.0,0.559305640399104,0.6666666666666666,0.6129861535328853,False,Growing,0.36,0.27,0.0,Low Exposure / High Skill,2.5674578331183744,-1.0362952101716394
      Training and development managers,11-3131,46.4,49.2,2.7,5.8,127090.0,Bachelor's degree,3.8,0.0063,Training and development managers,Low,11,Management,4.0,0.4934331093463653,0.6666666666666666,0.5800498880065159,False,Growing,0.36,0.27,0.0,Low Exposure / High Skill,2.302641554667501,-0.8165771640255695
"      Farmers, ranchers, and other agricultural managers",11-9013,836.1,825.0,-11.1,-1.3,87980.0,High school diploma or equivalent,85.5,0.047,"Farmers, ranchers, and other agricultural managers",Low,11,Management,1.0,0.2943392384443086,0.1666666666666666,0.2305029525554876,False,Declining,0.245,0.3,1.0,Low Exposure / Stable,-0.03952453189303189,-0.5718950988991365
      Construction managers,11-9021,550.3,598.4,48.1,8.7,106980.0,Bachelor's degree,46.8,0.071,Construction managers,Low,11,Management,4.0,0.3910608837304011,0.6666666666666666,0.5288637751985339,False,Growing,0.24,0.2799999999999999,0.0,Low Exposure / High Skill,1.4873803433431871,-1.2087205724770997
"        Education and childcare administrators, preschool and daycare",11-9031,90.2,87.9,-2.3,-2.5,56270.0,Bachelor's degree,5.5,0.015,"Education administrators, preschool and childcare center/program",Low,11,Management,4.0,0.1329159030747302,0.6666666666666666,0.3997912848706984,False,Declining,0.3,0.26,2.0,High Exposure / Adaptable,0.6514590819213164,0.019126021552833862
"        Education administrators, kindergarten through secondary",11-9032,333.3,328.1,-5.1,-1.5,104070.0,Master's degree,20.8,0.0046,"Education administrators, elementary and secondary school",Low,11,Management,5.0,0.3762472001628996,0.8333333333333333,0.6047902667481164,False,Declining,0.36,0.27,0.0,Low Exposure / High Skill,2.2165028452812696,-0.5202508996580417
"        Education administrators, postsecondary",11-9033,226.6,230.5,4.0,1.7,103960.0,Master's degree,15.1,0.01,"Education administrators, postsecondary",Low,11,Management,5.0,0.3756872327428222,0.8333333333333333,0.6045102830380777,False,Growing,0.36,0.27,0.0,Low Exposure / High Skill,2.214251702265072,-0.5183831264682373
      Architectural and engineering managers,11-9041,212.5,220.5,8.0,3.8,167740.0,Bachelor's degree,14.5,0.017,Architectural and engineering managers,Low,11,Management,4.0,0.7003665241295052,0.6666666666666666,0.683516595398086,False,Growing,0.4,0.24,0.0,Low Exposure / High Skill,3.269111669865172,-1.2622688207528479
      Food service managers,11-9051,352.8,375.3,22.6,6.4,65310.0,High school diploma or equivalent,42.0,0.083,Food service managers,Low,11,Management,1.0,0.178935043779271,0.1666666666666666,0.1728008552229688,False,Growing,0.36,0.42,3.0,High Exposure / Low Resilience,-0.1165746102582148,0.5160753533627128
        Gambling managers,11-9071,5.1,5.2,0.1,1.2,85580.0,High school diploma or equivalent,0.6,0.091,Gaming managers,Low,11,Management,1.0,0.2821217674608023,0.1666666666666666,0.2243942170637344,False,Growing,0.32,0.33,1.0,Low Exposure / Stable,0.16367920678733022,-0.07263974193617402
      Lodging managers,11-9081,52.0,53.8,1.8,3.4,68130.0,High school diploma or equivalent,5.4,0.0039,Lodging managers,Low,11,Management,1.0,0.193290572184891,0.1666666666666666,0.1799786194257788,False,Growing,0.37,0.4,3.0,High Exposure / Low Resilience,-0.025220877789982547,0.5293262996003306
      Medical and health services managers,11-9111,616.2,759.1,142.9,23.2,117960.0,Bachelor's degree,62.1,0.0073,Medical and health services managers,Low,11,Management,4.0,0.4469558134799429,0.6666666666666666,0.5568112400733047,False,Growing,0.35,0.285,0.0,Low Exposure / High Skill,2.0821540728155736,-0.7226858481935035
      Natural sciences managers,11-9121,104.3,108.2,3.9,3.7,161180.0,Bachelor's degree,8.5,0.018,Natural sciences managers,Low,11,Management,4.0,0.6669721034412543,0.6666666666666666,0.6668193850539605,False,Growing,0.4,0.24,0.0,Low Exposure / High Skill,3.1348616863537555,-1.1508816196154277
      Postmasters and mail superintendents,11-9131,13.1,12.7,-0.5,-3.5,92730.0,High school diploma or equivalent,0.9,0.75,Postmasters and mail superintendents,High,11,Management,1.0,0.3185196497658318,0.1666666666666666,0.2425931582162492,False,Declining,0.42,0.33,3.0,High Exposure / Low Resilience,0.646429617915489,0.4172935899434623
"      Property, real estate, and community association managers",11-9141,466.1,483.1,17.0,3.6,66700.0,High school diploma or equivalent,39.0,0.81,"Property, real estate, and community association managers",High,11,Management,1.0,0.1860109957238851,0.1666666666666666,0.1763388311952759,False,Growing,0.35,0.38,3.0,High Exposure / Low Resilience,-0.12177096001561444,0.4313396332244033
      Social and community service managers,11-9151,219.8,233.9,14.1,6.4,78240.0,Bachelor's degree,18.6,0.0067,Social and community service managers,Low,11,Management,4.0,0.2447566687029118,0.6666666666666666,0.4557116676847892,False,Growing,0.37,0.32,2.0,High Exposure / Adaptable,1.3365720176182199,0.0740177887319429
      Emergency management directors,11-9161,13.2,13.6,0.4,3.0,86130.0,Bachelor's degree,1.0,0.003,Emergency management directors,Low,11,Management,4.0,0.2849216045611892,0.6666666666666666,0.4757941356139279,False,Growing,0.38,0.32,2.0,High Exposure / Adaptable,1.531682978196648,0.001181370675852813
"      Managers, all other",11-9199,1333.7,1393.5,59.8,4.5,136550.0,Bachelor's degree,106.7,0.25,"Managers, all other",Low,11,Management,4.0,0.5415903074730197,0.6666666666666666,0.6041284870698431,False,Growing,0.3666666666666667,0.3116666666666667,0.0,Low Exposure / High Skill,2.518668261732177,-0.936449752400945
"      Agents and business managers of artists, performers, and athletes",13-1011,21.4,23.2,1.9,8.7,96310.0,Bachelor's degree,2.2,0.24,"Agents and business managers of artists, performers, and athletes",Low,13,Business & Financial,4.0,0.3367440439828956,0.6666666666666666,0.5017053553247811,False,Growing,0.44,0.52,2.0,High Exposure / Adaptable,1.9418717009226656,0.19513060536774943
"        Claims adjusters, examiners, and investigators",13-1031,356.1,337.9,-18.2,-5.1,76790.0,High school diploma or equivalent,21.1,0.98,"Claims adjusters, examiners, and investigators",High,13,Business & Financial,1.0,0.23737527998371,0.1666666666666666,0.2020209733251883,False,Declining,0.45,0.39,3.0,High Exposure / Low Resilience,0.4211463644545515,0.8713524816674519
"        Insurance appraisers, auto damage",13-1032,9.2,8.4,-0.8,-8.2,76650.0,Postsecondary nondegree award,0.5,0.98,"Insurance appraisers, auto damage",High,13,Business & Financial,,0.2366625941763388,0.1666666666666666,0.2016646304215027,False,Declining,0.45,0.39,3.0,High Exposure / Low Resilience,0.4182812733430275,0.8737296475453846
      Compliance officers,13-1041,418.0,430.3,12.3,3.0,78420.0,Bachelor's degree,33.3,0.08,Compliance officers,Low,13,Business & Financial,4.0,0.2456729790266748,0.6666666666666666,0.4561698228466707,False,Growing,0.3999999999999999,0.48,2.0,High Exposure / Adaptable,1.441183540712775,0.2543630093682466
      Cost estimators,13-1051,221.4,212.1,-9.3,-4.2,77070.0,Bachelor's degree,16.9,0.57,Cost estimators,Medium,13,Business & Financial,4.0,0.2388006515984524,0.6666666666666666,0.4527336591325595,False,Declining,0.44,0.52,2.0,High Exposure / Adaptable,1.548126322453206,0.5218211160207935
        Farm labor contractors,13-1074,3.9,4.2,0.2,6.0,48690.0,No formal educational credential,0.3,0.97,Farm labour contractors,High,13,Business & Financial,0.0,0.0943290572184891,0.0,0.0471645286092445,True,Growing,0.39,0.45,3.0,High Exposure / Low Resilience,-0.7407381496409343,1.0762282043406475
        Logisticians,13-1081,241.0,281.3,40.3,16.7,80880.0,Bachelor's degree,26.4,0.012,Logisticians,Low,13,Business & Financial,4.0,0.2581958867847689,0.6666666666666666,0.4624312767257177,False,Growing,0.46,0.43,2.0,High Exposure / Adaptable,1.6933829535747484,0.579395962471864
      Management analysts,13-1111,1075.1,1169.7,94.5,8.8,101190.0,Bachelor's degree,98.1,0.13,Management analysts,Low,13,Business & Financial,4.0,0.3615862349826919,0.6666666666666666,0.5141264508246792,False,Growing,0.46,0.43,2.0,High Exposure / Adaptable,2.1090258141108564,0.2345371126089059
"      Meeting, convention, and event planners",13-1121,155.8,163.3,7.5,4.8,59440.0,Bachelor's degree,15.5,0.037,"Meeting, convention, and event planners",Low,13,Business & Financial,4.0,0.1490531459987782,0.6666666666666666,0.4078599063327224,False,Growing,0.48,0.51,2.0,High Exposure / Adaptable,1.321899937796402,1.065709654764377
"      Compensation, benefits, and job analysis specialists",13-1141,107.0,112.7,5.6,5.3,77020.0,Bachelor's degree,8.5,0.47,"Compensation, benefits, and job analysis specialists",Medium,13,Business & Financial,4.0,0.2385461209529627,0.6666666666666666,0.4526063938098146,False,Growing,0.45,0.43,2.0,High Exposure / Adaptable,1.5807456871351937,0.5838039627560326
      Training and development specialists,13-1151,452.3,501.0,48.7,10.8,65850.0,Bachelor's degree,43.9,0.014,Training and development specialists,Low,13,Business & Financial,4.0,0.1816839747505599,0.6666666666666666,0.4241753207086133,False,Growing,0.4399999999999999,0.495,2.0,High Exposure / Adaptable,1.3185097348010573,0.712333981380832
      Market research analysts and marketing specialists,13-1161,941.7,1004.7,63.0,6.7,76950.0,Bachelor's degree,87.2,0.61,Market research analysts and marketing specialists,Medium,13,Business & Financial,4.0,0.2381897780492771,0.6666666666666666,0.4524282223579718,False,Growing,0.55,0.51,2.0,High Exposure / Adaptable,1.9157392566547513,1.1963311349119152
"      Business operations specialists, all other",13-1199,1205.7,1242.0,36.3,3.0,81270.0,Bachelor's degree,108.2,0.23,"Business operations specialists, all other",Low,13,Business & Financial,4.0,0.2601812258195887,0.6666666666666666,0.4634239462431276,False,Growing,0.43,0.485,2.0,High Exposure / Adaptable,1.6004364442913983,0.3893722807611191
      Accountants and auditors,13-2011,1579.8,1652.6,72.8,4.6,81680.0,Bachelor's degree,124.2,0.94,Accountants and auditors,High,13,Business & Financial,4.0,0.2622683771126043,0.6666666666666666,0.4644675218896354,False,Growing,0.51,0.52,2.0,High Exposure / Adaptable,1.8779679603211172,0.8714814520635634
      Budget analysts,13-2031,50.4,51.0,0.5,1.0,87930.0,Bachelor's degree,3.1,0.94,Budget analysts,High,13,Business & Financial,4.0,0.294084707798819,0.6666666666666666,0.4803756872327428,False,Growing,0.51,0.52,2.0,High Exposure / Adaptable,2.0058738135141594,0.7653579753701368
      Credit analysts,13-2041,67.8,64.8,-3.0,-4.4,80970.0,Bachelor's degree,3.7,0.98,Credit analysts,High,13,Business & Financial,4.0,0.2586540419466504,0.6666666666666666,0.4626603543066585,False,Declining,0.62,0.59,2.0,High Exposure / Adaptable,2.2335065819812394,1.5560095271545438
        Financial and investment analysts,13-2051,368.5,389.6,21.1,5.7,101350.0,Bachelor's degree,25.1,0.23,Financial analysts,Low,13,Business & Financial,4.0,0.362400733048259,0.6666666666666666,0.5145336998574628,False,Growing,0.595,0.52,2.0,High Exposure / Adaptable,2.566475459304279,1.0571274470483905
        Personal financial advisors,13-2052,326.0,357.2,31.2,9.6,102140.0,Bachelor's degree,24.1,0.58,Personal financial advisors,Medium,13,Business & Financial,4.0,0.3664223172469966,0.6666666666666666,0.5165444919568316,False,Growing,0.57,0.45,2.0,High Exposure / Adaptable,2.49853623037905,0.8908787922901118
        Insurance underwriters,13-2053,127.0,123.7,-3.3,-2.6,79880.0,Bachelor's degree,8.2,0.99,Insurance underwriters,High,13,Business & Financial,4.0,0.2531052738749745,0.6666666666666666,0.4598859702708205,False,Declining,0.53,0.46,2.0,High Exposure / Adaptable,1.908416297616585,1.0243127311946538
      Financial examiners,13-2061,65.1,77.2,12.1,18.5,90400.0,Bachelor's degree,5.7,0.17,Financial examiners,Low,13,Business & Financial,4.0,0.306658521686011,0.6666666666666666,0.4866625941763388,False,Growing,0.62,0.59,2.0,High Exposure / Adaptable,2.4264909332789,1.3958904255195024
        Credit counselors,13-2071,31.8,32.9,1.1,3.3,50480.0,Bachelor's degree,2.2,0.04,Credit counselors,Low,13,Business & Financial,4.0,0.1034412543270209,0.6666666666666666,0.3850539604968438,False,Growing,0.6,0.57,2.0,High Exposure / Adaptable,1.5422454447492409,1.9514545780123722
        Loan officers,13-2072,301.4,306.5,5.0,1.7,74180.0,Bachelor's degree,20.3,0.98,Loan officers,High,13,Business & Financial,4.0,0.2240887802891468,0.6666666666666666,0.4453777234779067,False,Growing,0.6,0.57,2.0,High Exposure / Adaptable,2.027264440057255,1.5490343543908993
"        Tax examiners and collectors, and revenue agents",13-2081,57.6,56.5,-1.0,-1.8,59740.0,Bachelor's degree,4.3,0.93,"Tax examiners and collectors, and revenue agents",High,13,Business & Financial,4.0,0.1505803298717165,0.6666666666666666,0.4086234982691916,False,Declining,0.49,0.46,2.0,High Exposure / Adaptable,1.3616820302572,1.1217495868047842
        Tax preparers,13-2082,90.6,94.7,4.1,4.5,50560.0,High school diploma or equivalent,10.4,0.99,Tax preparers,High,13,Business & Financial,1.0,0.1038485033598045,0.1666666666666666,0.1352575850132356,False,Growing,0.51,0.52,3.0,High Exposure / Low Resilience,0.08620674881918627,1.6835346421845732
"      Financial specialists, all other",13-2099,137.1,141.4,4.3,3.1,80190.0,Bachelor's degree,10.3,0.33,"Financial specialists, all other",Medium,13,Business & Financial,4.0,0.2546833638770107,0.6666666666666666,0.4606750152718387,False,Growing,0.44,0.52,2.0,High Exposure / Adaptable,1.6119769243671722,0.4688442764554353
      Actuaries,15-2011,33.6,40.9,7.3,21.8,125770.0,Bachelor's degree,2.4,0.21,Actuaries,Low,15,Computer & Math,4.0,0.4867135003054368,0.6666666666666666,0.5766900834860518,False,Growing,0.56,0.5,0.0,Low Exposure / High Skill,2.94848006862377,0.4285132926859147
      Mathematicians,15-2021,2.4,2.4,0.0,-0.7,121680.0,Master's degree,0.1,0.047,Mathematicians,Low,15,Computer & Math,5.0,0.4658928935043779,0.8333333333333333,0.6496131134188556,False,Declining,0.56,0.5,0.0,Low Exposure / High Skill,3.249742607388623,0.40341277084439264
      Operations research analysts,15-2031,112.1,136.2,24.1,21.5,91290.0,Bachelor's degree,9.6,0.035,Operations research analysts,Low,15,Computer & Math,4.0,0.311189167175728,0.6666666666666666,0.4889279169211973,False,Growing,0.56,0.5,2.0,High Exposure / Adaptable,2.242849057728398,1.0139752889082094
      Statisticians,15-2041,32.2,34.9,2.7,8.5,103300.0,Master's degree,2.0,0.22,Statisticians,Low,15,Computer & Math,5.0,0.372327428222358,0.8333333333333333,0.6028303807778457,False,Growing,0.56,0.5,2.0,High Exposure / Adaptable,2.873597074318526,0.7155006911044209
"        Architects, except landscape and naval",17-1011,123.6,128.4,4.8,3.9,96690.0,Bachelor's degree,7.8,0.018,"Architects, except landscape and naval",Low,17,Architecture & Engineering,4.0,0.3386784768886174,0.6666666666666666,0.502672571777642,False,Growing,0.37,0.39,2.0,High Exposure / Adaptable,1.714150096244079,-0.23925871446705194
        Landscape architects,17-1012,21.8,22.6,0.8,3.5,79660.0,Bachelor's degree,1.7,0.045,Landscape architects,Low,17,Architecture & Engineering,4.0,0.2519853390348198,0.6666666666666666,0.4593260028507432,False,Growing,0.37,0.38,2.0,High Exposure / Adaptable,1.365632227463679,0.04990653482719632
        Cartographers and photogrammetrists,17-1021,13.4,14.3,0.9,6.4,78380.0,Bachelor's degree,1.0,0.88,Cartographers and photogrammetrists,High,17,Architecture & Engineering,4.0,0.245469354510283,0.6666666666666666,0.4560680105884748,False,Growing,0.44,0.38,2.0,High Exposure / Adaptable,1.5749353892824676,0.49957763530585125
        Surveyors,17-1022,56.1,58.6,2.5,4.4,72740.0,Bachelor's degree,3.9,0.38,Surveyors,Medium,17,Architecture & Engineering,4.0,0.2167582976990429,0.6666666666666666,0.4417124821828548,False,Growing,0.44,0.38,2.0,High Exposure / Adaptable,1.4595131473610667,0.5953434606739993
      Aerospace engineers,17-2011,71.6,75.9,4.4,6.1,134830.0,Bachelor's degree,4.5,0.017,Aerospace engineers,Low,17,Architecture & Engineering,4.0,0.5328344532681735,0.6666666666666666,0.59975055996742,False,Growing,0.32,0.31,0.0,Low Exposure / High Skill,2.326469717231636,-1.192535913249475
      Agricultural engineers,17-2021,1.7,1.8,0.1,5.9,84630.0,Bachelor's degree,0.1,0.49,Agricultural engineers,Medium,17,Architecture & Engineering,4.0,0.2772856851964976,0.6666666666666666,0.4719761759315821,False,Growing,0.32,0.31,2.0,High Exposure / Adaptable,1.2991299043851259,-0.3401521484478741
      Bioengineers and biomedical engineers,17-2031,22.2,23.3,1.1,5.2,106950.0,Bachelor's degree,1.3,0.037,Biomedical engineers,Low,17,Architecture & Engineering,4.0,0.3909081653431073,0.6666666666666666,0.528787416004887,False,Growing,0.3,0.22,0.0,Low Exposure / High Skill,1.688622064293052,-0.8414080262588218
      Chemical engineers,17-2041,21.6,22.1,0.6,2.6,121860.0,Bachelor's degree,1.1,0.017,Chemical engineers,Low,17,Architecture & Engineering,4.0,0.4668092038281409,0.6666666666666666,0.5667379352474038,False,Growing,0.35,0.31,0.0,Low Exposure / High Skill,2.161967325208032,-0.7889068976502018
      Civil engineers,17-2051,368.9,387.5,18.5,5.0,99590.0,Bachelor's degree,23.6,0.019,Civil engineers,Low,17,Architecture & Engineering,4.0,0.353441254327021,0.6666666666666666,0.5100539604968438,False,Growing,0.3,0.34,2.0,High Exposure / Adaptable,1.5380001315729266,-0.716437020104643
      Computer hardware engineers,17-2061,76.8,82.4,5.6,7.3,155020.0,Bachelor's degree,4.7,0.22,Computer hardware engineers,Low,17,Architecture & Engineering,4.0,0.6356139279169212,0.6666666666666666,0.6511402972917939,False,Growing,0.42,0.29,0.0,Low Exposure / High Skill,3.076082900461757,-0.9240186031430034
        Electrical engineers,17-2071,192.0,205.7,13.8,7.2,111910.0,Bachelor's degree,11.7,0.1,Electrical engineers,Low,17,Architecture & Engineering,4.0,0.4161576053756872,0.6666666666666666,0.541412136021177,False,Growing,0.31,0.33,0.0,Low Exposure / High Skill,1.823770760894582,-0.8644937584410333
"        Electronics engineers, except computer",17-2072,95.9,101.8,6.0,6.2,127590.0,Bachelor's degree,5.7,0.025,"Electronics engineers, except computer",Low,17,Architecture & Engineering,4.0,0.4959784158012624,0.6666666666666666,0.5813225412339645,False,Growing,0.4499999999999999,0.315,0.0,Low Exposure / High Skill,2.615657526490731,-0.2748623118658192
      Environmental engineers,17-2081,39.4,41.0,1.5,3.9,104170.0,Bachelor's degree,3.0,0.018,Environmental engineers,Low,17,Architecture & Engineering,4.0,0.3767562614538791,0.6666666666666666,0.5217114640602729,False,Growing,0.38,0.32,0.0,Low Exposure / High Skill,1.900870432853043,-0.30513343245205304
"        Health and safety engineers, except mining safety engineers and inspectors",17-2111,23.8,24.9,1.1,4.4,109660.0,Bachelor's degree,1.5,0.028,"Health and safety engineers, except mining safety engineers and inspectors",Low,17,Architecture & Engineering,4.0,0.40470372632865,0.6666666666666666,0.5356851964976583,False,Growing,0.3,0.22,0.0,Low Exposure / High Skill,1.7440820422375551,-0.8874231657530917
        Industrial engineers,17-2112,351.1,389.6,38.5,11.0,101140.0,Bachelor's degree,25.2,0.029,Industrial engineers,Low,17,Architecture & Engineering,4.0,0.3613317043372022,0.6666666666666666,0.5139991855019344,False,Growing,0.37,0.32,2.0,High Exposure / Adaptable,1.8052190637175243,-0.3148186298727714
      Marine engineers and naval architects,17-2121,8.5,9.0,0.5,5.8,105670.0,Bachelor's degree,0.6,0.01,Marine engineers and naval architects,Low,17,Architecture & Engineering,4.0,0.3843921808185706,0.6666666666666666,0.5255294237426187,False,Growing,0.32,0.31,0.0,Low Exposure / High Skill,1.7297121685741814,-0.697406220388625
      Materials engineers,17-2131,23.0,24.3,1.3,5.7,108310.0,Bachelor's degree,1.5,0.021,Materials engineers,Low,17,Architecture & Engineering,4.0,0.3978313989004276,0.6666666666666666,0.5322490327835472,False,Growing,0.295,0.245,0.0,Low Exposure / High Skill,1.6996330721940922,-0.8950674242481573
      Mechanical engineers,17-2141,293.1,319.6,26.5,9.1,102320.0,Bachelor's degree,18.1,0.011,Mechanical engineers,Low,17,Architecture & Engineering,4.0,0.3673386275707595,0.6666666666666666,0.517002647118713,False,Growing,0.32,0.31,0.0,Low Exposure / High Skill,1.661154631262711,-0.6405240368809484
"      Mining and geological engineers, including mining safety engineers",17-2151,7.0,7.0,0.0,0.7,101020.0,Bachelor's degree,0.4,0.14,"Mining and geological engineers, including mining safety engineers",Low,17,Architecture & Engineering,4.0,0.3607208307880268,0.6666666666666666,0.5136937487273467,False,Growing,0.29,0.27,0.0,Low Exposure / High Skill,1.533622379275962,-0.8018519304937903
      Nuclear engineers,17-2161,15.4,15.3,-0.2,-1.1,127520.0,Bachelor's degree,0.8,0.07,Nuclear engineers,Low,17,Architecture & Engineering,4.0,0.4956220728975768,0.6666666666666666,0.5811443697821217,False,Declining,0.3,0.22,0.0,Low Exposure / High Skill,2.1095858083219903,-1.1906816127522264
      Petroleum engineers,17-2171,19.6,19.8,0.2,1.3,141280.0,Bachelor's degree,1.2,0.16,Petroleum engineers,Low,17,Architecture & Engineering,4.0,0.565668906536347,0.6666666666666666,0.6161677866015068,False,Growing,0.29,0.27,0.0,Low Exposure / High Skill,2.35754072320426,-1.4854569179621664
"      Engineers, all other",17-2199,158.8,162.1,3.3,2.1,117750.0,Bachelor's degree,9.3,0.014,"Engineers, all other",Low,17,Architecture & Engineering,4.0,0.4458867847688862,0.6666666666666666,0.5562767257177764,False,Growing,0.3,0.22,0.0,Low Exposure / High Skill,1.9096433786106284,-1.0247893939850627
        Architectural and civil drafters,17-3011,110.5,115.1,4.6,4.1,64280.0,Associate's degree,10.0,0.52,Architectural and civil drafters,Medium,17,Architecture & Engineering,3.0,0.1736917124821828,0.5,0.3368458562410914,False,Growing,0.35,0.44,2.0,High Exposure / Adaptable,0.5986321518167986,0.2833351934206972
        Electrical and electronics drafters,17-3012,21.6,20.4,-1.2,-5.6,73720.0,Associate's degree,1.7,0.81,Electrical and electronics drafters,High,17,Architecture & Engineering,3.0,0.2217470983506414,0.5,0.3608735491753207,False,Declining,0.35,0.44,2.0,High Exposure / Adaptable,0.7918211524795689,0.12304629422294577
        Mechanical drafters,17-3013,42.9,40.1,-2.8,-6.5,68510.0,Associate's degree,3.3,0.68,Mechanical drafters,Medium,17,Architecture & Engineering,3.0,0.1952250050906128,0.5,0.3476125025453064,False,Declining,0.35,0.44,2.0,High Exposure / Adaptable,0.685198833257849,0.21151082439458632
        Aerospace engineering and operations technologists and technicians,17-3021,9.3,10.1,0.8,8.1,79830.0,Associate's degree,0.9,0.48,Aerospace engineering and operations technicians,Medium,17,Architecture & Engineering,3.0,0.2528507432294848,0.5,0.3764253716147424,False,Growing,0.26,0.34,2.0,High Exposure / Adaptable,0.614078410993299,-0.530904746887772
        Civil engineering technologists and technicians,17-3022,64.9,66.2,1.4,2.1,64200.0,Associate's degree,5.5,0.75,Civil engineering technicians,High,17,Architecture & Engineering,3.0,0.1732844634493993,0.5,0.3366422317246996,False,Growing,0.28,0.31,2.0,High Exposure / Adaptable,0.3614966763432045,-0.14324343852946808
        Electrical and electronic engineering technologists and technicians,17-3023,93.7,94.3,0.6,0.6,77180.0,Associate's degree,8.4,0.84,Electrical and electronics engineering technicians,High,17,Architecture & Engineering,3.0,0.2393606190185298,0.5,0.3696803095092649,False,Growing,0.36,0.3075,2.0,High Exposure / Adaptable,0.8962724443147687,0.12543019644715667
        Electro-mechanical and mechatronics technologists and technicians,17-3024,15.0,15.1,0.2,1.1,70760.0,Associate's degree,1.3,0.81,Electro-mechanical technicians,High,17,Architecture & Engineering,3.0,0.2066788841376501,0.5,0.353339442068825,False,Growing,0.265,0.305,2.0,High Exposure / Adaptable,0.44528274259332273,-0.3463314280494256
        Environmental engineering technologists and technicians,17-3025,12.9,13.0,0.1,1.2,58890.0,Associate's degree,1.1,0.25,Environmental engineering technicians,Low,17,Architecture & Engineering,3.0,0.1462533088983913,0.5,0.3231266544491957,False,Growing,0.26,0.42,2.0,High Exposure / Adaptable,0.18554264045533217,-0.1753486505741162
        Industrial engineering technologists and technicians,17-3026,74.6,75.9,1.3,1.7,64790.0,Associate's degree,6.3,0.03,Industrial engineering technicians,Low,17,Architecture & Engineering,3.0,0.176287925066178,0.5,0.338143962533089,False,Growing,0.26,0.42,2.0,High Exposure / Adaptable,0.3062857658695638,-0.27552921257271096
        Mechanical engineering technologists and technicians,17-3027,38.3,38.3,0.0,0.0,68730.0,Associate's degree,3.2,0.38,Mechanical engineering technicians,Medium,17,Architecture & Engineering,3.0,0.1963449399307676,0.5,0.3481724699653838,False,Stable,0.26,0.34,2.0,High Exposure / Adaptable,0.38691761572245686,-0.3424294522802466
"        Engineering technologists and technicians, except drafters, all other",17-3029,67.3,68.3,1.0,1.5,77390.0,Associate's degree,5.7,0.24,"Engineering technicians, except drafters, all other",Low,17,Architecture & Engineering,3.0,0.2404296477295866,0.5,0.3702148238647933,False,Growing,0.28,0.355,2.0,High Exposure / Adaptable,0.6314291889217994,-0.367206423743275
      Surveying and mapping technicians,17-3031,59.4,62.1,2.7,4.5,51940.0,High school diploma or equivalent,7.6,0.96,Surveying and mapping technicians,High,17,Architecture & Engineering,1.0,0.1108735491753206,0.1666666666666666,0.1387701079209936,False,Growing,0.28,0.31,1.0,Low Exposure / Stable,-0.6593317034690251,0.25402382333175827
        Animal scientists,19-1011,2.8,2.9,0.2,5.8,79120.0,Bachelor's degree,0.2,0.061,Animal scientists,Low,19,Life & Social Science,4.0,0.2492364080635308,0.6666666666666666,0.4579515373650987,False,Growing,0.4,0.35,2.0,High Exposure / Adaptable,1.455508996270396,0.2424771799785835
        Food scientists and technologists,19-1012,15.2,16.2,1.0,6.5,85310.0,Bachelor's degree,1.2,0.077,Food scientists and technologists,Low,19,Life & Social Science,4.0,0.2807473019751578,0.6666666666666666,0.4737069843209122,False,Growing,0.4,0.35,2.0,High Exposure / Adaptable,1.5821869532727846,0.13737248866141397
        Soil and plant scientists,19-1013,20.7,21.8,1.1,5.4,71410.0,Bachelor's degree,1.7,0.021,Soil and plant scientists,Low,19,Life & Social Science,4.0,0.2099877825290164,0.6666666666666666,0.4383272245978415,False,Growing,0.345,0.3249999999999999,2.0,High Exposure / Adaptable,1.1126899724800339,0.0371548767582903
        Biochemists and biophysicists,19-1021,35.6,37.6,2.1,5.8,103650.0,Doctoral or professional degree,2.9,0.027,Biochemists and biophysicists,Low,19,Life & Social Science,6.0,0.374109142740786,1.0,0.687054571370393,False,Growing,0.4,0.35,0.0,Low Exposure / High Skill,2.7274421470712045,-0.36313169132717726
        Microbiologists,19-1022,20.7,21.6,0.8,4.1,87330.0,Bachelor's degree,1.7,0.012,Microbiologists,Low,19,Life & Social Science,4.0,0.2910303400529423,0.6666666666666666,0.4788485033598045,False,Growing,0.4,0.35,2.0,High Exposure / Adaptable,1.6235261250247754,0.10307338099409866
        Zoologists and wildlife biologists,19-1023,18.2,18.5,0.3,1.6,72860.0,Bachelor's degree,1.4,0.3,Zoologists and wildlife biologists,Medium,19,Life & Social Science,4.0,0.2173691712482182,0.6666666666666666,0.4420179189574424,False,Growing,0.4,0.35,2.0,High Exposure / Adaptable,1.3273984937122454,0.3487704542347196
"        Biological scientists, all other",19-1029,63.7,64.5,0.8,1.2,93330.0,Bachelor's degree,4.8,0.015,"Biological scientists, all other",Low,19,Life & Social Science,4.0,0.3215740175117084,0.6666666666666666,0.4941203420891875,False,Growing,0.4,0.35,2.0,High Exposure / Adaptable,1.7463157440900956,0.0011948433684092284
        Conservation scientists,19-1031,28.5,29.5,1.0,3.4,67950.0,Bachelor's degree,2.5,0.016,Conservation scientists,Low,19,Life & Social Science,4.0,0.192374261861128,0.6666666666666666,0.4295204642638973,False,Growing,0.38,0.36,2.0,High Exposure / Adaptable,1.1596304324287279,0.3098733396816919
        Foresters,19-1032,13.8,14.0,0.2,1.2,70660.0,Bachelor's degree,1.1,0.0081,Foresters,Low,19,Life & Social Science,4.0,0.2061698228466707,0.6666666666666666,0.4364182447566687,False,Growing,0.29,0.3,2.0,High Exposure / Adaptable,0.9123069068054432,-0.28634653010780253
        Epidemiologists,19-1041,12.3,14.3,2.0,16.2,83980.0,Master's degree,0.8,0.2,Epidemiologists,Low,19,Life & Social Science,5.0,0.2739767868051314,0.8333333333333333,0.5536550600692323,False,Growing,0.4,0.35,2.0,High Exposure / Adaptable,1.9399327168076848,0.06540783951207454
"        Medical scientists, except epidemiologists",19-1042,165.3,179.6,14.3,8.7,100590.0,Doctoral or professional degree,9.6,0.0045,"Medical scientists, except epidemiologists",Low,19,Life & Social Science,6.0,0.3585318672368153,1.0,0.6792659336184077,False,Growing,0.4,0.35,0.0,Low Exposure / High Skill,2.664819441347891,-0.3111736371380756
        Astronomers,19-2011,1.8,1.8,0.0,2.2,132170.0,Doctoral or professional degree,0.1,0.041,Astronomers,Low,19,Life & Social Science,6.0,0.5192934229281205,1.0,0.7596467114640603,False,Growing,0.38,0.35,0.0,Low Exposure / High Skill,3.243816913346628,-0.969662058018004
        Physicists,19-2012,24.6,25.6,1.0,4.0,166290.0,Doctoral or professional degree,1.7,0.1,Physicists,Low,19,Life & Social Science,6.0,0.6929851354103034,1.0,0.8464925677051517,False,Growing,0.38,0.35,0.0,Low Exposure / High Skill,3.9420805470980804,-1.5490113419827571
      Atmospheric and space scientists,19-2021,9.4,9.5,0.1,0.7,97450.0,Bachelor's degree,0.7,0.67,Atmospheric and space scientists,Medium,19,Life & Social Science,4.0,0.342547342700061,0.6666666666666666,0.5046070046833638,False,Growing,0.54,0.44,2.0,High Exposure / Adaptable,2.3016278436203956,0.7871122724357852
        Chemists,19-2031,86.8,91.0,4.3,4.9,84150.0,Bachelor's degree,6.3,0.1,Chemists,Low,19,Life & Social Science,4.0,0.2748421909997963,0.6666666666666666,0.4707544288332315,False,Growing,0.39,0.32,2.0,High Exposure / Adaptable,1.5248050154126238,0.09593514701402231
        Materials scientists,19-2032,8.7,9.1,0.4,4.9,104160.0,Bachelor's degree,0.6,0.021,Materials scientists,Low,19,Life & Social Science,4.0,0.3767053553247811,0.6666666666666666,0.5216860109957239,False,Growing,0.3399999999999999,0.295,0.0,Low Exposure / High Skill,1.7660953374578061,-0.5494990705761104
"        Environmental scientists and specialists, including health",19-2041,90.3,94.3,4.0,4.4,80060.0,Bachelor's degree,8.5,0.033,"Environmental scientists and specialists, including health",Low,19,Life & Social Science,4.0,0.2540215841987375,0.6666666666666666,0.4603441254327021,False,Growing,0.38,0.36,2.0,High Exposure / Adaptable,1.4074608135755655,0.10424849124050875
"        Geoscientists, except hydrologists and geographers",19-2042,25.1,26.0,0.8,3.2,99240.0,Bachelor's degree,2.0,0.63,"Geoscientists, except hydrologists and geographers",Medium,19,Life & Social Science,4.0,0.351659539808593,0.6666666666666666,0.5091631032376298,False,Growing,0.36,0.32,2.0,High Exposure / Adaptable,1.732693072839308,-0.3436909518796616
        Hydrologists,19-2043,6.3,6.3,0.0,-0.1,92060.0,Bachelor's degree,0.5,0.014,Hydrologists,Low,19,Life & Social Science,4.0,0.3151089391162696,0.6666666666666666,0.4908878028914681,False,Declining,0.36,0.32,2.0,High Exposure / Adaptable,1.5857548286911416,-0.2217763018542532
"      Physical scientists, all other",19-2099,31.9,32.1,0.2,0.6,117960.0,Bachelor's degree,2.0,0.43,"Physical scientists, all other",Medium,19,Life & Social Science,4.0,0.4469558134799429,0.6666666666666666,0.5568112400733047,False,Growing,,,,,,
      Economists,19-3011,17.6,17.8,0.2,1.2,115440.0,Master's degree,0.9,0.43,Economists,Medium,19,Life & Social Science,5.0,0.4341274689472613,0.8333333333333333,0.6337304011402973,False,Growing,0.55,0.54,0.0,Low Exposure / High Skill,3.0883987920531584,0.4482325910534176
      Survey researchers,19-3022,8.8,8.3,-0.5,-5.2,63380.0,Master's degree,0.7,0.23,Survey researchers,Low,19,Life & Social Science,5.0,0.1691101608633679,0.8333333333333333,0.5012217470983507,False,Declining,0.56,0.5,2.0,High Exposure / Adaptable,2.05663680880393,1.393332561440674
        Industrial-organizational psychologists,19-3032,5.6,5.9,0.3,6.3,109840.0,Master's degree,0.4,0.012,Industrial-organizational psychologists,Low,19,Life & Social Science,5.0,0.405620036652413,0.8333333333333333,0.6194766849928731,False,Growing,0.39,0.41,0.0,Low Exposure / High Skill,2.435513363471682,-0.4348225165763381
"        Psychologists, all other",19-3039,55.3,57.7,2.4,4.3,117580.0,Master's degree,3.9,0.0043,"Psychologists, all other",Low,19,Life & Social Science,5.0,0.4450213805742211,0.8333333333333333,0.6391773569537772,False,Growing,0.39,0.41,0.0,Low Exposure / High Skill,2.593911972065944,-0.566245830113477
      Sociologists,19-3041,3.4,3.6,0.1,3.6,101690.0,Master's degree,0.3,0.059,Sociologists,Low,19,Life & Social Science,5.0,0.3641315414375891,0.8333333333333333,0.5987324373854612,False,Growing,0.48,0.45,2.0,High Exposure / Adaptable,2.5715076344757426,0.2537672273271142
      Urban and regional planners,19-3051,44.7,46.2,1.5,3.4,83720.0,Master's degree,3.4,0.13,Urban and regional planners,Low,19,Life & Social Science,5.0,0.2726532274485848,0.8333333333333333,0.552993280390959,False,Growing,0.41,0.47,2.0,High Exposure / Adaptable,1.9682544448223858,0.1309564350642126
        Anthropologists and archeologists,19-3091,8.8,9.2,0.3,3.7,64910.0,Master's degree,0.8,0.0077,Anthropologists and archeologists,Low,19,Life & Social Science,5.0,0.1768987986153532,0.8333333333333333,0.5051160659743432,False,Growing,0.48,0.45,2.0,High Exposure / Adaptable,1.8188072696053312,0.8782826629725898
        Geographers,19-3092,1.5,1.5,0.0,-3.1,97200.0,Bachelor's degree,0.1,0.25,Geographers,Low,19,Life & Social Science,4.0,0.3412746894726125,0.6666666666666666,0.5039706780696396,False,Declining,0.48,0.45,2.0,High Exposure / Adaptable,2.0946559404474825,0.4245540579733719
        Historians,19-3093,3.4,3.5,0.1,2.2,74050.0,Master's degree,0.3,0.44,Historians,Medium,19,Life & Social Science,5.0,0.2234270006108735,0.8333333333333333,0.5283801669721034,False,Growing,0.47,0.41,2.0,High Exposure / Adaptable,1.9722141778073035,0.6619538317344317
        Political scientists,19-3094,6.5,6.3,-0.2,-3.1,139380.0,Master's degree,0.5,0.039,Political scientists,Low,19,Life & Social Science,5.0,0.5559967420077377,0.8333333333333333,0.6946650376705354,False,Declining,0.47,0.41,0.0,Low Exposure / High Skill,3.3091884800635287,-0.44733364544661575
"        Social scientists and related workers, all other",19-3099,40.8,40.1,-0.7,-1.7,100340.0,Bachelor's degree,3.2,0.04,"Social scientists and related workers, all other",Low,19,Life & Social Science,4.0,0.3572592140093668,0.6666666666666666,0.5119629403380167,False,Declining,0.53,0.5,2.0,High Exposure / Adaptable,2.3271288986293266,0.6769069178910528
      Biological technicians,19-4021,82.7,85.6,2.9,3.5,52000.0,Bachelor's degree,9.1,0.3,Biological technicians,Medium,19,Life & Social Science,4.0,0.1111789859499083,0.6666666666666666,0.3889228263082875,False,Growing,0.38,0.37,2.0,High Exposure / Adaptable,0.8332146950800856,0.5807004522033159
      Chemical technicians,19-4031,57.0,59.0,2.1,3.7,57790.0,Associate's degree,6.7,0.57,Chemical technicians,Medium,19,Life & Social Science,3.0,0.1406536346976175,0.5,0.3203268173488088,False,Growing,0.26,0.23,2.0,High Exposure / Adaptable,0.1630312102933567,-0.15667091867607302
      Nuclear technicians,19-4051,6.0,5.5,-0.5,-7.7,104240.0,Associate's degree,0.7,0.85,Nuclear technicians,High,19,Life & Social Science,3.0,0.3771126043575646,0.5,0.4385563021787823,False,Declining,0.26,0.42,0.0,Low Exposure / High Skill,1.1136275112240424,-0.945380597461618
      Social science research assistants,19-4061,40.6,42.3,1.8,4.4,58040.0,Bachelor's degree,5.2,0.65,Social science research assistants,Medium,19,Life & Social Science,4.0,0.1419262879250662,0.6666666666666666,0.4042964772958664,False,Growing,0.57,0.48,2.0,High Exposure / Adaptable,1.5960325302489482,1.6396860438389285
        Forensic science technicians,19-4092,20.7,23.3,2.6,12.8,67440.0,Bachelor's degree,2.9,0.0095,Forensic science technicians,Low,19,Life & Social Science,4.0,0.1897780492771329,0.6666666666666666,0.4282223579718998,False,Growing,0.26,0.42,2.0,High Exposure / Adaptable,0.7454819767177924,-0.4150732916804238
"        Life, physical, and social science technicians, all other",19-4099,83.2,86.2,2.9,3.5,60130.0,Associate's degree,10.6,0.61,"Life, physical, and social science technicians, all other",Medium,19,Life & Social Science,3.0,0.1525656689065363,0.5,0.3262828344532681,False,Growing,0.26,0.325,2.0,High Exposure / Adaptable,0.2109191617288317,-0.19640354835009205
"        Educational, guidance, and career counselors and advisors",21-1012,376.3,389.6,13.3,3.5,65140.0,Master's degree,31.0,0.0085,"Educational, guidance, school, and vocational counselors",Low,21,Community & Social Service,5.0,0.178069639584606,0.8333333333333333,0.5057014864589696,False,Growing,0.39,0.42,2.0,High Exposure / Adaptable,1.520730701435048,0.3241725887350473
        Marriage and family therapists,21-1013,77.8,87.7,9.8,12.6,63780.0,Master's degree,7.7,0.014,Marriage and family therapists,Low,21,Community & Social Service,5.0,0.1711464060272856,0.8333333333333333,0.5022398696803094,False,Growing,0.28,0.29,2.0,High Exposure / Adaptable,1.1228296611973905,-0.3252073908750703
        Rehabilitation counselors,21-1015,91.9,93.2,1.3,1.4,46110.0,Master's degree,10.0,0.0094,Rehabilitation counselors,Low,21,Community & Social Service,5.0,0.0811952759112197,0.8333333333333333,0.4572643046222765,False,Growing,0.28,0.29,2.0,High Exposure / Adaptable,0.7612142330500233,-0.025175097567415504
"        Child, family, and school social workers",21-1021,399.9,413.3,13.4,3.4,58570.0,Bachelor's degree,35.1,0.028,"Child, family, and school social workers",Low,21,Community & Social Service,4.0,0.1446243127672571,0.6666666666666666,0.4056454897169619,False,Growing,0.28,0.29,2.0,High Exposure / Adaptable,0.6312432128812916,-0.14219513571372974
        Healthcare social workers,21-1022,193.2,208.1,14.8,7.7,68090.0,Master's degree,18.4,0.0035,Healthcare social workers,Low,21,Community & Social Service,5.0,0.1930869476684993,0.8333333333333333,0.5132101405009163,False,Growing,0.28,0.29,2.0,High Exposure / Adaptable,1.2110335375593122,-0.3983901404028574
        Mental health and substance abuse social workers,21-1023,136.8,150.1,13.3,9.7,60060.0,Master's degree,13.5,0.0031,Mental health and substance abuse social workers,Low,21,Community & Social Service,5.0,0.1522093260028507,0.8333333333333333,0.492771329668092,False,Growing,0.28,0.29,2.0,High Exposure / Adaptable,1.0467000973768923,-0.26204269754714304
        Health education specialists,21-1091,71.8,75.0,3.2,4.5,63000.0,Bachelor's degree,7.9,0.045,Health educators,Low,21,Community & Social Service,4.0,0.1671757279576461,0.6666666666666666,0.4169211973121564,False,Growing,0.28,0.33,2.0,High Exposure / Adaptable,0.7219028816245198,-0.21741545599403064
        Probation officers and correctional treatment specialists,21-1092,92.3,94.8,2.4,2.6,64520.0,Bachelor's degree,7.9,0.25,Probation officers and correctional treatment specialists,Low,21,Community & Social Service,4.0,0.1749134595805334,0.6666666666666666,0.4207900631236,False,Growing,0.28,0.29,2.0,High Exposure / Adaptable,0.7530095851210671,-0.2432246855258716
        Social and human service assistants,21-1093,449.6,478.5,28.9,6.4,45120.0,High school diploma or equivalent,50.6,0.13,Social and human service assistants,Low,21,Community & Social Service,1.0,0.0761555691305233,0.1666666666666666,0.1214111178985949,False,Growing,0.33,0.29,3.0,High Exposure / Low Resilience,-0.630689512935612,0.6754950557080827
      Clergy,21-2011,262.0,264.6,2.6,1.0,60820.0,Bachelor's degree,23.0,0.0081,Clergy,Low,21,Community & Social Service,4.0,0.1560781918142944,0.6666666666666666,0.4113724292404805,False,Growing,0.17,0.22,2.0,High Exposure / Adaptable,0.3072205934479353,-0.8528720354619711
"      Directors, religious activities and education",21-2021,138.9,141.8,2.9,2.1,54840.0,Bachelor's degree,13.8,0.025,"Directors, religious activities and education",Low,21,Community & Social Service,4.0,0.1256363266137243,0.6666666666666666,0.3961514966401954,False,Growing,0.17,0.22,2.0,High Exposure / Adaptable,0.18484027311283327,-0.7513330929617009
        Lawyers,23-1011,864.8,900.7,35.9,4.1,151160.0,Doctoral or professional degree,31.5,0.035,Lawyers,Low,23,Legal,6.0,0.6159641620851151,1.0,0.8079820810425575,False,Growing,0.36,0.34,0.0,Low Exposure / High Skill,3.5651608346733017,-1.414375347446694
        Judicial law clerks,23-1012,14.5,14.9,0.4,2.5,60400.0,Doctoral or professional degree,1.0,0.41,Judicial law clerks,Medium,23,Legal,6.0,0.1539401343921808,1.0,0.5769700671960905,False,Growing,0.39,0.39,2.0,High Exposure / Adaptable,1.8086910314678246,0.31010890846964156
"        Administrative law judges, adjudicators, and hearing officers",23-1021,17.5,17.4,-0.1,-0.7,115230.0,Doctoral or professional degree,0.5,0.64,"Administrative law judges, adjudicators, and hearing officers",Medium,23,Legal,6.0,0.4330584402362044,1.0,0.7165292201181022,False,Declining,0.31,0.27,0.0,Low Exposure / High Skill,2.661642608299484,-1.109961999239982
"        Arbitrators, mediators, and conciliators",23-1022,9.1,9.5,0.4,4.3,67710.0,Bachelor's degree,0.3,0.06,"Arbitrators, mediators, and conciliators",Low,23,Legal,4.0,0.1911525147627774,0.6666666666666666,0.428909590714722,False,Growing,0.37,0.31,2.0,High Exposure / Adaptable,1.1210762361585833,0.2528146222650277
"        Judges, magistrate judges, and magistrates",23-1023,27.3,28.0,0.7,2.5,156210.0,Doctoral or professional degree,0.9,0.4,"Judges, magistrate judges, and magistrates",Medium,23,Legal,6.0,0.6416717572795765,1.0,0.8208358786397882,False,Growing,0.31,0.27,0.0,Low Exposure / High Skill,3.5002957065156197,-1.8057924112234407
      Paralegals and legal assistants,23-2011,376.2,376.8,0.6,0.2,61010.0,Associate's degree,39.3,0.94,Paralegals and legal assistants,High,23,Legal,3.0,0.1570454082671553,0.5,0.3285227041335777,False,Growing,0.39,0.39,2.0,High Exposure / Adaptable,0.6662822554563271,0.5833944321134644
"        Title examiners, abstractors, and searchers",23-2093,57.4,58.5,1.1,2.0,54980.0,High school diploma or equivalent,5.4,0.99,"Title examiners, abstractors, and searchers",High,23,Legal,1.0,0.1263490124210955,0.1666666666666666,0.146507839543881,False,Growing,0.39,0.39,3.0,High Exposure / Low Resilience,-0.22704956989307792,0.8748778124066827
"        Preschool teachers, except special education",25-2011,555.1,578.1,22.9,4.1,37120.0,Associate's degree,65.5,0.0074,"Preschool reachers, except special education",Low,25,Education & Library,3.0,0.0354306658521686,0.5,0.2677153329260843,False,Growing,0.21,0.17,1.0,Low Exposure / Stable,-0.42819208492432986,-0.11136865116403183
"        Kindergarten teachers, except special education",25-2012,117.2,115.2,-1.9,-1.6,61430.0,Bachelor's degree,12.8,0.15,"Kindergarten teachers, except special education",Low,25,Education & Library,4.0,0.1591834656892689,0.6666666666666666,0.4129250661779678,False,Declining,0.21,0.17,2.0,High Exposure / Adaptable,0.45427465074970363,-0.618694251100483
"        Elementary school teachers, except special education",25-2021,1422.7,1394.8,-27.9,-2.0,62340.0,Bachelor's degree,91.0,0.0044,"Elementary school teachers, except special education",Low,25,Education & Library,4.0,0.1638159234371818,0.6666666666666666,0.4152412950519242,False,Declining,0.26,0.32,2.0,High Exposure / Adaptable,0.6411108005122705,-0.32847653469858795
"        Middle school teachers, except special and career/technical education",25-2022,633.7,621.3,-12.4,-2.0,62970.0,Bachelor's degree,40.5,0.17,"Middle school teachers, except special and career/technical education",Low,25,Education & Library,4.0,0.1670230095703523,0.6666666666666666,0.4168448381185095,False,Declining,0.26,0.32,2.0,High Exposure / Adaptable,0.6540037105141293,-0.33917378114928554
"        Career/technical education teachers, middle school",25-2023,14.0,13.8,-0.3,-2.0,63620.0,Bachelor's degree,0.9,0.26,"Career/technical education teachers, middle school",Low,25,Education & Library,4.0,0.1703319079617185,0.6666666666666666,0.4184992873141926,False,Declining,0.35,0.39,2.0,High Exposure / Adaptable,0.9700894228139926,0.1999941075698227
"        Secondary school teachers, except special and career/technical education",25-2031,1094.5,1076.7,-17.8,-1.6,64580.0,Bachelor's degree,66.2,0.0078,"Secondary school teachers, except special and career/technical education",Low,25,Education & Library,4.0,0.1752188963551211,0.6666666666666666,0.4209427815108938,False,Declining,0.3,0.33,2.0,High Exposure / Adaptable,0.8215227043267843,-0.1219757530587457
"        Career/technical education teachers, secondary school",25-2032,103.4,101.5,-1.9,-1.8,63910.0,Bachelor's degree,6.2,0.0088,"Career/technical education teachers, secondary school",Low,25,Education & Library,4.0,0.1718081857055589,0.6666666666666666,0.4192374261861128,False,Declining,0.35,0.39,2.0,High Exposure / Adaptable,0.9760242544021499,0.19506997825124758
"      Adult basic education, adult secondary education, and english as a second language instructors",25-3011,40.9,35.3,-5.6,-13.7,59950.0,Bachelor's degree,3.9,0.19,Adult basic and secondary education and literacy teachers and instructors,Low,25,Education & Library,4.0,0.1516493585827733,0.6666666666666666,0.40915801262472,False,Declining,0.34,0.54,2.0,High Exposure / Adaptable,0.8613404943115069,0.20117595416251124
      Self-enrichment teachers,25-3021,417.5,433.0,15.5,3.7,45590.0,High school diploma or equivalent,51.4,0.13,Self-enrichment education teachers,Low,25,Education & Library,1.0,0.0785481571981266,0.1666666666666666,0.1226074119323966,False,Growing,0.31,0.4133333333333333,1.0,Low Exposure / Stable,-0.6883562157905594,0.5452468524173538
        Archivists,25-4011,9.3,9.7,0.4,3.8,61570.0,Master's degree,1.1,0.76,Archivists,High,25,Education & Library,5.0,0.1598961514966402,0.8333333333333333,0.4966147424149867,False,Growing,0.47,0.44,2.0,High Exposure / Adaptable,1.716811770151438,0.8738611899958654
        Curators,25-4012,15.1,16.2,1.1,7.0,61770.0,Master's degree,1.8,0.0068,Curators,Low,25,Education & Library,5.0,0.160914274078599,0.8333333333333333,0.4971238037059661,False,Growing,0.47,0.44,2.0,High Exposure / Adaptable,1.7209047574536152,0.8704652387416757
        Museum technicians and conservators,25-4013,15.7,16.5,0.8,5.4,47460.0,Bachelor's degree,1.9,0.59,Museum technicians and conservators,Medium,25,Education & Library,4.0,0.088067603339442,0.6666666666666666,0.3773671350030543,False,Growing,0.37,0.44,2.0,High Exposure / Adaptable,0.7066612718131283,0.5966546867517292
      Library technicians,25-4031,78.6,73.2,-5.4,-6.8,39970.0,Postsecondary nondegree award,13.0,0.99,Library technicians,High,25,Education & Library,,0.0499389126450824,0.1666666666666666,0.1083027896558745,True,Declining,0.415,0.42,3.0,High Exposure / Low Resilience,-0.45012173815265716,1.2825786013378446
      Farm and home management educators,25-9021,12.4,12.1,-0.3,-2.5,58120.0,Master's degree,1.1,0.0075,Farm and home management advisors,Low,25,Education & Library,5.0,0.1423335369578497,0.8333333333333333,0.4878334351455914,False,Declining,0.29,0.3,2.0,High Exposure / Adaptable,1.040640732053304,-0.16796811145981227
      Instructional coordinators,25-9031,232.6,235.5,2.9,1.3,74720.0,Master's degree,21.9,0.0042,Instructional coordinators,Low,25,Education & Library,5.0,0.2268377112604357,0.8333333333333333,0.5300855222968845,False,Growing,0.39,0.35,2.0,High Exposure / Adaptable,1.7167847932093419,0.16150652365936355
        Art directors,27-1011,135.0,140.7,5.7,4.2,111040.0,Bachelor's degree,12.3,0.023,Art directors,Low,27,Arts & Media,4.0,0.4117287721441661,0.6666666666666666,0.5391977194054164,False,Growing,0.37,0.26,0.0,Low Exposure / High Skill,2.007821935175302,-0.4829182169551585
        Craft artists,27-1012,11.6,11.9,0.2,2.1,38480.0,No formal educational credential,1.0,0.035,Craft artists,Low,27,Arts & Media,0.0,0.0423538994094889,0.0,0.0211769497047444,False,Growing,0.2249999999999999,0.2425,1.0,Low Exposure / Stable,-1.5047882412913645,0.24088284365911666
"        Fine artists, including painters, sculptors, and illustrators",27-1013,26.5,26.2,-0.3,-1.2,60560.0,Bachelor's degree,2.2,0.042,"Fine artists, including painters, sculptors, and illustrators",Low,27,Arts & Media,4.0,0.1547546324577479,0.6666666666666666,0.4107106495622072,False,Declining,0.2799999999999999,0.3399999999999999,2.0,High Exposure / Adaptable,0.6719684365379559,-0.1759848506929176
        Special effects artists and animators,27-1014,57.1,58.0,0.9,1.6,99800.0,Bachelor's degree,5.0,0.015,Multimedia artists and animators,Low,27,Arts & Media,4.0,0.3545102830380778,0.6666666666666666,0.5105884748523722,False,Growing,0.49,0.42,2.0,High Exposure / Adaptable,2.1815073868833195,0.4415405505905983
        Commercial and industrial designers,27-1021,30.6,31.6,1.0,3.2,79450.0,Bachelor's degree,2.5,0.037,Commercial and industrial designers,Low,27,Arts & Media,4.0,0.2509163103237629,0.6666666666666666,0.4587914884952148,False,Growing,0.35,0.38,2.0,High Exposure / Adaptable,1.2940493677813285,-0.0687954341992876
        Fashion designers,27-1022,25.7,26.2,0.5,2.0,80690.0,Bachelor's degree,2.3,0.021,Fashion designers,Low,27,Arts & Media,4.0,0.257228670331908,0.6666666666666666,0.4619476684992873,False,Growing,0.35,0.38,2.0,High Exposure / Adaptable,1.3194258890548285,-0.08985033197526385
        Floral designers,27-1023,43.8,41.2,-2.6,-5.9,36120.0,High school diploma or equivalent,5.1,0.047,Floral designers,Low,27,Arts & Media,1.0,0.0303400529423742,0.1666666666666666,0.0985033598045204,False,Declining,0.14,0.08,1.0,Low Exposure / Stable,-1.454083560176699,-0.3332304573655236
        Graphic designers,27-1024,265.9,271.5,5.7,2.1,61300.0,Bachelor's degree,20.0,0.082,Graphic designers,Low,27,Arts & Media,4.0,0.1585216860109957,0.6666666666666666,0.4125941763388311,False,Growing,0.49,0.42,2.0,High Exposure / Adaptable,1.3936073312141832,1.0952611670221049
        Interior designers,27-1025,87.1,89.9,2.8,3.2,63490.0,Bachelor's degree,7.8,0.022,Interior designers,Low,27,Arts & Media,4.0,0.1696701282834453,0.6666666666666666,0.4181683974750559,False,Growing,0.37,0.38,2.0,High Exposure / Adaptable,1.0347142040826416,0.32446919372842914
        Merchandise displayers and window trimmers,27-1026,193.0,199.3,6.2,3.2,37350.0,High school diploma or equivalent,20.8,0.48,Merchandise displayers and window trimmers,Medium,27,Arts & Media,1.0,0.0366015068214213,0.1666666666666666,0.1016340867440439,False,Growing,0.37,0.38,3.0,High Exposure / Low Resilience,-0.6551316235950736,1.0519631976201167
        Set and exhibit designers,27-1027,31.3,32.0,0.7,2.3,66280.0,Bachelor's degree,2.5,0.0055,Set and exhibit designers,Low,27,Arts & Media,4.0,0.1838729383017715,0.6666666666666666,0.4252698024842191,False,Growing,0.37,0.38,2.0,High Exposure / Adaptable,1.0918113769480156,0.27709567373248356
        Actors,27-2011,57.0,57.1,0.2,0.3,,"Some college, no degree",6.3,0.37,Actors,Medium,27,Arts & Media,2.0,0.1379301567908776,0.3333333333333333,0.2356317450621055,False,Growing,0.31,0.31,,,,
        Producers and directors,27-2012,167.0,175.2,8.3,4.9,83480.0,Bachelor's degree,12.8,0.022,Producers and directors,Low,27,Arts & Media,4.0,0.2714314803502341,0.6666666666666666,0.4690490735084504,False,Growing,0.37,0.26,2.0,High Exposure / Adaptable,1.4438082849352658,-0.014956134127825723
        Athletes and sports competitors,27-2021,19.1,20.2,1.0,5.5,62360.0,No formal educational credential,2.1,0.28,Athletes and sports competitors,Low,27,Arts & Media,0.0,0.1639177356953777,0.0,0.0819588678476888,False,Growing,0.23,0.26,1.0,Low Exposure / Stable,-0.9992642516576249,-0.13402680663028022
        Coaches and scouts,27-2022,306.5,326.0,19.5,6.4,45920.0,Bachelor's degree,41.8,0.013,Coaches and scouts,Low,27,Arts & Media,4.0,0.0802280594583587,0.6666666666666666,0.3734473630625127,False,Growing,0.37,0.36,2.0,High Exposure / Adaptable,0.6751452695863628,0.6228035114089895
"        Umpires, referees, and other sports officials",27-2023,19.3,20.4,1.1,5.7,38820.0,High school diploma or equivalent,4.6,0.98,"Umpires, referees, and other sports officials",High,27,Arts & Media,1.0,0.0440847077988189,0.1666666666666666,0.1053756872327428,True,Growing,0.37,0.36,3.0,High Exposure / Low Resilience,-0.6250481669240706,1.027002955901823
        Dancers,27-2031,12.3,12.9,0.6,4.5,,No formal educational credential,1.8,0.13,Dancers,Low,27,Arts & Media,0.0,0.1379301567908776,0.0,0.0689650783954388,False,Growing,0.19,0.15,,,,
        Choreographers,27-2032,4.6,4.9,0.3,6.1,55600.0,High school diploma or equivalent,0.7,0.004,Choreographers,Low,27,Arts & Media,1.0,0.1295051924251679,0.1666666666666666,0.1480859295459173,False,Growing,0.19,0.15,1.0,Low Exposure / Stable,-0.8872135394069675,-0.3583268149151369
        Music directors and composers,27-2041,47.3,47.2,-0.1,-0.3,63670.0,Bachelor's degree,4.3,0.015,Music directors and composers,Low,27,Arts & Media,4.0,0.1705864386072083,0.6666666666666666,0.4186265526369375,False,Declining,0.28,0.38,2.0,High Exposure / Adaptable,0.7356143890868138,-0.22879189269556588
        Musicians and singers,27-2042,169.8,171.6,1.8,1.1,,No formal educational credential,19.4,0.074,Musicians and singers,Low,27,Arts & Media,0.0,0.1379301567908776,0.0,0.0689650783954388,False,Growing,0.28,0.38,,,,
      Broadcast announcers and radio disc jockeys,27-3011,24.1,22.8,-1.3,-5.5,45680.0,Bachelor's degree,2.3,0.1,Radio and television announcers,Low,27,Arts & Media,4.0,0.0790063123600081,0.6666666666666666,0.3728364895133373,False,Declining,0.47,0.55,2.0,High Exposure / Adaptable,1.0066597998990696,1.238217242130933
      Public relations specialists,27-3031,315.9,331.0,15.0,4.8,69780.0,Bachelor's degree,27.6,0.18,Public relations specialists,Low,27,Arts & Media,4.0,0.2016900834860517,0.6666666666666666,0.4341783750763591,False,Growing,0.43,0.38,2.0,High Exposure / Adaptable,1.3652943237813104,0.5844696803143143
        Editors,27-3041,115.8,116.5,0.7,0.6,75260.0,Bachelor's degree,9.8,0.055,Editors,Low,27,Arts & Media,4.0,0.2295866422317246,0.6666666666666666,0.4481266544491956,False,Growing,0.545,0.615,2.0,High Exposure / Adaptable,1.8643322081975864,1.1944599935489721
        Technical writers,27-3042,56.4,56.9,0.5,0.9,91670.0,Bachelor's degree,4.5,0.89,Technical writers,High,27,Arts & Media,4.0,0.3131236000814498,0.6666666666666666,0.4898951333740582,False,Growing,0.55,0.68,2.0,High Exposure / Adaptable,2.216983122095003,0.9463891226035575
        Writers and authors,27-3043,135.4,140.3,4.9,3.6,72270.0,Bachelor's degree,13.4,0.038,Writers and authors,Low,27,Arts & Media,4.0,0.2143657096314396,0.6666666666666666,0.4405161881490531,False,Growing,0.55,0.595,2.0,High Exposure / Adaptable,1.8199633537838018,1.2757963942599528
        Interpreters and translators,27-3091,75.3,76.6,1.3,1.7,59440.0,Bachelor's degree,6.9,0.38,Interpreters and translators,Medium,27,Arts & Media,4.0,0.1490531459987782,0.6666666666666666,0.4078599063327224,False,Growing,0.59,0.59,2.0,High Exposure / Adaptable,1.6919686643792533,1.7381821029029847
        Audio and video technicians,27-4011,92.3,95.4,3.1,3.3,54830.0,Postsecondary nondegree award,7.3,0.55,Audio and video equipment technicians,Medium,27,Arts & Media,,0.1255854204846263,0.1666666666666666,0.1461260435756465,False,Growing,0.35,0.36,3.0,High Exposure / Low Resilience,-0.3646897563998391,0.6328893401605586
        Broadcast technicians,27-4012,24.8,24.2,-0.7,-2.8,53920.0,Associate's degree,1.8,0.74,Broadcast technicians,High,27,Arts & Media,3.0,0.1209529627367134,0.5,0.3104764813683567,False,Declining,0.35,0.36,2.0,High Exposure / Adaptable,0.38661540956401275,0.45924546838772085
        Sound engineering technicians,27-4014,16.9,16.6,-0.3,-1.7,66430.0,Postsecondary nondegree award,1.2,0.13,Sound engineering technicians,Low,27,Arts & Media,,0.1846365302382407,0.1666666666666666,0.1756515984524536,False,Declining,0.35,0.36,3.0,High Exposure / Low Resilience,-0.12729649287355357,0.43592416741755907
      Photographers,27-4021,151.2,154.0,2.8,1.8,42520.0,High school diploma or equivalent,12.7,0.021,Photographers,Low,27,Arts & Media,1.0,0.062919975565058,0.1666666666666666,0.1147933211158623,False,Growing,0.39,0.35,3.0,High Exposure / Low Resilience,-0.4820426788187258,1.0864455755426978
"        Camera operators, television, video, and film",27-4031,36.4,36.9,0.4,1.2,68810.0,Bachelor's degree,2.9,0.6,"Camera operators, television, video, and motion picture",Medium,27,Arts & Media,4.0,0.1967521889635512,0.6666666666666666,0.4317094278151089,False,Growing,0.35,0.36,2.0,High Exposure / Adaptable,1.0763024433054948,0.11186917252360115
        Film and video editors,27-4032,43.5,45.2,1.7,4.0,70980.0,Bachelor's degree,3.6,0.31,Film and video editors,Medium,27,Arts & Media,4.0,0.2077988189778049,0.6666666666666666,0.4372327428222358,False,Growing,0.37,0.26,2.0,High Exposure / Adaptable,1.1879965785491826,0.19729081925902694
      Chiropractors,29-1011,57.2,62.6,5.4,9.5,79000.0,Doctoral or professional degree,2.8,0.027,Chiropractors,Low,29,Healthcare Practitioners,6.0,0.2486255345143555,1.0,0.6243127672571778,False,Growing,0.2,0.16,2.0,High Exposure / Adaptable,1.5501292319272095,-1.1672578776821358
"        Dentists, general",29-1021,129.8,135.2,5.4,4.1,172790.0,Doctoral or professional degree,3.9,0.0044,"Dentists, general",Low,29,Healthcare Practitioners,6.0,0.7260741193239666,1.0,0.8630370596619833,False,Growing,0.15,0.21,0.0,Low Exposure / High Skill,3.3013225697456092,-3.065458512942827
        Oral and maxillofacial surgeons,29-1022,6.1,6.4,0.3,4.1,,Doctoral or professional degree,0.2,0.0036,Oral and maxillofacial surgeons,Low,29,Healthcare Practitioners,6.0,0.1379301567908776,1.0,0.5689650783954389,False,Growing,0.15,0.21,,,,
        Orthodontists,29-1023,5.9,6.2,0.3,4.4,,Doctoral or professional degree,0.2,0.023,Orthodontists,Low,29,Healthcare Practitioners,6.0,0.1379301567908776,1.0,0.5689650783954389,False,Growing,0.15,0.21,,,,
        Prosthodontists,29-1024,0.9,0.9,0.0,4.5,,Doctoral or professional degree,0.0,0.055,Prosthodontists,Low,29,Healthcare Practitioners,6.0,0.1379301567908776,1.0,0.5689650783954389,False,Growing,0.15,0.21,,,,
      Dietitians and nutritionists,29-1031,90.9,95.9,5.0,5.5,73850.0,Bachelor's degree,6.2,0.0039,Dietitians and nutritionists,Low,29,Healthcare Practitioners,4.0,0.2224088780289146,0.6666666666666666,0.4445377723477906,False,Growing,0.41,0.39,2.0,High Exposure / Adaptable,1.381301392365555,0.39309435444817203
      Optometrists,29-1041,47.8,51.6,3.8,8.0,134830.0,Doctoral or professional degree,2.4,0.14,Optometrists,Low,29,Healthcare Practitioners,6.0,0.5328344532681735,1.0,0.7664172266340867,False,Growing,0.24,0.16,0.0,Low Exposure / High Skill,2.827257083360139,-1.870702234602409
      Pharmacists,29-1051,335.1,350.5,15.4,4.6,137480.0,Doctoral or professional degree,14.2,0.012,Pharmacists,Low,29,Healthcare Practitioners,6.0,0.5463245774791285,1.0,0.7731622887395643,False,Growing,0.33,0.33,0.0,Low Exposure / High Skill,3.1842726686817766,-1.365493858425197
      Physician assistants,29-1071,162.7,195.8,33.2,20.4,133260.0,Master's degree,12.0,0.14,Physician assistants,Low,29,Healthcare Practitioners,5.0,0.5248421909997963,0.8333333333333333,0.6790877621665647,False,Growing,0.23,0.23,0.0,Low Exposure / High Skill,2.3765203924361358,-1.810630151189011
      Podiatrists,29-1081,9.7,9.9,0.2,1.8,152800.0,Doctoral or professional degree,0.3,0.0046,Podiatrists,Low,29,Healthcare Practitioners,6.0,0.6243127672571778,1.0,0.8121563836285889,False,Growing,0.2,0.16,0.0,Low Exposure / High Skill,3.0604415464306447,-2.420363890478114
        Occupational therapists,29-1122,160.0,182.1,22.1,13.8,98340.0,Master's degree,10.2,0.0035,Occupational therapists,Low,29,Healthcare Practitioners,5.0,0.3470779881897781,0.8333333333333333,0.5902056607615557,False,Growing,0.2,0.16,0.0,Low Exposure / High Skill,1.560956974953378,-1.4010986389725741
        Physical therapists,29-1123,267.2,296.4,29.3,10.9,101020.0,Doctoral or professional degree,13.2,0.021,Physical therapists,Low,29,Healthcare Practitioners,6.0,0.3607208307880268,1.0,0.6803604153940135,False,Growing,0.28,0.17,0.0,Low Exposure / High Skill,2.269908025957189,-1.0520812393948824
        Radiation therapists,29-1124,19.2,19.6,0.4,1.9,101990.0,Associate's degree,0.9,0.34,Radiation therapists,Medium,29,Healthcare Practitioners,3.0,0.3656587253105274,0.5,0.4328293626552637,False,Growing,0.22,0.2,0.0,Low Exposure / High Skill,0.9330109580444196,-1.151711581538751
        Recreational therapists,29-1125,16.1,16.6,0.5,3.3,60280.0,Bachelor's degree,1.3,0.0028,Recreational therapists,Low,29,Healthcare Practitioners,4.0,0.1533292608430055,0.6666666666666666,0.409997963754836,False,Growing,0.2,0.16,2.0,High Exposure / Adaptable,0.3970973622546525,-0.6603013903105843
        Respiratory therapists,29-1126,139.6,156.4,16.8,12.1,80450.0,Associate's degree,8.8,0.066,Respiratory therapists,Low,29,Healthcare Practitioners,3.0,0.2560069232335573,0.5,0.3780034616167786,False,Growing,0.3,0.26,2.0,High Exposure / Adaptable,0.7613371176601763,-0.29689676008899357
        Speech-language pathologists,29-1127,187.4,215.5,28.2,15.0,95410.0,Master's degree,13.3,0.0064,Speech-language pathologists,Low,29,Healthcare Practitioners,5.0,0.3321624923640807,0.8333333333333333,0.582747912848707,False,Growing,0.24,0.2,2.0,High Exposure / Adaptable,1.6355651570066079,-1.1068125174119297
      Veterinarians,29-1131,86.4,94.7,8.3,9.6,125510.0,Doctoral or professional degree,3.0,0.038,Veterinarians,Low,29,Healthcare Practitioners,6.0,0.4853899409488903,1.0,0.7426949704744452,False,Growing,0.14,0.18,0.0,Low Exposure / High Skill,2.3000977600033568,-2.323789495374087
      Registered nurses,29-1141,3391.0,3557.1,166.1,4.9,93600.0,Bachelor's degree,189.1,0.009,Registered nurses,Low,29,Healthcare Practitioners,4.0,0.3229484829973529,0.6666666666666666,0.4948075748320097,False,Growing,0.25,0.25,2.0,High Exposure / Adaptable,1.2472021043350559,-0.9203975746501213
      Audiologists,29-1181,15.8,17.3,1.5,9.5,92120.0,Doctoral or professional degree,0.7,0.0033,Audiologists,Low,29,Healthcare Practitioners,6.0,0.3154143758908573,1.0,0.6577071879454286,False,Growing,0.24,0.2,2.0,High Exposure / Adaptable,1.9531996449801703,-1.1454968442702103
        Cardiovascular technologists and technicians,29-2031,64.7,66.6,1.9,3.0,67260.0,Associate's degree,3.8,0.23,Cardiovascular technologists and technicians,Low,29,Healthcare Practitioners,3.0,0.1888617389533699,0.5,0.344430869476685,False,Growing,0.3,0.26,2.0,High Exposure / Adaptable,0.4914046050815812,-0.07293377487518644
        Diagnostic medical sonographers,29-2032,90.0,101.7,11.7,13.0,89340.0,Associate's degree,5.8,0.35,Diagnostic medical sonographers,Medium,29,Healthcare Practitioners,3.0,0.301262472001629,0.5,0.4006312360008145,False,Growing,0.22,0.2,2.0,High Exposure / Adaptable,0.6741295111817033,-0.936917664711256
        Nuclear medicine technologists,29-2033,20.0,20.6,0.6,3.0,97020.0,Associate's degree,0.9,0.13,Nuclear medicine technologists,Low,29,Healthcare Practitioners,3.0,0.3403583791488495,0.5,0.4201791895744247,False,Growing,0.22,0.2,2.0,High Exposure / Adaptable,0.8313002235853127,-1.0673221928721384
        Dietetic technicians,29-2051,30.9,31.7,0.8,2.5,37040.0,Associate's degree,4.0,0.13,Dietetic technicians,Low,29,Healthcare Practitioners,3.0,0.035023416819385,0.5,0.2675117084096925,False,Growing,0.3,0.26,2.0,High Exposure / Adaptable,-0.1270457762774135,0.44019445963286874
        Pharmacy technicians,29-2052,490.4,521.8,31.5,6.4,43460.0,High school diploma or equivalent,49.0,0.92,Pharmacy technicians,High,29,Healthcare Practitioners,1.0,0.0677051517002647,0.1666666666666666,0.1171859091834656,True,Growing,0.3,0.38,1.0,Low Exposure / Stable,-0.7655891420662798,0.5202798743527818
        Psychiatric technicians,29-2053,144.5,173.3,28.9,20.0,42590.0,Postsecondary nondegree award,15.9,0.043,Psychiatric technicians,Low,29,Healthcare Practitioners,,0.0632763184687436,0.1666666666666666,0.1149714925677051,False,Growing,0.3,0.26,1.0,Low Exposure / Stable,-0.7833936368307514,0.5350522623085068
        Surgical technologists,29-2055,115.6,120.8,5.2,4.5,62830.0,Postsecondary nondegree award,7.0,0.34,Surgical technologists,Medium,29,Healthcare Practitioners,,0.166310323762981,0.1666666666666666,0.1664884952148238,False,Growing,0.3,0.26,1.0,Low Exposure / Stable,-0.36918332185040553,0.19138199538451497
        Veterinary technologists and technicians,29-2056,134.2,146.4,12.2,9.1,45980.0,Associate's degree,14.3,0.029,Veterinary technologists and technicians,Low,29,Healthcare Practitioners,3.0,0.0805334962329464,0.5,0.2902667481164732,False,Growing,0.14,0.12,1.0,Low Exposure / Stable,-0.4823710279905979,-0.6897463041764738
      Licensed practical and licensed vocational nurses,29-2061,651.4,668.5,17.1,2.6,62340.0,Postsecondary nondegree award,54.4,0.058,Licensed practical and licensed vocational nurses,Low,29,Healthcare Practitioners,,0.1638159234371818,0.1666666666666666,0.1652412950519242,False,Growing,0.22,0.25,1.0,Low Exposure / Stable,-0.6483520328009954,-0.2893687954162532
"      Opticians, dispensing",29-2081,79.9,82.2,2.3,2.9,46560.0,High school diploma or equivalent,6.8,0.71,"Opticians, dispensing",High,29,Healthcare Practitioners,1.0,0.0834860517206271,0.1666666666666666,0.1250763591936469,True,Growing,0.24,0.26,1.0,Low Exposure / Stable,-0.904003507927723,0.10083947638269289
        Orthotists and prosthetists,29-2091,10.1,11.5,1.3,13.3,78310.0,Master's degree,0.9,0.0035,Orthotists and prosthetists,Low,29,Healthcare Practitioners,5.0,0.2451130116065974,0.8333333333333333,0.5392231724699653,False,Growing,0.18,0.16,2.0,High Exposure / Adaptable,1.0837590736252543,-1.1832618387088643
        Athletic trainers,29-9091,33.9,37.6,3.8,11.1,60250.0,Master's degree,2.4,0.0071,Athletic trainers,Low,29,Healthcare Practitioners,5.0,0.1531765424557117,0.8333333333333333,0.4932549378945224,False,Growing,0.25,0.38,2.0,High Exposure / Adaptable,0.9496606007913649,-0.44867042800369844
        Occupational therapy assistants,31-2011,49.2,58.7,9.5,19.2,68340.0,Associate's degree,7.2,0.028,Occupational therapy assistants,Low,31,Healthcare Support,3.0,0.1943596008959478,0.5,0.3471798004479739,False,Growing,0.3,0.26,2.0,High Exposure / Adaptable,0.5135067365133388,-0.09127191164781057
        Occupational therapy aides,31-2012,5.2,5.3,0.1,2.5,37370.0,High school diploma or equivalent,0.6,0.27,Occupational therapy aides,Low,31,Healthcare Support,1.0,0.0367033190796171,0.1666666666666666,0.1016849928731419,False,Growing,0.15,0.12,1.0,Low Exposure / Stable,-1.394859778030559,-0.2933212937825173
        Physical therapist assistants,31-2021,111.5,136.0,24.5,22.0,65510.0,Associate's degree,19.8,0.018,Physical therapist assistants,Low,31,Healthcare Support,3.0,0.1799531663612299,0.5,0.3399765831806149,False,Growing,0.17,0.17,1.0,Low Exposure / Stable,0.01823701658961466,-0.837959367383018
        Physical therapist aides,31-2022,45.6,46.9,1.3,2.8,34520.0,High school diploma or equivalent,6.6,0.61,Physical therapist aides,Medium,31,Healthcare Support,1.0,0.0221950722867033,0.1666666666666666,0.0944308694766849,False,Growing,0.15,0.12,1.0,Low Exposure / Stable,-1.4531848470865856,-0.24492898841031513
      Massage therapists,31-9011,168.0,193.9,25.9,15.4,57950.0,Postsecondary nondegree award,24.7,0.54,Massage therapists,Medium,31,Healthcare Support,,0.1414681327631846,0.1666666666666666,0.1540673997149256,False,Growing,0.17,0.17,1.0,Low Exposure / Stable,-0.9064061616214477,-0.5204969599952484
        Dental assistants,31-9091,381.9,406.3,24.4,6.4,47300.0,Postsecondary nondegree award,52.9,0.51,Dental assistants,Medium,31,Healthcare Support,,0.0872531052738749,0.1666666666666666,0.1269598859702708,False,Growing,0.155,0.14,1.0,Low Exposure / Stable,-1.1748216527236883,-0.4313633440921874
        Medical assistants,31-9092,811.0,912.2,101.2,12.5,44200.0,Postsecondary nondegree award,112.3,0.3,Medical assistants,Medium,31,Healthcare Support,,0.0714722052535125,0.1666666666666666,0.1190694359600895,False,Growing,0.35,0.38,3.0,High Exposure / Low Resilience,-0.582232031510564,0.813384149320738
        Medical equipment preparers,31-9093,76.5,84.2,7.6,10.0,46490.0,High school diploma or equivalent,10.9,0.78,Medical equipment preparers,High,31,Healthcare Support,1.0,0.0831297088169415,0.1666666666666666,0.1248981877418041,True,Growing,0.15,0.12,1.0,Low Exposure / Stable,-1.2082195570512726,-0.4481766709735652
        Medical transcriptionists,31-9094,43.9,41.8,-2.2,-4.9,37550.0,Postsecondary nondegree award,7.4,0.89,Medical transcriptionists,High,31,Healthcare Support,,0.0376196294033801,0.1666666666666666,0.1021431480350234,True,Declining,0.53,0.61,3.0,High Exposure / Low Resilience,-0.1127568521723854,2.0267089891129935
        Pharmacy aides,31-9095,41.1,41.1,-0.1,-0.1,37000.0,High school diploma or equivalent,6.1,0.72,Pharmacy aides,High,31,Healthcare Support,1.0,0.0348197923029932,0.1666666666666666,0.1007432294848299,True,Declining,0.15,0.12,1.0,Low Exposure / Stable,-1.402431804539587,-0.2870387839622665
        Veterinary assistants and laboratory animal caretakers,31-9096,117.8,128.1,10.3,8.7,37320.0,High school diploma or equivalent,22.2,0.86,Veterinary assistants and laboratory animal caretakers,High,31,Healthcare Support,1.0,0.0364487884341274,0.1666666666666666,0.101557727550397,True,Growing,0.14,0.14,1.0,Low Exposure / Stable,-1.429525636363635,-0.3536061648906613
        First-line supervisors of correctional officers,33-1011,57.1,55.5,-1.6,-2.8,76310.0,High school diploma or equivalent,4.3,0.025,First-line supervisors of oorrectional officers,Low,33,Protective Service,1.0,0.2349317857870087,0.1666666666666666,0.2007992262268377,False,Declining,0.14,0.13,1.0,Low Exposure / Stable,-0.6315977618041644,-1.0156468618949326
        First-line supervisors of police and detectives,33-1012,160.8,165.4,4.6,2.9,105980.0,High school diploma or equivalent,10.9,0.0044,First-line supervisors of police and detectives,Low,33,Protective Service,1.0,0.3859702708206068,0.1666666666666666,0.2763184687436367,False,Growing,0.23,0.2233333333333333,1.0,Low Exposure / Stable,0.2783804080416304,-0.969231500158742
      First-line supervisors of firefighting and prevention workers,33-1021,97.2,100.5,3.4,3.4,92430.0,Postsecondary nondegree award,6.5,0.0036,First-line supervisors of fire fighting and prevention workers,Low,33,Protective Service,,0.3169924658928935,0.1666666666666666,0.24182956627978,False,Growing,0.24,0.3133333333333333,1.0,Low Exposure / Stable,0.034723129826648,-0.6780219437657021
      Firefighters,33-2011,344.9,356.7,11.8,3.4,59530.0,Postsecondary nondegree award,27.1,0.17,Firefighters,Low,33,Protective Service,,0.1495113011606597,0.1666666666666666,0.1580889839136632,False,Growing,0.18,0.21,1.0,Low Exposure / Stable,-0.8404289504267147,-0.48619111598165515
        Fire inspectors and investigators,33-2021,14.7,15.2,0.6,3.8,78060.0,Postsecondary nondegree award,1.5,0.48,Fire inspectors and investigators,Medium,33,Protective Service,,0.2438403583791488,0.1666666666666666,0.2052535125229077,False,Growing,0.27,0.365,1.0,Low Exposure / Stable,-0.15843017331219741,-0.2506212693871011
        Forest fire inspectors and prevention specialists,33-2022,2.9,3.3,0.4,14.6,52380.0,High school diploma or equivalent,0.3,0.048,Forest fire inspectors and prevention specialists,Low,33,Protective Service,1.0,0.1131134188556302,0.1666666666666666,0.1398900427611484,False,Growing,0.26,0.42,1.0,Low Exposure / Stable,-0.7176123544192986,0.12428501272915739
        Bailiffs,33-3011,19.0,18.6,-0.4,-2.2,57050.0,High school diploma or equivalent,1.8,0.36,Bailiffs,Medium,33,Protective Service,1.0,0.1368865811443697,0.1666666666666666,0.1517766239055182,False,Declining,0.39,0.39,3.0,High Exposure / Low Resilience,-0.18468715131554295,0.8397297169258202
        Correctional officers and jailers,33-3012,387.5,357.4,-30.1,-7.8,57970.0,High school diploma or equivalent,30.1,0.6,Correctional officers and jailers,Medium,33,Protective Service,1.0,0.1415699450213805,0.1666666666666666,0.1541183058440236,False,Declining,0.14,0.13,1.0,Low Exposure / Stable,-1.0069246974138255,-0.7042381318857422
      Detectives and criminal investigators,33-3021,117.9,117.1,-0.8,-0.7,93580.0,High school diploma or equivalent,7.8,0.34,Detectives and criminal investigators,Medium,33,Protective Service,1.0,0.3228466707391569,0.1666666666666666,0.2447566687029118,False,Declining,0.23,0.2,1.0,Low Exposure / Stable,0.02461519530663548,-0.7586825223989838
      Fish and game wardens,33-3031,7.0,6.6,-0.4,-6.0,68180.0,Bachelor's degree,0.5,0.08,Fish and game wardens,Low,33,Protective Service,4.0,0.1935451028303807,0.6666666666666666,0.4301058847485237,False,Declining,0.2,0.21,2.0,High Exposure / Adaptable,0.5587703606906568,-0.794441464851075
      Parking enforcement workers,33-3041,8.4,8.2,-0.1,-1.5,47150.0,High school diploma or equivalent,0.7,0.84,Parking enforcement workers,High,33,Protective Service,1.0,0.0864895133374058,0.1666666666666666,0.1265780900020362,False,Declining,0.2,0.21,1.0,Low Exposure / Stable,-1.0264996414164274,-0.15371401550393293
        Police and sheriff's patrol officers,33-3051,698.8,720.8,22.0,3.1,76290.0,High school diploma or equivalent,53.7,0.098,Police and sheriff's patrol officers,Low,33,Protective Service,1.0,0.2348299735288128,0.1666666666666666,0.2007483200977397,False,Growing,0.23,0.235,1.0,Low Exposure / Stable,-0.3292235569665947,-0.46510253647428906
        Transit and railroad police,33-3052,3.1,3.2,0.1,3.0,82320.0,High school diploma or equivalent,0.2,0.57,Transit and railroad police,Medium,33,Protective Service,1.0,0.2655263693748727,0.1666666666666666,0.2160965180207696,False,Growing,0.14,0.15,1.0,Low Exposure / Stable,-0.5086034933737357,-1.1176951970833313
      Animal control workers,33-9011,12.2,12.7,0.5,3.9,45830.0,High school diploma or equivalent,1.3,0.21,Animal control workers,Low,33,Protective Service,1.0,0.0797699042964772,0.1666666666666666,0.1232182854815719,False,Growing,0.2,0.21,1.0,Low Exposure / Stable,-1.053513357610798,-0.1313007372262811
      Private detectives and investigators,33-9021,43.6,46.2,2.6,6.0,52370.0,High school diploma or equivalent,3.9,0.31,Private detectives and investigators,Medium,33,Protective Service,1.0,0.1130625127265322,0.1666666666666666,0.1398645896965994,False,Growing,0.39,0.39,3.0,High Exposure / Low Resilience,-0.2804630541864924,0.9191949762738578
        Gambling surveillance officers and gambling investigators,33-9031,10.3,10.3,0.0,0.3,43900.0,High school diploma or equivalent,1.3,0.95,Gaming surveillance officers and gaming investigators,High,33,Protective Service,1.0,0.0699450213805742,0.1666666666666666,0.1183058440236204,True,Growing,0.295,0.28,1.0,Low Exposure / Stable,-0.7734058757552558,0.4822418521327188
        Security guards,33-9032,1262.1,1267.1,5.1,0.4,38370.0,High school diploma or equivalent,161.0,0.84,Security guards,High,33,Protective Service,1.0,0.0417939319894115,0.1666666666666666,0.1042302993280391,True,Growing,0.2,0.17,1.0,Low Exposure / Stable,-1.2061817839820124,-0.00463175544500758
        Crossing guards and flaggers,33-9091,91.4,94.7,3.3,3.6,37700.0,No formal educational credential,18.0,0.49,Crossing guards,Medium,33,Protective Service,0.0,0.0383832213398493,0.0,0.0191916106699246,False,Growing,0.2,0.21,1.0,Low Exposure / Stable,-1.6048574205386856,0.10129240624622803
"        Lifeguards, ski patrol, and other recreational protective service workers",33-9092,149.7,158.4,8.7,5.8,33720.0,No formal educational credential,42.7,0.67,"Lifeguards, ski patrol, and other recreational protective service workers",Medium,33,Protective Service,0.0,0.0181225819588678,0.0,0.0090612909794339,False,Growing,0.2,0.21,1.0,Low Exposure / Stable,-1.6863078678520147,0.1688718362046021
      Chefs and head cooks,35-1011,197.3,211.3,14.0,7.1,60990.0,High school diploma or equivalent,24.4,0.1,Chefs and head cooks,Low,35,Food Preparation,1.0,0.1569435960089595,0.1666666666666666,0.161805131337813,False,Growing,0.25,0.26,1.0,Low Exposure / Stable,-0.5750518625680964,-0.08304454768539855
      First-line supervisors of food preparation and serving workers,35-1012,1215.0,1288.0,73.0,6.0,42010.0,High school diploma or equivalent,183.9,0.63,First-line supervisors of food preparation and serving workers,Medium,35,Food Preparation,1.0,0.0603237629810629,0.1666666666666666,0.1134952148238647,False,Growing,0.215,0.225,1.0,Low Exposure / Stable,-1.081225497821087,0.02526272011127814
"        Cooks, fast food",35-2011,669.5,579.2,-90.3,-13.5,30160.0,No formal educational credential,82.1,0.81,"Cooks, fast food",High,35,Food Preparation,0.0,0.0,0.0,0.0,True,Declining,0.18,0.12,1.0,Low Exposure / Stable,-1.8264482648458347,0.10705205068579426
"        Cooks, institution and cafeteria",35-2012,466.1,475.4,9.3,2.0,36450.0,No formal educational credential,69.7,0.83,"Cooks, institution and cafeteria",High,35,Food Preparation,0.0,0.0320199552026063,0.0,0.0160099776013031,True,Growing,0.18,0.19,1.0,Low Exposure / Stable,-1.697723814192358,0.00024938374153026736
"        Cooks, private household",35-2013,34.2,36.0,1.7,5.1,44530.0,Postsecondary nondegree award,5.3,0.3,"Cooks, private household",Medium,35,Food Preparation,,0.0731521075137446,0.1666666666666666,0.1199093870902056,False,Growing,0.18,0.19,1.0,Low Exposure / Stable,-1.1474029980900144,-0.23149477191743179
"        Cooks, restaurant",35-2014,1460.2,1677.2,217.0,14.9,36830.0,No formal educational credential,250.7,0.96,"Cooks, restaurant",High,35,Food Preparation,0.0,0.0339543881083282,0.0,0.0169771940541641,True,Growing,0.18,0.19,1.0,Low Exposure / Stable,-1.689947138318221,-0.00620292364143022
"        Cooks, short order",35-2015,151.1,142.7,-8.4,-5.6,35620.0,No formal educational credential,20.6,0.94,"Cooks, short order",High,35,Food Preparation,0.0,0.027794746487477,0.0,0.0138973732437385,True,Declining,0.18,0.155,1.0,Low Exposure / Stable,-1.7147097114963938,0.014342581446417224
      Food preparation workers,35-2021,902.7,871.8,-30.9,-3.4,34220.0,No formal educational credential,148.0,0.87,Food preparation workers,High,35,Food Preparation,0.0,0.020667888413765,0.0,0.0103339442068825,True,Declining,0.13,0.08,1.0,Low Exposure / Stable,-1.9115736801492949,-0.26755505438271343
      Bartenders,35-3011,756.7,801.5,44.8,5.9,33530.0,No formal educational credential,129.6,0.77,Bartenders,High,35,Food Preparation,0.0,0.0171553655060069,0.0,0.0085776827530034,True,Growing,0.26,0.22,1.0,Low Exposure / Stable,-1.488340536743891,0.5389011434262316
      Waiters and waitresses,35-3031,2329.7,2313.5,-16.3,-0.7,33760.0,No formal educational credential,456.7,0.94,Waiters and waitresses,High,35,Food Preparation,0.0,0.0183262064752596,0.0,0.0091631032376298,True,Declining,0.28,0.32,1.0,Low Exposure / Stable,-1.4163483783313233,0.6572635173272969
"      Food servers, nonrestaurant",35-3041,277.2,285.3,8.2,3.0,34460.0,No formal educational credential,48.0,0.86,"Food servers, nonrestaurant",High,35,Food Preparation,0.0,0.0218896355121156,0.0,0.0109448177560578,True,Growing,0.25,0.25,1.0,Low Exposure / Stable,-1.5029507572962988,0.4619761111725584
      Dining room and cafeteria attendants and bartender helpers,35-9011,527.4,560.6,33.1,6.3,32670.0,No formal educational credential,99.6,0.91,Dining room and cafeteria attendants and bartender helpers,High,35,Food Preparation,0.0,0.0127774384035837,0.0,0.0063887192017918,True,Growing,0.185,0.135,1.0,Low Exposure / Stable,-1.7582599684497435,0.09499979190656034
      Dishwashers,35-9021,477.7,478.6,0.9,0.2,33670.0,No formal educational credential,76.8,0.77,Dishwashers,High,35,Food Preparation,0.0,0.0178680513133781,0.0,0.008934025656689,True,Growing,0.13,0.08,1.0,Low Exposure / Stable,-1.9228293952302826,-0.2582161884336919
"      Hosts and hostesses, restaurant, lounge, and coffee shop",35-9031,429.9,423.5,-6.4,-1.5,30380.0,No formal educational credential,107.7,0.97,"Hosts and hostesses, restaurant, lounge, and coffee shop",High,35,Food Preparation,0.0,0.0011199348401547,0.0,0.0005599674200773,True,Declining,0.21,0.12,1.0,Low Exposure / Stable,-1.721018144290844,0.2867180810712605
      First-line supervisors of housekeeping and janitorial workers,37-1011,269.8,276.4,6.7,2.5,47520.0,High school diploma or equivalent,33.0,0.94,First-line Supervisors of housekeeping and janitorial workers,High,37,Building & Grounds,1.0,0.0883730401140297,0.1666666666666666,0.1275198533903482,False,Growing,0.21,0.2299999999999999,1.0,Low Exposure / Stable,-0.9852850033998676,-0.09886266640249235
"      First-line supervisors of landscaping, lawn service, and groundskeeping workers",37-1012,224.7,230.0,5.2,2.3,56170.0,High school diploma or equivalent,23.2,0.57,"First-line supervisors of landscaping, lawn service, and groundskeeping workers",Medium,37,Building & Grounds,1.0,0.1324068417837507,0.1666666666666666,0.1495367542252087,False,Growing,0.155,0.145,1.0,Low Exposure / Stable,-0.9932976658721238,-0.5819737822154981
"        Janitors and cleaners, except maids and housekeeping cleaners",37-2011,2447.7,2495.5,47.8,2.0,35930.0,No formal educational credential,351.3,0.66,"Janitors and cleaners, except maids and housekeeping cleaners",Medium,37,Building & Grounds,0.0,0.0293728364895133,0.0,0.0146864182447566,False,Growing,0.1666666666666666,0.1866666666666666,1.0,Low Exposure / Stable,-1.753222396521395,-0.07243295489316605
        Maids and housekeeping cleaners,37-2012,1356.8,1362.8,6.0,0.4,34660.0,No formal educational credential,193.5,0.69,Maids and housekeeping cleaners,Medium,37,Building & Grounds,0.0,0.0229077580940745,0.0,0.0114538790470372,False,Growing,0.13,0.12,1.0,Low Exposure / Stable,-1.9025691080845046,-0.27502614714193063
      Pest control workers,37-2021,102.4,107.5,5.1,4.9,44730.0,High school diploma or equivalent,13.4,0.66,Pest control workers,Medium,37,Building & Grounds,1.0,0.0741702300957035,0.1666666666666666,0.1204184483811851,False,Growing,0.13,0.14,1.0,Low Exposure / Stable,-1.3115230683254968,-0.5405600177800797
      Landscaping and groundskeeping workers,37-3011,1192.5,1235.0,42.4,3.6,38090.0,No formal educational credential,158.2,0.95,Landscaping and groundskeeping workers,High,37,Building & Grounds,0.0,0.0403685603746691,0.0,0.0201842801873345,True,Growing,0.12,0.1,1.0,Low Exposure / Stable,-1.8660169873596952,-0.3944005700729747
"      Pesticide handlers, sprayers, and applicators, vegetation",37-3012,29.6,30.7,1.1,3.8,45200.0,High school diploma or equivalent,4.1,0.97,"Pesticide handlers, sprayers, and applicators, vegetation",High,37,Building & Grounds,1.0,0.0765628181633068,0.1666666666666666,0.1216147424149867,True,Growing,0.13,0.14,1.0,Low Exposure / Stable,-1.3019045481653801,-0.5485405032274252
      Tree trimmers and pruners,37-3013,60.1,62.1,2.0,3.3,50430.0,High school diploma or equivalent,7.4,0.77,Tree trimmers and pruners,High,37,Building & Grounds,1.0,0.1031867236815312,0.1666666666666666,0.1349266951740989,False,Growing,0.18,0.15,1.0,Low Exposure / Stable,-1.0266598726757832,-0.3316753339160263
      Animal trainers,39-2011,47.3,49.8,2.4,5.1,38750.0,High school diploma or equivalent,7.1,0.1,Animal trainers,Low,39,Personal Care,1.0,0.0437283648951333,0.1666666666666666,0.1051975157809,False,Growing,0.14,0.16,1.0,Low Exposure / Stable,-1.400260777153067,-0.37788721635811734
      Animal caretakers,39-2021,392.1,439.6,47.6,12.1,33470.0,High school diploma or equivalent,74.6,0.82,Nonfarm animal caretakers,High,39,Personal Care,1.0,0.0168499287314192,0.1666666666666666,0.0917582976990429,True,Growing,0.14,0.16,1.0,Low Exposure / Stable,-1.5083156419305488,-0.2882341032475107
        Gambling dealers,39-3011,88.7,88.1,-0.6,-0.6,33280.0,High school diploma or equivalent,14.1,0.96,Gaming dealers,High,39,Personal Care,1.0,0.0158827122785583,0.1666666666666666,0.0912746894726125,True,Declining,0.45,0.52,3.0,High Exposure / Low Resilience,-0.46928302313412684,1.610141677016409
        Gambling and sports book writers and runners,39-3012,8.2,7.7,-0.5,-6.1,30460.0,High school diploma or equivalent,1.2,0.91,Gaming and sports book writers and runners,High,39,Personal Care,1.0,0.0015271838729382,0.1666666666666666,0.0840969252698024,True,Declining,0.45,0.52,3.0,High Exposure / Low Resilience,-0.5269941440948274,1.658024589700483
      Motion picture projectionists,39-3021,2.0,2.0,-0.1,-3.7,38180.0,No formal educational credential,0.5,0.97,Motion picture projectionists,High,39,Personal Care,0.0,0.0408267155365505,0.0,0.0204133577682752,True,Declining,0.29,0.38,1.0,Low Exposure / Stable,-1.2922507474456728,0.6433468535313973
"      Ushers, lobby attendants, and ticket takers",39-3031,121.7,123.1,1.4,1.2,31150.0,No formal educational credential,30.8,0.96,"Ushers, lobby attendants, and ticket takers",High,39,Personal Care,0.0,0.0050397067806964,0.0,0.0025198533903482,True,Growing,0.29,0.38,1.0,Low Exposure / Stable,-1.4361192511172056,0.762714540116163
        Amusement and recreation attendants,39-3091,392.3,405.5,13.2,3.4,30490.0,No formal educational credential,102.4,0.72,Amusement and recreation attendants,High,39,Personal Care,0.0,0.0016799022602321,0.0,0.000839951130116,True,Growing,0.235,0.27,1.0,Low Exposure / Stable,-1.6346604725058167,0.4376849551856852
        Costume attendants,39-3092,6.7,7.1,0.4,5.9,54810.0,High school diploma or equivalent,1.8,0.61,Costume attendants,Medium,39,Personal Care,1.0,0.1254836082264304,0.1666666666666666,0.1460751374465485,False,Growing,,,,,,
"        Locker room, coatroom, and dressing room attendants",39-3093,15.6,16.6,1.0,6.4,34800.0,High school diploma or equivalent,4.2,0.43,"Locker room, coatroom, and dressing room attendants",Medium,39,Personal Care,1.0,0.0236204439014457,0.1666666666666666,0.0951435552840562,False,Growing,0.29,0.38,1.0,Low Exposure / Stable,-0.9764581037580902,0.6061907047375016
        Embalmers,39-4011,3.6,3.7,0.0,1.3,56280.0,Associate's degree,0.6,0.54,Embalmers,Medium,39,Personal Care,3.0,0.1329668092038281,0.5,0.316483404601914,False,Growing,0.17,0.11,1.0,Low Exposure / Stable,-0.17065434740586935,-0.6812362170021659
      Funeral attendants,39-4021,32.5,33.5,1.0,3.1,34610.0,High school diploma or equivalent,5.7,0.37,Funeral attendants,Medium,39,Personal Care,1.0,0.0226532274485848,0.1666666666666666,0.0946599470576257,False,Growing,0.17,0.11,1.0,Low Exposure / Stable,-1.3840577797855418,-0.12418944863131727
        Barbers,39-5011,76.0,79.2,3.1,4.1,38960.0,Postsecondary nondegree award,8.4,0.8,Barbers,High,39,Personal Care,,0.0447973936061901,0.1666666666666666,0.1057320301364284,True,Growing,0.17,0.22,1.0,Low Exposure / Stable,-1.2950353059631852,-0.19805138840994163
"        Hairdressers, hairstylists, and cosmetologists",39-5012,575.2,607.4,32.2,5.6,35250.0,Postsecondary nondegree award,75.8,0.11,"Hairdressers, hairstylists, and cosmetologists",Low,39,Personal Care,,0.0259112197108531,0.1666666666666666,0.0962889431887599,False,Growing,0.175,0.22,1.0,Low Exposure / Stable,-1.3541389146648088,-0.10448956318387824
"        Makeup artists, theatrical and performance",39-5091,7.0,7.6,0.6,8.1,50280.0,Postsecondary nondegree award,1.1,0.01,"Makeup artists, theatrical and performance",Low,39,Personal Care,,0.1024231317450621,0.1666666666666666,0.1345448992058643,False,Growing,0.18,0.22,1.0,Low Exposure / Stable,-1.029729613152416,-0.32912837047538424
        Manicurists and pedicurists,39-5092,210.1,224.8,14.7,7.0,34660.0,Postsecondary nondegree award,24.8,0.95,Manicurists and pedicurists,High,39,Personal Care,,0.0229077580940745,0.1666666666666666,0.0947872123803705,True,Growing,0.18,0.22,1.0,Low Exposure / Stable,-1.3493919214524657,-0.06390457752317301
        Shampooers,39-5093,18.5,19.6,1.0,5.5,31470.0,No formal educational credential,2.7,0.79,Shampooers,High,39,Personal Care,0.0,0.0066687029118305,0.0,0.0033343514559152,True,Growing,0.18,0.22,1.0,Low Exposure / Stable,-1.7996391980165736,0.0848085699708524
        Skincare specialists,39-5094,97.4,103.9,6.6,6.7,41560.0,Postsecondary nondegree award,14.5,0.29,Skincare specialists,Low,39,Personal Care,,0.0580329871716554,0.1666666666666666,0.112349826919161,False,Growing,0.18,0.22,1.0,Low Exposure / Stable,-1.208183859527348,-0.1810648957927155
      Baggage porters and bellhops,39-6011,32.5,32.0,-0.5,-1.6,36020.0,High school diploma or equivalent,4.6,0.83,Baggage porters and bellhops,High,39,Personal Care,1.0,0.0298309916513948,0.1666666666666666,0.0982488291590307,True,Declining,0.37,0.28,3.0,High Exposure / Low Resilience,-0.682349989154553,1.0745462734604778
      Concierges,39-6012,45.6,46.7,1.1,2.3,37320.0,High school diploma or equivalent,6.8,0.21,Concierges,Low,39,Personal Care,1.0,0.0364487884341274,0.1666666666666666,0.101557727550397,False,Growing,0.51,0.68,3.0,High Exposure / Low Resilience,-0.18474901058495333,1.908346615211928
      Childcare workers,39-9011,991.6,962.4,-29.2,-2.9,32050.0,High school diploma or equivalent,160.2,0.084,Childcare workers,Low,39,Personal Care,1.0,0.0096212583995113,0.1666666666666666,0.0881439625330889,False,Declining,0.19,0.21,1.0,Low Exposure / Stable,-1.3691627942383477,0.041546445265693274
        Exercise trainers and group fitness instructors,39-9031,370.1,414.2,44.1,11.9,46180.0,High school diploma or equivalent,74.2,0.085,Fitness trainers and aerobics instructors,Low,39,Personal Care,1.0,0.0815516188149053,0.1666666666666666,0.1241091427407859,False,Growing,0.25,0.38,1.0,Low Exposure / Stable,-0.8781375722943278,0.16842564268734467
        Recreation workers,39-9032,327.7,341.1,13.4,4.1,35380.0,High school diploma or equivalent,68.1,0.0061,Recreation workers,Low,39,Personal Care,1.0,0.0265729993891264,0.1666666666666666,0.0966198330278965,False,Growing,0.21,0.12,1.0,Low Exposure / Stable,-1.2337293326420316,0.10727157472681906
      Residential advisors,39-9041,91.2,94.7,3.5,3.8,39180.0,High school diploma or equivalent,17.4,0.064,Residential advisors,Low,39,Personal Care,1.0,0.0459173284463449,0.1666666666666666,0.1062919975565058,False,Growing,0.21,0.12,1.0,Low Exposure / Stable,-1.1559625739006623,0.04274850089721577
      First-line supervisors of retail sales workers,41-1011,1432.6,1360.3,-72.3,-5.0,47320.0,High school diploma or equivalent,125.1,0.28,First-line supervisors of retail sales workers,Low,41,Sales,1.0,0.0873549175320708,0.1666666666666666,0.1270107920993687,False,Declining,0.36,0.42,3.0,High Exposure / Low Resilience,-0.4847388180890659,0.8215411686770714
      First-line supervisors of non-retail sales workers,41-1012,320.0,320.0,0.0,0.0,84130.0,High school diploma or equivalent,24.8,0.075,First-line supervisors of non-retail sales workers,Low,41,Sales,1.0,0.2747403787416005,0.1666666666666666,0.2207035227041335,False,Stable,0.4944444444444444,0.5633333333333334,3.0,High Exposure / Low Resilience,0.7208817162557127,1.0184271102906541
        Cashiers,41-2011,3157.2,2843.6,-313.6,-9.9,31190.0,No formal educational credential,542.6,0.97,Cashiers,High,41,Sales,0.0,0.0052433312970881,0.0,0.002621665648544,True,Declining,0.39,0.26,3.0,High Exposure / Low Resilience,-1.098874538581451,1.3733739390822415
        Gambling change persons and booth cashiers,41-2012,22.6,21.1,-1.5,-6.4,34810.0,No formal educational credential,4.0,0.83,Gaming change persons and booth cashiers,High,41,Sales,0.0,0.0236713500305436,0.0,0.0118356750152718,True,Declining,0.39,0.26,3.0,High Exposure / Low Resilience,-1.0247914684120414,1.311907221381409
        Counter and rental clerks,41-2021,408.2,421.3,13.1,3.2,38540.0,No formal educational credential,45.9,0.97,Counter and rental clerks,High,41,Sales,0.0,0.0426593361840765,0.0,0.0213296680920382,True,Growing,,,,,,
        Parts salespersons,41-2022,272.1,280.6,8.5,3.1,37440.0,No formal educational credential,30.2,0.98,Parts salespersons,High,41,Sales,0.0,0.0370596619833027,0.0,0.0185298309916513,True,Growing,0.38,0.44,3.0,High Exposure / Low Resilience,-1.0046112968959415,1.2061166034671236
      Retail salespersons,41-2031,3936.7,3917.1,-19.6,-0.5,34580.0,No formal educational credential,555.8,0.92,Retail salespersons,High,41,Sales,0.0,0.0225005090612909,0.0,0.0112502545306454,True,Declining,0.38,0.44,3.0,High Exposure / Low Resilience,-1.0631410153170773,1.2546787064020353
      Advertising sales agents,41-3011,103.7,97.1,-6.6,-6.4,61460.0,High school diploma or equivalent,9.3,0.54,Advertising sales agents,Medium,41,Sales,1.0,0.1593361840765628,0.1666666666666666,0.1630014253716147,False,Declining,0.44,0.52,3.0,High Exposure / Low Resilience,0.07377627623512717,1.0705182863793963
      Insurance sales agents,41-3021,568.8,589.8,21.1,3.7,60370.0,High school diploma or equivalent,47.0,0.92,Insurance sales agents,High,41,Sales,1.0,0.1537874160048869,0.1666666666666666,0.1602270413357768,False,Growing,0.53,0.46,3.0,High Exposure / Low Resilience,0.35425299900604806,1.639230951009955
"      Securities, commodities, and financial services sales agents",41-3031,514.5,531.6,17.1,3.3,78140.0,Bachelor's degree,38.1,0.016,"Securities, commodities, and financial services sales agents",Low,41,Sales,4.0,0.2442476074119323,0.6666666666666666,0.4554571370392995,False,Growing,0.535,0.62,2.0,High Exposure / Adaptable,1.8896286138414082,1.0844244365669495
      Travel agents,41-3041,65.7,67.2,1.4,2.2,48450.0,High school diploma or equivalent,7.1,0.099,Travel agents,Low,41,Sales,1.0,0.0931073101201384,0.1666666666666666,0.1298869883934025,False,Growing,0.5,0.63,3.0,High Exposure / Low Resilience,0.009383121273683246,1.6582280689945827
"      Sales representatives, wholesale and manufacturing, technical and scientific products",41-4011,303.2,308.9,5.7,1.9,100070.0,Bachelor's degree,27.2,0.25,"Sales representatives, wholesale and manufacturing, technical and scientific products",Low,41,Sales,4.0,0.3558847485237223,0.6666666666666666,0.5112757075951945,False,Growing,0.5,0.5766666666666667,2.0,High Exposure / Adaptable,2.220675531248791,0.4980898753191339
"      Sales representatives, wholesale and manufacturing, except technical and scientific products",41-4012,1310.5,1314.9,4.4,0.3,66780.0,High school diploma or equivalent,114.8,0.85,"Sales representatives, wholesale and manufacturing, except technical and scientific products",High,41,Sales,1.0,0.1864182447566687,0.1666666666666666,0.1765424557116676,False,Growing,0.49,0.63,3.0,High Exposure / Low Resilience,0.35086279601070397,1.2858552776264096
        Demonstrators and product promoters,41-9011,79.2,79.1,-0.1,-0.1,37960.0,No formal educational credential,14.0,0.51,Demonstrators and product promoters,Medium,41,Sales,0.0,0.0397067806963958,0.0,0.0198533903481979,False,Declining,0.42,0.54,3.0,High Exposure / Low Resilience,-0.8593990838801525,1.4418225658929966
        Models,41-9012,6.7,6.7,0.0,-0.5,89990.0,No formal educational credential,1.2,0.98,Models,High,41,Sales,0.0,0.3045713703929953,0.0,0.1522856851964976,False,Declining,0.25,0.09,1.0,Low Exposure / Stable,-0.3665328328467627,-0.4809097545531964
        Real estate brokers,41-9021,111.3,115.0,3.7,3.3,72280.0,High school diploma or equivalent,9.7,0.97,Real estate brokers,High,41,Sales,1.0,0.2144166157605375,0.1666666666666666,0.1905416412136021,False,Growing,0.35,0.38,3.0,High Exposure / Low Resilience,-0.007576614284866993,0.3365925932325123
        Real estate sales agents,41-9022,420.9,433.7,12.8,3.1,56320.0,High school diploma or equivalent,36.6,0.86,Real estate sales agents,High,41,Sales,1.0,0.1331704337202199,0.1666666666666666,0.1499185501934432,False,Growing,0.35,0.38,3.0,High Exposure / Low Resilience,-0.3341970009986178,0.6075895033168456
      Sales engineers,41-9031,56.8,59.9,3.1,5.5,121520.0,Bachelor's degree,5.0,0.0041,Sales engineers,Low,41,Sales,4.0,0.4650783954388109,0.6666666666666666,0.5658725310527388,False,Growing,0.51,0.55,0.0,Low Exposure / High Skill,2.693291030914842,0.1950079622289859
      Telemarketers,41-9041,67.4,52.5,-14.9,-22.1,34410.0,No formal educational credential,6.5,0.99,Telemarketers,High,41,Sales,0.0,0.0216351048666259,0.0,0.0108175524333129,True,Declining,0.61,0.69,3.0,High Exposure / Low Resilience,-0.2928399898506933,2.6636440201670037
"        Door-to-door sales workers, news and street vendors, and related workers",41-9091,25.3,22.8,-2.5,-10.0,34530.0,No formal educational credential,2.7,0.94,"Door-to-door sales workers, news and street vendors, and related workers",High,41,Sales,0.0,0.0222459784158012,0.0,0.0111229892079006,True,Declining,0.3075,0.3025,1.0,Low Exposure / Stable,-1.308073195572228,0.8123072170333187
      First-line supervisors of office and administrative support workers,43-1011,1558.4,1554.4,-3.9,-0.3,66140.0,High school diploma or equivalent,144.5,0.014,First-line supervisors of office and administrative support workers,Low,43,Office & Admin Support,1.0,0.1831602524944003,0.1666666666666666,0.1749134595805335,False,Declining,0.43,0.41,3.0,High Exposure / Low Resilience,0.13590956759854472,0.929919168109667
"      Switchboard operators, including answering service",43-2011,36.6,27.0,-9.6,-26.3,38370.0,High school diploma or equivalent,2.8,0.96,"Switchboard operators, including answering service",High,43,Office & Admin Support,1.0,0.0417939319894115,0.1666666666666666,0.1042302993280391,True,Declining,0.54,0.58,3.0,High Exposure / Low Resilience,-0.06233299272592618,2.073919447892507
      Telephone operators,43-2021,4.0,2.9,-1.1,-27.5,39130.0,High school diploma or equivalent,0.3,0.97,Telephone operators,High,43,Office & Admin Support,1.0,0.0456627978008552,0.1666666666666666,0.1061647322337609,True,Declining,0.54,0.58,3.0,High Exposure / Low Resilience,-0.0467796409776523,2.0610148331265865
      Bill and account collectors,43-3011,166.9,149.4,-17.5,-10.5,46040.0,High school diploma or equivalent,13.7,0.95,Bill and account collectors,High,43,Office & Admin Support,1.0,0.0808389330075341,0.1666666666666666,0.1237527998371003,True,Declining,0.43,0.57,3.0,High Exposure / Low Resilience,-0.27543565627027694,1.2712122691557262
      Billing and posting clerks,43-3021,429.8,427.9,-1.9,-0.4,47170.0,High school diploma or equivalent,42.2,0.96,Billing and posting clerks,High,43,Office & Admin Support,1.0,0.0865913255956017,0.1666666666666666,0.1266289961311341,False,Declining,0.64,0.69,3.0,High Exposure / Low Resilience,0.45418456364519594,2.535836181925079
"      Bookkeeping, accounting, and auditing clerks",43-3031,1613.4,1519.1,-94.3,-5.8,49210.0,"Some college, no degree",170.0,0.98,"Bookkeeping, accounting, and auditing clerks",High,43,Office & Admin Support,2.0,0.0969761759315821,0.3333333333333333,0.2151547546324577,False,Declining,0.565,0.585,3.0,High Exposure / Low Resilience,0.6285775769152941,1.9481458122299566
      Gambling cage workers,43-3041,14.1,13.4,-0.7,-5.0,36990.0,High school diploma or equivalent,1.3,0.39,Gaming cage workers,Medium,43,Office & Admin Support,1.0,0.0347688861738953,0.1666666666666666,0.100717776420281,False,Declining,0.45,0.52,3.0,High Exposure / Low Resilience,-0.3933581086787374,1.5471467812511912
      Payroll and timekeeping clerks,43-3051,161.1,134.2,-27.0,-16.7,55290.0,High school diploma or equivalent,13.0,0.97,Payroll and timekeeping clerks,High,43,Office & Admin Support,1.0,0.1279271024231317,0.1666666666666666,0.1472968845448992,False,Declining,0.61,0.62,3.0,High Exposure / Low Resilience,0.5194320135909994,2.2145589842399045
      Procurement clerks,43-3061,61.9,56.6,-5.4,-8.7,48510.0,High school diploma or equivalent,4.6,0.98,Procurement clerks,High,43,Office & Admin Support,1.0,0.0934127468947261,0.1666666666666666,0.1300397067806963,False,Declining,0.6,0.68,3.0,High Exposure / Low Resilience,0.347037132539656,2.2685478728352417
      Tellers,43-3071,347.4,302.5,-44.9,-12.9,39340.0,High school diploma or equivalent,29.8,0.98,Tellers,High,43,Office & Admin Support,1.0,0.046731826511912,0.1666666666666666,0.1066992465892893,True,Declining,0.58,0.72,3.0,High Exposure / Low Resilience,0.09208844171976155,2.3019845199964535
      Brokerage clerks,43-4011,40.8,36.9,-3.9,-9.5,62940.0,High school diploma or equivalent,4.1,0.98,Brokerage clerks,High,43,Office & Admin Support,1.0,0.1668702911830584,0.1666666666666666,0.1667684789248625,False,Declining,0.64,0.66,3.0,High Exposure / Low Resilience,0.7769166124218786,2.268065425532226
      Correspondence clerks,43-4021,6.9,6.5,-0.4,-5.6,46740.0,High school diploma or equivalent,0.7,0.86,Correspondence clerks,High,43,Office & Admin Support,1.0,0.0844023620443901,0.1666666666666666,0.1255345143555284,True,Declining,0.6,0.72,3.0,High Exposure / Low Resilience,0.3108141949153866,2.2986020414348203
"      Court, municipal, and license clerks",43-4031,180.4,185.9,5.5,3.0,47700.0,High school diploma or equivalent,18.5,0.46,"Court, municipal, and license clerks",Medium,43,Office & Admin Support,1.0,0.0892893504377927,0.1666666666666666,0.1279780085522296,False,Growing,0.43,0.63,3.0,High Exposure / Low Resilience,-0.24146386166220518,1.2430258737459523
"      Credit authorizers, checkers, and clerks",43-4041,12.0,11.3,-0.7,-6.2,49130.0,High school diploma or equivalent,1.0,0.97,"Credit authorizers, checkers, and clerks",High,43,Office & Admin Support,1.0,0.0965689268987986,0.1666666666666666,0.1316177967827326,False,Declining,0.64,0.66,3.0,High Exposure / Low Resilience,0.4942958392065338,2.5025558596340205
      Customer service representatives,43-4051,2814.0,2660.3,-153.7,-5.5,42830.0,High school diploma or equivalent,341.7,0.55,Customer service representatives,Medium,43,Office & Admin Support,1.0,0.0644980655670942,0.1666666666666666,0.1155823661168804,False,Declining,0.58,0.72,3.0,High Exposure / Low Resilience,0.16351107014275573,2.2427251706108446
"      Eligibility interviewers, government programs",43-4061,166.8,168.5,1.7,1.0,51500.0,High school diploma or equivalent,14.0,0.7,"Eligibility interviewers, government programs",High,43,Office & Admin Support,1.0,0.1086336794950112,0.1666666666666666,0.1376501730808389,False,Growing,0.435,0.515,3.0,High Exposure / Low Resilience,-0.14687579716706983,1.2090697293771948
      File clerks,43-4071,84.3,70.9,-13.4,-15.9,41270.0,High school diploma or equivalent,7.3,0.97,File clerks,High,43,Office & Admin Support,1.0,0.0565567094278151,0.1666666666666666,0.1116116880472408,True,Declining,0.37,0.44,3.0,High Exposure / Low Resilience,-0.574909072472398,0.9854025530379996
"      Hotel, motel, and resort desk clerks",43-4081,264.2,274.0,9.9,3.7,34270.0,High school diploma or equivalent,43.6,0.94,"Hotel, motel, and resort desk clerks",High,43,Office & Admin Support,1.0,0.0209224190592547,0.1666666666666666,0.0937945428629607,True,Growing,0.51,0.68,3.0,High Exposure / Low Resilience,-0.2471670669431573,1.9601348718383198
"      Interviewers, except eligibility and loan",43-4111,164.3,145.1,-19.1,-11.6,43830.0,High school diploma or equivalent,15.8,0.94,"Interviewers, except eligibility and loan",High,43,Office & Admin Support,1.0,0.0695886784768886,0.1666666666666666,0.1181276725717776,True,Declining,0.55,0.71,3.0,High Exposure / Low Resilience,0.08304817213104704,2.0423438375748217
"      Library assistants, clerical",43-4121,84.5,78.9,-5.6,-6.7,36010.0,High school diploma or equivalent,12.8,0.95,"Library assistants, clerical",High,43,Office & Admin Support,1.0,0.0297800855222968,0.1666666666666666,0.0982233760944817,True,Declining,0.46,0.4,3.0,High Exposure / Low Resilience,-0.3797711349518745,1.6249208013184122
      Loan interviewers and clerks,43-4131,177.6,173.5,-4.1,-2.3,48950.0,High school diploma or equivalent,13.3,0.92,Loan interviewers and clerks,High,43,Office & Admin Support,1.0,0.0956526165750356,0.1666666666666666,0.1311596416208511,False,Declining,0.64,0.66,3.0,High Exposure / Low Resilience,0.49061215063457414,2.5056122157627914
      New accounts clerks,43-4141,38.9,33.8,-5.2,-13.2,46610.0,High school diploma or equivalent,2.3,0.99,New accounts clerks,High,43,Office & Admin Support,1.0,0.0837405823661168,0.1666666666666666,0.1252036245163917,True,Declining,0.64,0.66,3.0,High Exposure / Low Resilience,0.44272419919909917,2.5453448454368104
      Order clerks,43-4151,89.5,74.1,-15.4,-17.2,44660.0,"Some college, no degree",8.0,0.98,Order clerks,High,43,Office & Admin Support,2.0,0.0738138871920179,0.3333333333333333,0.2035736102626756,False,Declining,0.63,0.72,3.0,High Exposure / Low Resilience,0.7541390905897177,2.4227737862537664
"      Human resources assistants, except payroll and timekeeping",43-4161,95.2,88.4,-6.8,-7.1,49440.0,Associate's degree,9.0,0.9,"Human resources assistants, except payroll and timekeeping",High,43,Office & Admin Support,3.0,0.0981470169008348,0.5,0.2990735084504174,False,Declining,0.6,0.71,3.0,High Exposure / Low Resilience,1.1359977816835394,2.063661249523859
      Receptionists and information clerks,43-4171,1007.2,1007.6,0.3,0.0,37230.0,High school diploma or equivalent,128.5,0.96,Receptionists and information clerks,High,43,Office & Admin Support,1.0,0.0359906332722459,0.1666666666666666,0.1013286499694563,True,Stable,0.5733333333333333,0.6933333333333334,3.0,High Exposure / Low Resilience,0.026479018010102447,2.29705589978036
      Reservation and transportation ticket agents and travel clerks,43-4181,131.9,135.6,3.7,2.8,41460.0,High school diploma or equivalent,14.4,0.61,Reservation and transportation ticket agents and travel clerks,Medium,43,Office & Admin Support,1.0,0.057523925880676,0.1666666666666666,0.1120952962736713,False,Growing,0.56,0.74,3.0,High Exposure / Low Resilience,0.06818888410777746,2.143719718858661
      Cargo and freight agents,43-5011,100.6,109.2,8.6,8.5,49900.0,High school diploma or equivalent,8.8,0.99,Cargo and freight agents,High,43,Office & Admin Support,1.0,0.1004886988393402,0.1666666666666666,0.1335776827530034,False,Growing,0.505,0.515,3.0,High Exposure / Low Resilience,0.0558785849682349,1.6641743518625534
      Couriers and messengers,43-5021,247.2,267.6,20.4,8.2,38340.0,High school diploma or equivalent,27.9,0.94,Couriers and messengers,High,43,Office & Admin Support,1.0,0.0416412136021177,0.1666666666666666,0.1041539401343921,True,Growing,0.31,0.2925,1.0,Low Exposure / Stable,-0.8367270054944875,0.6683500853817282
        Public safety telecommunicators,43-5031,105.2,108.9,3.6,3.5,50730.0,High school diploma or equivalent,10.7,0.49,"Police, fire, and ambulance dispatchers",Medium,43,Office & Admin Support,1.0,0.1047139075544695,0.1666666666666666,0.1356902871105681,False,Growing,0.2,0.21,1.0,Low Exposure / Stable,-0.9532351687074534,-0.21450154295392748
"        Dispatchers, except police, fire, and ambulance",43-5032,218.7,216.7,-2.1,-0.9,48880.0,High school diploma or equivalent,18.5,0.96,"Dispatchers, except police, fire, and ambulance",High,43,Office & Admin Support,1.0,0.09529627367135,0.1666666666666666,0.1309814701690083,False,Declining,0.5,0.55,3.0,High Exposure / Low Resilience,0.018183043973364683,1.6509267737980748
"      Meter readers, utilities",43-5041,20.1,17.7,-2.4,-12.0,49180.0,High school diploma or equivalent,1.3,0.85,"Meter readers, utilities",High,43,Office & Admin Support,1.0,0.0968234575442883,0.1666666666666666,0.1317450621054774,False,Declining,0.38,0.36,3.0,High Exposure / Low Resilience,-0.37938881316375267,0.9122265398564908
        Postal service clerks,43-5051,74.2,71.6,-2.6,-3.5,61630.0,No formal educational credential,6.1,0.95,Postal service clerks,High,43,Office & Admin Support,0.0,0.1602015882712278,0.0,0.0801007941356139,True,Declining,0.495,0.6,3.0,High Exposure / Low Resilience,-0.12267445036097574,1.4984156768723393
        Postal service mail carriers,43-5052,319.4,308.1,-11.3,-3.5,57490.0,No formal educational credential,20.6,0.68,Postal service mail carriers,Medium,43,Office & Admin Support,0.0,0.1391264508246793,0.0,0.0695632254123396,False,Declining,0.41,0.48,3.0,High Exposure / Low Resilience,-0.49336148533006785,1.049074066999686
"        Postal service mail sorters, processors, and processing machine operators",43-5053,106.4,97.5,-8.9,-8.4,56530.0,No formal educational credential,7.8,0.79,"Postal service mail sorters, processors, and processing machine operators",High,43,Office & Admin Support,0.0,0.1342394624312767,0.0,0.0671197312156383,True,Declining,0.41,0.48,3.0,High Exposure / Low Resilience,-0.5130078243805192,1.0653746330197966
"      Production, planning, and expediting clerks",43-5061,388.8,381.7,-7.1,-1.8,57770.0,High school diploma or equivalent,34.1,0.88,"Production, planning, and expediting clerks",High,43,Office & Admin Support,1.0,0.1405518224394217,0.1666666666666666,0.1536092445530441,False,Declining,0.44,0.6,3.0,High Exposure / Low Resilience,-0.0017393394900446146,1.1331735870191952
"      Shipping, receiving, and inventory clerks",43-5071,862.2,795.8,-66.3,-7.7,43190.0,High school diploma or equivalent,69.3,0.98,"Shipping, receiving, and traffic clerks",High,43,Office & Admin Support,1.0,0.0663306862146202,0.1666666666666666,0.1164986764406434,True,Declining,0.47,0.405,3.0,High Exposure / Low Resilience,-0.19919027929617633,1.5641400102146952
"      Weighers, measurers, checkers, and samplers, recordkeeping",43-5111,49.8,47.4,-2.4,-4.8,45650.0,High school diploma or equivalent,5.3,0.95,"Weighers, measurers, checkers, and samplers, recordkeeping",High,43,Office & Admin Support,1.0,0.0788535939727143,0.1666666666666666,0.1227601303196904,True,Declining,0.37,0.35,3.0,High Exposure / Low Resilience,-0.48527265055471447,0.9110312205712464
      Executive secretaries and executive administrative assistants,43-6011,502.8,494.9,-7.9,-1.6,74260.0,High school diploma or equivalent,50.0,0.86,Executive secretaries and executive administrative assistants,High,43,Office & Admin Support,1.0,0.2244960293219303,0.1666666666666666,0.1955813479942985,False,Declining,0.54,0.58,3.0,High Exposure / Low Resilience,0.6721535786497957,1.4645159953281754
      Legal secretaries and administrative assistants,43-6012,156.3,147.3,-9.0,-5.8,54140.0,High school diploma or equivalent,19.6,0.98,Legal secretaries,High,43,Office & Admin Support,1.0,0.1220728975768682,0.1666666666666666,0.1443697821217674,False,Declining,0.55,0.64,3.0,High Exposure / Low Resilience,0.29404166755828837,1.8672825504213455
      Medical secretaries and administrative assistants,43-6013,850.0,885.3,35.3,4.2,44640.0,High school diploma or equivalent,85.9,0.81,Medical secretaries,High,43,Office & Admin Support,1.0,0.073712074933822,0.1666666666666666,0.1201893708002443,True,Growing,0.53,0.61,3.0,High Exposure / Low Resilience,0.032339547689801136,1.9063225171519702
"      Secretaries and administrative assistants, except legal, medical, and executive",43-6014,1944.0,1913.2,-30.8,-1.6,46290.0,High school diploma or equivalent,202.8,0.96,"Secretaries and administrative assistants, except legal, medical, and executive",High,43,Office & Admin Support,1.0,0.0821115862349826,0.1666666666666666,0.1243891264508246,True,Declining,0.58,0.64,3.0,High Exposure / Low Resilience,0.23431975047042347,2.1839752139133637
        Data entry keyers,43-9021,141.6,104.9,-36.7,-25.9,39850.0,High school diploma or equivalent,9.5,0.99,Data entry keyers,High,43,Office & Admin Support,1.0,0.0493280390959071,0.1666666666666666,0.1079973528812869,True,Declining,0.7,0.7,3.0,High Exposure / Low Resilience,0.506236897430697,3.026931151358569
        Word processors and typists,43-9022,40.0,25.6,-14.4,-36.1,47850.0,High school diploma or equivalent,2.2,0.81,Word processors and typists,High,43,Office & Admin Support,1.0,0.0900529423742618,0.1666666666666666,0.1283598045204642,False,Declining,0.65,0.77,3.0,High Exposure / Low Resilience,0.5017433319801307,2.585423806582526
      Desktop publishers,43-9031,5.0,4.4,-0.6,-12.4,53620.0,Associate's degree,0.4,0.16,Desktop publishers,Low,43,Office & Admin Support,3.0,0.1194257788637751,0.5,0.3097128894318876,False,Declining,0.38,0.26,2.0,High Exposure / Adaptable,0.48140376313334265,0.6477409720340802
      Insurance claims and policy processing clerks,43-9041,256.7,247.2,-9.5,-3.7,48450.0,High school diploma or equivalent,20.3,0.98,Insurance claims and policy processing clerks,High,43,Office & Admin Support,1.0,0.0931073101201384,0.1666666666666666,0.1298869883934025,False,Declining,0.64,0.66,3.0,High Exposure / Low Resilience,0.4803796823791307,2.5141020938982654
"      Mail clerks and mail machine operators, except postal service",43-9051,67.4,62.9,-4.4,-6.6,38150.0,High school diploma or equivalent,6.9,0.94,"Mail clerks and mail machine operators, except postal service",High,43,Office & Admin Support,1.0,0.0406739971492567,0.1666666666666666,0.1036703319079617,True,Declining,0.41,0.48,3.0,High Exposure / Low Resilience,-0.5041892283562368,1.2829148282901246
"      Office clerks, general",43-9061,2646.0,2468.2,-177.8,-6.7,43630.0,High school diploma or equivalent,282.4,0.96,"Office clerks, general",High,43,Office & Admin Support,1.0,0.0685705558949297,0.1666666666666666,0.1176186112807982,True,Declining,0.6,0.68,3.0,High Exposure / Low Resilience,0.24716824236652907,2.3514090834374692
"      Office machine operators, except computer",43-9071,25.5,21.6,-3.9,-15.2,39020.0,High school diploma or equivalent,2.8,0.92,"Office machine operators, except computer",High,43,Office & Admin Support,1.0,0.0451028303807778,0.1666666666666666,0.1058847485237222,True,Declining,0.37,0.44,3.0,High Exposure / Low Resilience,-0.6209551796218931,1.0236070046476333
      Proofreaders and copy markers,43-9081,12.0,11.9,-0.1,-0.6,49210.0,Bachelor's degree,1.9,0.84,Proofreaders and copy markers,High,43,Office & Admin Support,4.0,0.0969761759315821,0.6666666666666666,0.3818214212991244,False,Declining,0.51,0.65,2.0,High Exposure / Adaptable,1.2134714718126274,1.4228141381812522
      Statistical assistants,43-9111,6.5,6.3,-0.2,-2.5,51440.0,Bachelor's degree,0.8,0.66,Statistical assistants,Medium,43,Office & Admin Support,4.0,0.1083282427204235,0.6666666666666666,0.3874974546935451,False,Declining,0.57,0.48,2.0,High Exposure / Adaptable,1.460963949277096,1.7517524352271867
"      First-line supervisors of farming, fishing, and forestry workers",45-1011,65.4,67.0,1.6,2.5,59330.0,High school diploma or equivalent,8.5,0.57,"First-line supervisors of farming, fishing, and forestry workers",Medium,45,Farming & Fishing,1.0,0.1484931785787009,0.1666666666666666,0.1575799226226837,False,Growing,0.1746153846153846,0.2030769230769231,1.0,Low Exposure / Stable,-0.8626371900791013,-0.5157133964545307
      Agricultural inspectors,45-2011,14.7,14.9,0.2,1.5,50990.0,Bachelor's degree,2.2,0.94,Agricultural inspectors,High,45,Farming & Fishing,4.0,0.106037466911016,0.6666666666666666,0.3863520667888414,False,Growing,0.3033333333333333,0.34,2.0,High Exposure / Adaptable,0.5546184209796784,0.12915708763733771
      Animal breeders,45-2021,7.9,8.1,0.2,2.4,52000.0,High school diploma or equivalent,1.2,0.95,Animal breeders,High,45,Farming & Fishing,1.0,0.1111789859499083,0.1666666666666666,0.1389228263082875,False,Growing,0.1983333333333333,0.235,1.0,Low Exposure / Stable,-0.9328518012565495,-0.2462548099049806
"      Graders and sorters, agricultural products",45-2041,38.9,36.8,-2.1,-5.4,35430.0,No formal educational credential,5.1,0.41,"Graders and sorters, agricultural products",Medium,45,Farming & Fishing,0.0,0.0268275300346161,0.0,0.013413765017308,False,Declining,0.1866666666666666,0.18,1.0,Low Exposure / Stable,-1.6961696417617746,0.0583246410856914
      Forest and conservation workers,45-4011,10.8,10.3,-0.5,-4.7,43680.0,High school diploma or equivalent,2.0,0.87,Forest and conservation workers,High,45,Farming & Fishing,1.0,0.0688250865404194,0.1666666666666666,0.117745876603543,True,Declining,0.105,0.125,1.0,Low Exposure / Stable,-1.417117780430758,-0.675565920999813
        Fallers,45-4021,5.6,5.2,-0.4,-7.3,53900.0,High school diploma or equivalent,0.7,0.76,Fallers,High,45,Farming & Fishing,1.0,0.1208511504785176,0.1666666666666666,0.1437589085725921,False,Declining,0.12,0.14,1.0,Low Exposure / Stable,-1.157502212028198,-0.7573982417063664
        Logging equipment operators,45-4022,30.9,30.5,-0.4,-1.4,49210.0,High school diploma or equivalent,4.2,0.79,Logging equipment operators,High,45,Farming & Fishing,1.0,0.0969761759315821,0.1666666666666666,0.1318214212991244,False,Declining,0.12,0.13,1.0,Low Exposure / Stable,-1.2534827642642565,-0.6777631847956191
        Log graders and scalers,45-4023,4.6,4.6,0.0,-0.7,46710.0,High school diploma or equivalent,0.6,0.97,Log graders and scalers,High,45,Farming & Fishing,1.0,0.0842496436570963,0.1666666666666666,0.1254581551618814,True,Declining,0.12,0.14,1.0,Low Exposure / Stable,-1.3046451055414732,-0.6353137941182487
      First-line supervisors of construction trades and extraction workers,47-1011,921.6,970.6,49.0,5.3,78690.0,High school diploma or equivalent,74.4,0.17,First-line supervisors of construction trades and extraction workers,Low,47,Construction & Extraction,1.0,0.2470474445123192,0.1666666666666666,0.2068570555894929,False,Growing,0.285,0.25,1.0,Low Exposure / Stable,-0.09507334604904127,-0.16961772745526116
      Boilermakers,47-2011,10.4,10.1,-0.2,-2.4,73340.0,High school diploma or equivalent,0.8,0.68,Boilermakers,Medium,47,Construction & Extraction,1.0,0.2198126654449196,0.1666666666666666,0.1932396660557931,False,Declining,0.21,0.21,1.0,Low Exposure / Stable,-0.4568803426887739,-0.5372799733183756
        Brickmasons and blockmasons,47-2021,74.1,76.4,2.4,3.2,60800.0,High school diploma or equivalent,5.6,0.82,Brickmasons and blockmasons,High,47,Construction & Extraction,1.0,0.1559763795560985,0.1666666666666666,0.1613215231113826,False,Growing,0.09,0.1,1.0,Low Exposure / Stable,-1.1172219846256761,-1.0579601367409839
        Stonemasons,47-2022,12.1,11.8,-0.4,-3.0,51990.0,High school diploma or equivalent,0.8,0.89,Stonemasons,High,47,Construction & Extraction,1.0,0.1111280798208104,0.1666666666666666,0.1388973732437385,False,Declining,0.11,0.12,1.0,Low Exposure / Stable,-1.2302328522715236,-0.7861007661505469
      Carpenters,47-2031,959.0,1002.1,43.1,4.5,59310.0,High school diploma or equivalent,74.1,0.72,Carpenters,High,47,Construction & Extraction,1.0,0.148391366320505,0.1666666666666666,0.1575290164935858,False,Growing,0.13,0.13,1.0,Low Exposure / Stable,-1.0131442939967692,-0.7881248642105049
        Carpet installers,47-2041,20.3,18.3,-1.9,-9.6,49850.0,No formal educational credential,1.1,0.87,Carpet Installers,High,47,Construction & Extraction,0.0,0.1002341681938505,0.0,0.0501170840969252,True,Declining,0.1,0.1,1.0,Low Exposure / Stable,-1.6926345570067323,-0.7163502216627089
"        Floor layers, except carpet, wood, and hard tiles",47-2042,33.7,36.9,3.2,9.5,54340.0,No formal educational credential,2.7,0.79,"Floor layers, except carpet, wood, and hard tiles",High,47,Construction & Extraction,0.0,0.1230910201588271,0.0,0.0615455100794135,True,Growing,0.1,0.1,1.0,Low Exposure / Stable,-1.600746992072851,-0.7925893273192665
        Floor sanders and finishers,47-2043,5.6,5.8,0.1,2.6,49150.0,No formal educational credential,0.4,0.87,Floor sanders and finishers,High,47,Construction & Extraction,0.0,0.0966707391569945,0.0,0.0483353695784972,True,Growing,0.1,0.1,1.0,Low Exposure / Stable,-1.7069600125643527,-0.7044643922730452
        Tile and stone setters,47-2044,52.6,58.0,5.3,10.1,52240.0,No formal educational credential,4.2,0.75,Tile and marble setters,High,47,Construction & Extraction,0.0,0.112400733048259,0.0,0.0562003665241295,True,Growing,0.1,0.1,1.0,Low Exposure / Stable,-1.643723358745713,-0.7569318391502753
        Cement masons and concrete finishers,47-2051,206.7,210.4,3.8,1.8,54660.0,No formal educational credential,14.3,0.94,Cement masons and concrete finishers,High,47,Construction & Extraction,0.0,0.1247200162899613,0.0,0.0623600081449806,True,Growing,0.1,0.09,1.0,Low Exposure / Stable,-1.5941982123893674,-0.7980228493259699
        Terrazzo workers and finishers,47-2053,1.5,1.3,-0.2,-11.1,57260.0,High school diploma or equivalent,0.1,0.88,Terrazzo workers and finishers,High,47,Construction & Extraction,1.0,0.1379556098554265,0.1666666666666666,0.1523111382610466,False,Declining,0.1,0.09,1.0,Low Exposure / Stable,-1.156025248366683,-0.9367179406201355
      Construction laborers,47-2061,1457.0,1563.4,106.5,7.3,46730.0,No formal educational credential,129.4,0.88,Construction labourers,High,47,Construction & Extraction,0.0,0.0843514559152922,0.0,0.0421757279576461,True,Growing,0.09,0.1,1.0,Low Exposure / Stable,-1.7901277704282303,-0.7245072410190423
"        Paving, surfacing, and tamping equipment operators",47-2071,47.0,48.6,1.5,3.2,51650.0,High school diploma or equivalent,4.0,0.83,"Paving, surfacing, and tamping equipment operators",High,47,Construction & Extraction,1.0,0.1093972714314803,0.1666666666666666,0.1380319690490735,False,Growing,0.13,0.12,1.0,Low Exposure / Stable,-1.1699057076701613,-0.6580599311750412
        Pile driver operators,47-2072,3.2,3.3,0.1,4.3,70510.0,High school diploma or equivalent,0.3,0.82,Pile-driver operators,High,47,Construction & Extraction,1.0,0.2054062309102015,0.1666666666666666,0.1860364487884341,False,Growing,0.13,0.12,1.0,Low Exposure / Stable,-0.7839370050748392,-0.9782981344451246
        Operating engineers and other construction equipment operators,47-2073,489.3,507.1,17.8,3.6,58710.0,High school diploma or equivalent,41.9,0.95,Operating engineers and other construction equipment operators,High,47,Construction & Extraction,1.0,0.1453369985746283,0.1666666666666666,0.1560018326206475,False,Growing,0.13,0.12,1.0,Low Exposure / Stable,-1.0254232559033016,-0.7779370104479356
        Drywall and ceiling tile installers,47-2081,103.1,107.4,4.3,4.2,58140.0,No formal educational credential,7.7,0.79,Drywall and ceiling tile installers,High,47,Construction & Extraction,0.0,0.1424353492160456,0.0,0.0712176746080228,True,Growing,0.11,0.12,1.0,Low Exposure / Stable,-1.4893376218239498,-0.795978542227178
        Tapers,47-2082,15.6,15.6,0.0,0.1,64700.0,No formal educational credential,1.1,0.62,Tapers,Medium,47,Construction & Extraction,0.0,0.1758297699042964,0.0,0.0879148849521482,False,Growing,0.11,0.12,1.0,Low Exposure / Stable,-1.3550876383125336,-0.9073657433645982
      Electricians,47-2111,818.7,896.1,77.4,9.5,62350.0,High school diploma or equivalent,81.0,0.15,Electricians,Low,47,Construction & Extraction,1.0,0.1638668295662797,0.1666666666666666,0.1652667481164732,False,Growing,0.19,0.18,1.0,Low Exposure / Stable,-0.7490752179584825,-0.47294016974403746
      Glaziers,47-2121,60.5,62.5,2.0,3.3,55440.0,High school diploma or equivalent,5.1,0.73,Glaziers,High,47,Construction & Extraction,1.0,0.1286906943596008,0.1666666666666666,0.1476786805131337,False,Growing,0.14,0.1,1.0,Low Exposure / Stable,-1.058700986786369,-0.6612793485202431
"        Insulation workers, floor, ceiling, and wall",47-2131,40.2,41.7,1.5,3.8,48680.0,No formal educational credential,3.4,0.83,"Insulation workers, floor, ceiling, and wall",High,47,Construction & Extraction,0.0,0.0942781510893911,0.0,0.0471390755446955,True,Growing,0.13,0.12,1.0,Low Exposure / Stable,-1.615650698201874,-0.5130823300606245
"        Insulation workers, mechanical",47-2132,27.2,28.5,1.3,4.7,57250.0,High school diploma or equivalent,2.3,0.64,"Insulation workers, mechanical",Medium,47,Construction & Extraction,1.0,0.1379047037263286,0.1666666666666666,0.1522856851964976,False,Growing,0.13,0.12,1.0,Low Exposure / Stable,-1.055302063209196,-0.7531465662923513
"        Painters, construction and maintenance",47-2141,342.2,355.2,13.0,3.8,48660.0,No formal educational credential,28.1,0.75,"Painters, construction and maintenance",High,47,Construction & Extraction,0.0,0.0941763388311952,0.0,0.0470881694155976,True,Growing,0.13,0.12,1.0,Low Exposure / Stable,-1.6160599969320917,-0.5127427349352055
        Paperhangers,47-2142,2.3,2.5,0.1,5.3,48260.0,No formal educational credential,0.2,0.87,Paperhangers,High,47,Construction & Extraction,0.0,0.0921400936672775,0.0,0.0460700468336387,True,Growing,0.13,0.12,1.0,Low Exposure / Stable,-1.6242459715364461,-0.5059508324268264
        Pipelayers,47-2151,34.4,32.9,-1.4,-4.1,48710.0,No formal educational credential,2.4,0.62,Pipelayers,Medium,47,Construction & Extraction,0.0,0.094430869476685,0.0,0.0472154347383425,False,Declining,0.18,0.16,1.0,Low Exposure / Stable,-1.4468236925688873,-0.2079224281402952
"        Plumbers, pipefitters, and steamfitters",47-2152,504.5,527.2,22.7,4.5,62970.0,High school diploma or equivalent,44.0,0.35,"Plumbers, pipefitters, and steamfitters",Medium,47,Construction & Extraction,1.0,0.1670230095703523,0.1666666666666666,0.1668448381185094,False,Growing,0.18,0.16,1.0,Low Exposure / Stable,-0.7700295688292643,-0.5446014775537174
      Plasterers and stucco masons,47-2161,24.2,25.2,1.0,4.1,56020.0,No formal educational credential,1.9,0.84,Plasterers and stucco masons,High,47,Construction & Extraction,0.0,0.1316432498472816,0.0,0.0658216249236408,True,Growing,0.11,0.12,1.0,Low Exposure / Stable,-1.5327232872270296,-0.7599814589327678
      Reinforcing iron and rebar workers,47-2171,19.4,20.3,0.9,4.6,59280.0,High school diploma or equivalent,1.5,0.9,Reinforcing iron and rebar workers,High,47,Construction & Extraction,1.0,0.1482386479332111,0.1666666666666666,0.1574526572999389,False,Growing,0.11,0.12,1.0,Low Exposure / Stable,-1.08104346510716,-0.9098831893657593
      Roofers,47-2181,166.7,176.5,9.8,5.9,50970.0,No formal educational credential,12.7,0.9,Roofers,High,47,Construction & Extraction,0.0,0.1059356546528202,0.0,0.0529678273264101,True,Growing,0.13,0.11,1.0,Low Exposure / Stable,-1.5687859935919433,-0.5519659719210962
      Sheet metal workers,47-2211,127.0,130.1,3.1,2.4,60850.0,High school diploma or equivalent,10.6,0.82,Sheet metal workers,High,47,Construction & Extraction,1.0,0.1562309102015882,0.1666666666666666,0.1614487884341274,False,Growing,0.21,0.21,1.0,Low Exposure / Stable,-0.7124873997097486,-0.3252028174942319
      Structural iron and steel workers,47-2221,65.7,68.6,2.9,4.4,62700.0,High school diploma or equivalent,5.5,0.83,Structural iron and steel workers,High,47,Construction & Extraction,1.0,0.1656485440847077,0.1666666666666666,0.1661576053756872,False,Growing,0.11,0.12,1.0,Low Exposure / Stable,-1.011053382239928,-0.9679539558124021
"      Helpers--brickmasons, blockmasons, stonemasons, and tile and marble setters",47-3011,16.1,14.4,-1.7,-10.5,46480.0,No formal educational credential,1.4,0.83,"Helpers–brickmasons, blockmasons, stonemasons, and tile and marble setters",High,47,Construction & Extraction,0.0,0.0830788026878436,0.0,0.0415394013439218,True,Declining,0.09,0.1,1.0,Low Exposure / Stable,-1.7952440045559521,-0.7202623019513051
      Helpers--carpenters,47-3012,25.2,26.4,1.1,4.5,41600.0,No formal educational credential,2.7,0.92,Helpers–carpenters,High,47,Construction & Extraction,0.0,0.0582366116880472,0.0,0.0291183058440236,True,Growing,0.09,0.1,1.0,Low Exposure / Stable,-1.8951128947290792,-0.6374010913490777
      Helpers--electricians,47-3013,66.6,66.7,0.1,0.2,39890.0,High school diploma or equivalent,6.8,0.74,Helpers–electricians,High,47,Construction & Extraction,1.0,0.0495316636122989,0.1666666666666666,0.1080991651394827,True,Growing,0.09,0.1,1.0,Low Exposure / Stable,-1.5451438070683159,-0.7029134331154568
"      Helpers--painters, paperhangers, plasterers, and stucco masons",47-3014,7.4,7.6,0.2,2.3,38140.0,No formal educational credential,0.8,0.94,"Helpers–painters, paperhangers, plasterers, and stucco masons",High,47,Construction & Extraction,0.0,0.0406230910201588,0.0,0.0203115455100794,True,Growing,0.09,0.1,1.0,Low Exposure / Stable,-1.965921575056747,-0.5786511346515969
"      Helpers--pipelayers, plumbers, pipefitters, and steamfitters",47-3015,45.3,47.5,2.2,4.9,39270.0,High school diploma or equivalent,4.9,0.57,"Helpers–pipelayers, plumbers, pipefitters, and steamfitters",Medium,47,Construction & Extraction,1.0,0.0463754836082264,0.1666666666666666,0.1065210751374465,False,Growing,0.09,0.1,1.0,Low Exposure / Stable,-1.5578320677050657,-0.6923859842274689
      Helpers--roofers,47-3016,5.2,5.5,0.3,5.7,40590.0,No formal educational credential,0.6,0.72,Helpers–roofers,High,47,Construction & Extraction,0.0,0.0530950926491549,0.0,0.0265475463245774,True,Growing,0.09,0.1,1.0,Low Exposure / Stable,-1.9157824806050747,-0.6202515375154201
      Construction and building inspectors,47-4011,147.6,146.5,-1.2,-0.8,72120.0,High school diploma or equivalent,14.8,0.63,Construction and building inspectors,Medium,47,Construction & Extraction,1.0,0.2136021176949704,0.1666666666666666,0.1901343921808185,False,Declining,0.28,0.31,1.0,Low Exposure / Stable,-0.24634928467933231,-0.08862765821597694
      Elevator and escalator installers and repairers,47-4021,24.2,25.4,1.2,5.0,106580.0,High school diploma or equivalent,2.0,0.39,Elevator installers and repairers,Medium,47,Construction & Extraction,1.0,0.3890246385664834,0.1666666666666666,0.277845652616575,False,Growing,0.17,0.14,1.0,Low Exposure / Stable,0.08880370090297074,-1.3462225074514604
      Fence erectors,47-4031,26.4,27.6,1.2,4.6,46940.0,No formal educational credential,2.3,0.92,Fence erectors,High,47,Construction & Extraction,0.0,0.085420484626349,0.0,0.0427102423131745,True,Growing,0.09,0.08,1.0,Low Exposure / Stable,-1.7858301337609443,-0.7280729898359414
      Hazardous materials removal workers,47-4041,51.3,51.8,0.5,1.0,48490.0,High school diploma or equivalent,5.0,0.53,Hazardous materials removal workers,Medium,47,Construction & Extraction,1.0,0.0933109346365302,0.1666666666666666,0.1299888006515984,False,Growing,0.09,0.08,1.0,Low Exposure / Stable,-1.3691453530746907,-0.8489393370456114
      Highway maintenance workers,47-4051,159.1,163.9,4.8,3.0,49070.0,High school diploma or equivalent,12.3,0.87,Highway maintenance workers,High,47,Construction & Extraction,1.0,0.0962634901242109,0.1666666666666666,0.1314650783954388,False,Growing,0.09,0.1,1.0,Low Exposure / Stable,-1.3572756898983767,-0.8587875956827613
      Rail-track laying and maintenance equipment operators,47-4061,15.0,15.3,0.2,1.6,67370.0,High school diploma or equivalent,1.1,0.89,Rail-track laying and maintenance equipment operators,High,47,Construction & Extraction,1.0,0.1894217063734473,0.1666666666666666,0.178044186520057,False,Growing,0.09,0.1,1.0,Low Exposure / Stable,-0.982767351749151,-1.1695171354411136
      Septic tank servicers and sewer pipe cleaners,47-4071,30.4,32.7,2.3,7.6,49140.0,High school diploma or equivalent,2.9,0.83,Septic tank servicers and sewer pipe cleaners,High,47,Construction & Extraction,1.0,0.0966198330278965,0.1666666666666666,0.1316432498472816,False,Growing,0.1,0.12,1.0,Low Exposure / Stable,-1.3222005328350825,-0.798842319700036
"        Derrick operators, oil and gas",47-5011,11.3,11.3,0.1,0.5,62740.0,No formal educational credential,1.0,0.8,"Derrick operators, oil and gas",High,47,Construction & Extraction,0.0,0.1658521686010995,0.0,0.0829260843005497,True,Growing,0.19,0.22,1.0,Low Exposure / Stable,-1.126058021813616,-0.3850145497000069
"        Rotary drill operators, oil and gas",47-5012,13.3,13.4,0.0,0.2,65010.0,No formal educational credential,1.2,0.53,"Rotary drill operators, oil and gas",Medium,47,Construction & Extraction,0.0,0.1774078599063327,0.0,0.0887039299531663,False,Growing,0.19,0.22,1.0,Low Exposure / Stable,-1.079602615933903,-0.42355859643505955
"        Service unit operators, oil and gas",47-5013,45.2,45.4,0.2,0.4,57980.0,No formal educational credential,4.1,0.93,"Service unit operators, oil, gas, and mining",High,47,Construction & Extraction,0.0,0.1416208511504785,0.0,0.0708104255752392,True,Growing,0.19,0.22,1.0,Low Exposure / Stable,-1.2234711196054362,-0.3041909098502936
        Continuous mining machine operators,47-5041,14.9,15.0,0.1,0.6,63380.0,No formal educational credential,1.6,0.54,Continuous mining machine operators,Medium,47,Construction & Extraction,0.0,0.1691101608633679,0.0,0.0845550804316839,False,Growing,0.17,0.24,1.0,Low Exposure / Stable,-1.1802456854617123,-0.5181493115567969
"      Rock splitters, quarry",47-5051,3.2,3.4,0.1,4.4,47460.0,No formal educational credential,0.4,0.96,"Rock splitters, quarry",High,47,Construction & Extraction,0.0,0.088067603339442,0.0,0.044033801669721,True,Growing,0.17,0.24,1.0,Low Exposure / Stable,-1.5060474747150279,-0.24783159172330121
"      Roustabouts, oil and gas",47-5071,46.0,47.1,1.1,2.5,47510.0,No formal educational credential,4.3,0.68,"Roustabouts, oil and gas",Medium,47,Construction & Extraction,0.0,0.0883221339849317,0.0,0.0441610669924658,False,Growing,0.19,0.22,1.0,Low Exposure / Stable,-1.4377390048744196,-0.1264128616934655
      Helpers--extraction workers,47-5081,7.0,6.9,-0.1,-1.7,48400.0,High school diploma or equivalent,0.7,0.37,Helpers–extraction workers,Medium,47,Construction & Extraction,1.0,0.0928527794746487,0.1666666666666666,0.1297597230706577,False,Declining,0.11,0.13,1.0,Low Exposure / Stable,-1.3037019743456069,-0.7251434411378428
"      First-line supervisors of mechanics, installers, and repairers",49-1011,617.5,636.5,19.1,3.1,78300.0,High school diploma or equivalent,52.4,0.003,"First-line supervisors of mechanics, installers, and repairers",Low,49,Installation & Repair,1.0,0.2450621054774995,0.1666666666666666,0.205864386072083,False,Growing,0.1854545454545454,0.1572727272727272,1.0,Low Exposure / Stable,-0.4379515767496275,-0.7715553999573402
"      Computer, automated teller, and office machine repairers",49-2011,79.1,78.4,-0.7,-0.9,46860.0,"Some college, no degree",7.6,0.74,"Computer, automated teller, and office machine repairers",High,49,Installation & Repair,2.0,0.0850132355935654,0.3333333333333333,0.2091732844634494,False,Declining,0.245,0.205,1.0,Low Exposure / Stable,-0.49607859212631167,0.031764753972553836
"        Radio, cellular, and tower equipment installers and repairers",49-2021,11.7,12.7,1.0,8.6,64190.0,Associate's degree,1.2,0.93,"Radio, cellular, and tower equipment installers and repairs",High,49,Installation & Repair,3.0,0.1732335573203013,0.5,0.3366167786601506,False,Growing,0.24,0.16,2.0,High Exposure / Adaptable,0.2267215809479675,-0.387609076653525
"        Telecommunications equipment installers and repairers, except line installers",49-2022,156.9,150.4,-6.6,-4.2,62630.0,Postsecondary nondegree award,13.2,0.36,"Telecommunications equipment installers and repairers, except line installers",Medium,49,Installation & Repair,,0.1652922011810222,0.1666666666666666,0.1659794339238444,False,Declining,0.24,0.16,1.0,Low Exposure / Stable,-0.5751319781977743,-0.17202520689144518
        Avionics technicians,49-2091,21.4,23.1,1.7,8.2,81390.0,Postsecondary nondegree award,1.8,0.7,Avionics technicians,High,49,Installation & Repair,,0.260792099368764,0.1666666666666666,0.2137293830177153,False,Growing,0.25,0.25,1.0,Low Exposure / Stable,-0.15756715774600852,-0.4294315756127422
"        Electric motor, power tool, and related repairers",49-2092,17.1,17.7,0.6,3.4,53990.0,High school diploma or equivalent,1.7,0.76,"Electric motor, power tool, and related repairers",High,49,Installation & Repair,1.0,0.1213093056403991,0.1666666666666666,0.1439879861535329,False,Growing,0.17,0.14,1.0,Low Exposure / Stable,-0.9874473102045584,-0.4532571251622937
"        Electrical and electronics installers and repairers, transportation equipment",49-2093,7.0,7.4,0.4,6.1,82730.0,Postsecondary nondegree award,0.6,0.91,"Electrical and electronics installers and repairers, transportation equipment",High,49,Installation & Repair,,0.2676135206678884,0.1666666666666666,0.2171400936672775,False,Growing,0.22,0.1833333333333333,1.0,Low Exposure / Stable,-0.23107197734401638,-0.6355860257808875
"        Electrical and electronics repairers, commercial and industrial equipment",49-2094,61.1,60.7,-0.5,-0.8,71300.0,Postsecondary nondegree award,4.7,0.41,"Electrical and electronics repairers, commercial and industrial equipment",Medium,49,Installation & Repair,,0.2094278151089391,0.1666666666666666,0.1880472408878029,False,Declining,0.21,0.195,1.0,Low Exposure / Stable,-0.4986288131709829,-0.5026412705256411
"        Electrical and electronics repairers, powerhouse, substation, and relay",49-2095,23.4,24.7,1.3,5.5,100940.0,Postsecondary nondegree award,2.0,0.38,"Electrical and electronics repairers, powerhouse, substation, and relay",Medium,49,Installation & Repair,,0.3603135817552433,0.1666666666666666,0.2634901242109549,False,Growing,0.21,0.195,1.0,Low Exposure / Stable,0.10795190501169755,-1.0059212463965461
"        Electronic equipment installers and repairers, motor vehicles",49-2096,10.3,8.9,-1.4,-13.6,47940.0,High school diploma or equivalent,0.6,0.61,"Electronic equipment installers and repairers, motor vehicles",Medium,49,Installation & Repair,1.0,0.0905110975361433,0.1666666666666666,0.128588882101405,False,Declining,0.21,0.195,1.0,Low Exposure / Stable,-0.9766897300652952,-0.10599416403629051
        Audiovisual equipment installers and repairers,49-2097,24.6,26.3,1.6,6.6,50620.0,Postsecondary nondegree award,2.6,0.65,Electronic home entertainment equipment installers and repairers,Medium,49,Installation & Repair,,0.1041539401343921,0.1666666666666666,0.1354103034005294,False,Growing,0.24,0.16,1.0,Low Exposure / Stable,-0.8209158656935234,0.031901665922643194
        Security and fire alarm systems installers,49-2098,85.9,94.9,8.9,10.4,59300.0,High school diploma or equivalent,9.4,0.82,Security and fire alarm systems installers,High,49,Installation & Repair,1.0,0.148340460191407,0.1666666666666666,0.1575035634290368,False,Growing,0.17,0.14,1.0,Low Exposure / Stable,-0.8787784973317505,-0.5434196309610286
      Aircraft mechanics and service technicians,49-3011,139.4,145.0,5.6,4.0,78680.0,Postsecondary nondegree award,11.3,0.71,Aircraft mechanics and service technicians,High,49,Installation & Repair,,0.2469965383832213,0.1666666666666666,0.206831602524944,False,Growing,0.19,0.16,1.0,Low Exposure / Stable,-0.41488280473570327,-0.7502195896486221
        Automotive body and related repairers,49-3021,172.6,175.4,2.8,1.6,51680.0,High school diploma or equivalent,14.6,0.91,Automotive body and related repairers,High,49,Installation & Repair,1.0,0.1095499898187742,0.1666666666666666,0.1381083282427204,False,Growing,0.18,0.14,1.0,Low Exposure / Stable,-1.0010787020371745,-0.35290002925471187
        Automotive glass installers and repairers,49-3022,20.4,21.1,0.7,3.6,47260.0,High school diploma or equivalent,1.4,0.55,Automotive glass installers and repairers,Medium,49,Installation & Repair,1.0,0.0870494807574832,0.1666666666666666,0.1268580737120749,False,Growing,0.18,0.14,1.0,Low Exposure / Stable,-1.0915337214152938,-0.2778495065371206
        Automotive service technicians and mechanics,49-3023,805.6,839.2,33.6,4.2,49670.0,Postsecondary nondegree award,70.0,0.59,Automotive service technicians and mechanics,Medium,49,Installation & Repair,,0.0993178578700875,0.1666666666666666,0.1329922622683771,False,Growing,0.18,0.14,1.0,Low Exposure / Stable,-1.0422132244240572,-0.31877071915010563
      Bus and truck mechanics and diesel engine specialists,49-3031,319.9,327.7,7.8,2.4,60640.0,High school diploma or equivalent,26.5,0.73,Bus and truck mechanics and diesel engine specialists,High,49,Installation & Repair,1.0,0.1551618814905314,0.1666666666666666,0.160914274078599,False,Growing,0.18,0.14,1.0,Low Exposure / Stable,-0.8177128708996306,-0.5050386454424076
        Farm equipment mechanics and service technicians,49-3041,39.0,43.3,4.3,11.0,52080.0,High school diploma or equivalent,3.7,0.75,Farm equipment mechanics and service technicians,High,49,Installation & Repair,1.0,0.1115862349826919,0.1666666666666666,0.1391264508246792,False,Growing,0.17,0.19,1.0,Low Exposure / Stable,-1.026535338940352,-0.4208257906847826
"        Mobile heavy equipment mechanics, except engines",49-3042,188.7,199.6,10.9,5.8,63980.0,High school diploma or equivalent,16.5,0.4,"Mobile heavy equipment mechanics, except engines",Medium,49,Installation & Repair,1.0,0.1721645286092445,0.1666666666666666,0.1694155976379556,False,Growing,0.17,0.19,1.0,Low Exposure / Stable,-0.783002594460801,-0.6228848903090662
        Rail car repairers,49-3043,17.9,18.4,0.5,2.8,65680.0,High school diploma or equivalent,1.5,0.88,Rail car repairers,High,49,Installation & Repair,1.0,0.1808185705558949,0.1666666666666666,0.1737426186112808,False,Growing,0.17,0.19,1.0,Low Exposure / Stable,-0.7482122023922936,-0.6517504759696783
        Motorboat mechanics and service technicians,49-3051,26.2,27.8,1.6,6.0,54950.0,High school diploma or equivalent,2.6,0.66,Motorboat mechanics and service technicians,Medium,49,Installation & Repair,1.0,0.1261962940338016,0.1666666666666666,0.1464314803502341,False,Growing,0.18,0.14,1.0,Low Exposure / Stable,-0.9341583596465757,-0.40842383226071216
        Motorcycle mechanics,49-3052,14.9,15.7,0.8,5.3,47200.0,Postsecondary nondegree award,1.5,0.79,Motorcycle mechanics,High,49,Installation & Repair,,0.0867440439828955,0.1666666666666666,0.1267053553247811,False,Growing,0.18,0.14,1.0,Low Exposure / Stable,-1.0927616176059471,-0.2768307211608636
        Outdoor power equipment and other small engine mechanics,49-3053,36.9,37.8,0.9,2.5,46560.0,High school diploma or equivalent,3.5,0.93,Outdoor power equipment and other small engine mechanics,High,49,Installation & Repair,1.0,0.0834860517206271,0.1666666666666666,0.1250763591936469,True,Growing,0.175,0.14,1.0,Low Exposure / Stable,-1.1226804827266805,-0.2965306066083026
        Bicycle repairers,49-3091,13.2,12.9,-0.3,-2.3,40360.0,High school diploma or equivalent,1.6,0.94,Bicycle repairers,High,49,Installation & Repair,1.0,0.0519242516799022,0.1666666666666666,0.1092954591732844,True,Declining,0.13,0.09,1.0,Low Exposure / Stable,-1.4009548408780716,-0.4663584828760357
        Recreational vehicle service technicians,49-3092,19.5,21.7,2.2,11.5,50540.0,High school diploma or equivalent,2.8,0.59,Recreational vehicle service technicians,Medium,49,Installation & Repair,1.0,0.1037466911016086,0.1666666666666666,0.1352066788841376,False,Growing,0.18,0.14,1.0,Low Exposure / Stable,-1.0244087296595856,-0.3335431071058307
        Tire repairers and changers,49-3093,113.4,119.9,6.5,5.7,37120.0,High school diploma or equivalent,15.3,0.7,Tire repairers and changers,High,49,Installation & Repair,1.0,0.0354306658521686,0.1666666666666666,0.1010486662594176,True,Growing,0.18,0.14,1.0,Low Exposure / Stable,-1.2990481776356844,-0.10567477794970574
        Mechanical door repairers,49-9011,28.4,31.7,3.2,11.4,51050.0,High school diploma or equivalent,2.7,0.91,Mechanical door repairers,High,49,Installation & Repair,1.0,0.1063429036856037,0.1666666666666666,0.1365047851761352,False,Growing,0.17,0.14,1.0,Low Exposure / Stable,-1.0476142235465653,-0.40333664172570577
"        Control and valve installers and repairers, except mechanical door",49-9012,47.7,48.3,0.6,1.3,74690.0,High school diploma or equivalent,3.9,0.63,"Control and valve installers and repairers, except mechanical door",Medium,49,Installation & Repair,1.0,0.2266849928731419,0.1666666666666666,0.1966758297699043,False,Growing,0.17,0.14,1.0,Low Exposure / Stable,-0.5638231244292048,-0.8047380799709218
"      Heating, air conditioning, and refrigeration mechanics and installers",49-9021,425.2,459.7,34.5,8.1,59810.0,Postsecondary nondegree award,40.1,0.65,"Heating, air conditioning, and refrigeration mechanics and installers",Medium,49,Installation & Repair,,0.1509366727754021,0.1666666666666666,0.1588016697210344,False,Growing,0.21,0.18,1.0,Low Exposure / Stable,-0.7337709336810707,-0.30754387097244584
      Home appliance repairers,49-9031,37.3,38.3,1.0,2.6,49410.0,High school diploma or equivalent,3.1,0.72,Home appliance repairers,High,49,Installation & Repair,1.0,0.097994298513541,0.1666666666666666,0.1323304825901038,False,Growing,0.17,0.14,1.0,Low Exposure / Stable,-1.0811767194244195,-0.3754898414413507
        Industrial machinery mechanics,49-9041,439.6,510.3,70.7,16.1,63760.0,High school diploma or equivalent,45.7,0.67,Industrial machinery mechanics,Medium,49,Installation & Repair,1.0,0.1710445937690898,0.1666666666666666,0.1688556302178782,False,Growing,0.17,0.19,1.0,Low Exposure / Stable,-0.7875048804931959,-0.6191493439294579
"        Maintenance workers, machinery",49-9043,57.5,55.9,-1.6,-2.8,60500.0,High school diploma or equivalent,4.8,0.86,"Maintenance workers, machinery",High,49,Installation & Repair,1.0,0.1544491956831602,0.1666666666666666,0.1605579311749134,False,Declining,0.17,0.19,1.0,Low Exposure / Stable,-0.8542205735186865,-0.5637953384861665
        Millwrights,49-9044,41.3,41.3,0.0,0.0,65170.0,High school diploma or equivalent,3.6,0.59,Millwrights,Medium,49,Installation & Repair,1.0,0.1782223579718998,0.1666666666666666,0.1724445123192832,False,Stable,0.17,0.19,1.0,Low Exposure / Stable,-0.7586493200128457,-0.6430908002714948
"        Refractory materials repairers, except brickmasons",49-9045,1.1,0.9,-0.2,-16.9,58540.0,High school diploma or equivalent,0.1,0.82,"Refractory materials repairers, except brickmasons",High,49,Installation & Repair,1.0,0.1444715943799633,0.1666666666666666,0.155569130523315,False,Declining,0.13,0.145,1.0,Low Exposure / Stable,-1.0289022951101523,-0.7750504518818745
        Electrical power-line installers and repairers,49-9051,127.4,135.8,8.4,6.6,92560.0,High school diploma or equivalent,10.7,0.097,Electrical power-line installers and repairers,Low,49,Installation & Repair,1.0,0.3176542455711667,0.1666666666666666,0.2421604561189166,False,Growing,0.15,0.14,1.0,Low Exposure / Stable,-0.26539993199472434,-1.2304340423761495
        Telecommunications line installers and repairers,49-9052,99.9,96.8,-3.1,-3.1,70500.0,High school diploma or equivalent,8.9,0.49,Telecommunications line installers and repairers,Medium,49,Installation & Repair,1.0,0.2053553247811036,0.1666666666666666,0.1860109957238851,False,Declining,0.24,0.16,1.0,Low Exposure / Stable,-0.41407292785709643,-0.30565588874380756
        Camera and photographic equipment repairers,49-9061,2.3,1.9,-0.3,-15.1,49300.0,High school diploma or equivalent,0.2,0.97,Camera and photographic equipment repairers,High,49,Installation & Repair,1.0,0.0974343310934636,0.1666666666666666,0.1320504988800651,False,Declining,0.21,0.18,1.0,Low Exposure / Stable,-0.9488574164104895,-0.12908663256478006
        Medical equipment repairers,49-9062,68.0,76.8,8.8,12.9,62630.0,Associate's degree,7.3,0.27,Medical equipment repairers,Low,49,Installation & Repair,3.0,0.1652922011810222,0.5,0.3326461005905111,False,Growing,0.21,0.18,1.0,Low Exposure / Stable,0.09386844546838871,-0.5445222336359209
        Musical instrument repairers and tuners,49-9063,6.2,6.3,0.1,1.4,45320.0,High school diploma or equivalent,0.6,0.91,Musical instrument repairers and tuners,High,49,Installation & Repair,1.0,0.0771736917124821,0.1666666666666666,0.1219201791895744,True,Growing,0.14,0.1,1.0,Low Exposure / Stable,-1.2658061442765418,-0.48944421505824715
        Watch and clock repairers,49-9064,1.4,1.4,0.0,-1.1,60690.0,High school diploma or equivalent,0.1,0.99,Watch repairers,High,49,Installation & Repair,1.0,0.1554164121360211,0.1666666666666666,0.1610415394013439,False,Declining,0.21,0.18,1.0,Low Exposure / Stable,-0.7157617895514905,-0.3224860564908802
"      Maintenance and repair workers, general",49-9071,1629.7,1692.1,62.4,3.8,48620.0,High school diploma or equivalent,159.8,0.64,"Maintenance and repair workers, general",Medium,49,Installation & Repair,1.0,0.0939727143148035,0.1666666666666666,0.130319690490735,False,Growing,0.11,0.09,1.0,Low Exposure / Stable,-1.2991996883132115,-0.7288789875174515
"        Coin, vending, and amusement machine servicers and repairers",49-9091,32.5,31.6,-0.9,-2.9,47350.0,High school diploma or equivalent,3.5,0.94,"Coin, vending, and amusement machine servicers and repairers",High,49,Installation & Repair,1.0,0.0875076359193647,0.1666666666666666,0.1270871512930156,False,Declining,0.38,0.36,3.0,High Exposure / Low Resilience,-0.4168396469786751,0.943299493832326
        Commercial divers,49-9092,4.2,4.5,0.4,8.5,61130.0,Postsecondary nondegree award,0.4,0.18,Commercial divers,Low,49,Installation & Repair,,0.1576562818163307,0.1666666666666666,0.1621614742414986,False,Growing,0.16,0.18,1.0,Low Exposure / Stable,-0.8749702750243596,-0.6356264438585557
        Locksmiths and safe repairers,49-9094,18.8,17.2,-1.6,-8.3,50490.0,High school diploma or equivalent,1.7,0.77,Locksmiths and safe repairers,High,49,Installation & Repair,1.0,0.1034921604561188,0.1666666666666666,0.1350794135613927,False,Declining,0.2,0.21,1.0,Low Exposure / Stable,-0.9581467534700665,-0.21042640144889968
        Manufactured building and mobile home installers,49-9095,3.1,3.3,0.2,5.9,41080.0,High school diploma or equivalent,0.3,0.18,Manufactured building and mobile home installers,Low,49,Installation & Repair,1.0,0.0555894929749541,0.1666666666666666,0.1111280798208104,False,Growing,0.09,0.08,1.0,Low Exposure / Stable,-1.520790532620361,-0.723119343077885
        Riggers,49-9096,24.6,25.4,0.8,3.2,62060.0,High school diploma or equivalent,2.5,0.89,Riggers,High,49,Installation & Repair,1.0,0.1623905518224394,0.1666666666666666,0.164528609244553,False,Growing,0.13,0.14,1.0,Low Exposure / Stable,-0.9568657185918311,-0.8348191939556123
        Signal and track switch repairers,49-9097,8.7,8.8,0.1,1.7,83600.0,High school diploma or equivalent,0.8,0.9,Signal and track switch repairers,High,49,Installation & Repair,1.0,0.2720423538994094,0.1666666666666666,0.219354510283038,False,Growing,0.17,0.14,1.0,Low Exposure / Stable,-0.381480540117205,-0.9560277083450702
"        Helpers--installation, maintenance, and repair workers",49-9098,98.7,101.0,2.2,2.3,38860.0,High school diploma or equivalent,11.8,0.79,"Helpers–installation, maintenance, and repair workers",High,49,Installation & Repair,1.0,0.0442883323152107,0.1666666666666666,0.1054774994909387,True,Growing,0.11,0.09,1.0,Low Exposure / Stable,-1.4989374686594654,-0.5631565663129967
      First-line supervisors of production and operating workers,51-1011,698.6,706.9,8.3,1.2,71190.0,High school diploma or equivalent,67.7,0.016,First-line supervisors of production and operating workers,Low,51,Production,1.0,0.2088678476888617,0.1666666666666666,0.1877672571777641,False,Growing,0.3,0.3333333333333333,1.0,Low Exposure / Stable,-0.19809645261939293,0.04943123295938772
"      Aircraft structure, surfaces, rigging, and systems assemblers",51-2011,33.6,28.7,-4.9,-14.5,61680.0,High school diploma or equivalent,2.8,0.79,"Aircraft structure, surfaces, rigging, and systems assemblers",High,51,Production,1.0,0.1604561189167175,0.1666666666666666,0.1635613927916921,False,Declining,0.27,0.31,1.0,Low Exposure / Stable,-0.493645833360521,0.027507138331030846
"        Coil winders, tapers, and finishers",51-2021,12.2,11.5,-0.8,-6.3,47260.0,High school diploma or equivalent,1.2,0.73,"Coil winders, tapers, and finishers",High,51,Production,1.0,0.0870494807574832,0.1666666666666666,0.1268580737120749,False,Declining,0.28,0.36,1.0,Low Exposure / Stable,-0.7551076063399743,0.3334890826797956
      Engine and other machine assemblers,51-2031,38.4,30.3,-8.1,-21.1,52540.0,High school diploma or equivalent,2.8,0.82,Engine and other machine assemblers,High,51,Production,1.0,0.1139279169211973,0.1666666666666666,0.140297291793932,False,Declining,0.27,0.31,1.0,Low Exposure / Stable,-0.6806953530700247,0.1827021106474973
      Structural metal fabricators and fitters,51-2041,53.8,45.0,-8.8,-16.3,49900.0,High school diploma or equivalent,4.1,0.41,Structural metal fabricators and fitters,Medium,51,Production,1.0,0.1004886988393402,0.1666666666666666,0.1335776827530034,False,Declining,0.11,0.12,1.0,Low Exposure / Stable,-1.2730045695792769,-0.750613075544265
      Bakers,51-3011,249.1,263.2,14.0,5.6,36650.0,No formal educational credential,39.9,0.89,Bakers,High,51,Production,0.0,0.0330380777845652,0.0,0.0165190388922826,True,Growing,0.17,0.14,1.0,Low Exposure / Stable,-1.7272734383977126,-0.06428042643435099
        Butchers and meat cutters,51-3021,143.1,144.5,1.4,1.0,38960.0,No formal educational credential,16.9,0.93,Butchers and meat cutters,High,51,Production,0.0,0.0447973936061901,0.0,0.022398696803095,True,Growing,0.13,0.14,1.0,Low Exposure / Stable,-1.8145698810876922,-0.3480390991070078
"        Meat, poultry, and fish cutters and trimmers",51-3022,146.8,154.9,8.1,5.5,37700.0,No formal educational credential,18.4,0.94,"Meat, poultry, and fish cutters and trimmers",High,51,Production,0.0,0.0383832213398493,0.0,0.0191916106699246,True,Growing,0.13,0.14,1.0,Low Exposure / Stable,-1.8403557010914091,-0.3266446062056133
        Slaughterers and meat packers,51-3023,69.6,71.2,1.5,2.2,39790.0,No formal educational credential,8.4,0.6,Slaughterers and meat packers,Medium,51,Production,0.0,0.0490226023213195,0.0,0.0245113011606597,False,Growing,0.13,0.14,1.0,Low Exposure / Stable,-1.797583983783656,-0.3621322968118952
"        Food and tobacco roasting, baking, and drying machine operators and tenders",51-3091,20.7,20.8,0.1,0.6,42730.0,No formal educational credential,2.4,0.91,"Food and tobacco roasting, baking, and drying machine operators and tenders",High,51,Production,0.0,0.0639890042761148,0.0,0.0319945021380574,True,Growing,0.14,0.15,1.0,Low Exposure / Stable,-1.7037744589341175,-0.3509189213267909
        Food batchmakers,51-3092,173.5,185.4,11.9,6.9,40790.0,High school diploma or equivalent,24.2,0.7,Food batchmakers,High,51,Production,1.0,0.0541132152311138,0.1666666666666666,0.1103899409488902,True,Growing,0.185,0.16,1.0,Low Exposure / Stable,-1.2071205548869646,-0.13742355400323975
        Food cooking machine operators and tenders,51-3093,29.7,29.9,0.2,0.6,40550.0,High school diploma or equivalent,4.4,0.61,Food cooking machine operators and tenders,Medium,51,Production,1.0,0.0528914681327631,0.1666666666666666,0.1097790673997149,False,Growing,0.15,0.13,1.0,Low Exposure / Stable,-1.3297812799259394,-0.3473169187241327
"        Extruding and drawing machine setters, operators, and tenders, metal and plastic",51-4021,66.0,66.8,0.8,1.2,46980.0,High school diploma or equivalent,6.5,0.91,"Extruding and drawing machine setters, operators, and tenders, metal and plastic",High,51,Production,1.0,0.0856241091427408,0.1666666666666666,0.1261453879047037,True,Growing,0.2033333333333333,0.2033333333333333,1.0,Low Exposure / Stable,-1.0187644767874342,-0.13044950396397487
"        Forging machine setters, operators, and tenders, metal and plastic",51-4022,8.8,7.2,-1.7,-18.9,49240.0,High school diploma or equivalent,0.6,0.93,"Forging machine setters, operators, and tenders, Metal and Plastic",High,51,Production,1.0,0.0971288943188759,0.1666666666666666,0.1318977804927713,False,Declining,0.1733333333333333,0.1766666666666666,1.0,Low Exposure / Stable,-1.0734415547954266,-0.3522253299013924
"        Rolling machine setters, operators, and tenders, metal and plastic",51-4023,22.5,20.6,-1.9,-8.3,48630.0,High school diploma or equivalent,1.9,0.83,"Rolling machine setters, operators, and tenders, metal and plastic",High,51,Production,1.0,0.0940236204439014,0.1666666666666666,0.130345143555284,False,Declining,0.2033333333333333,0.2033333333333333,1.0,Low Exposure / Stable,-0.9849973315444713,-0.15846610181103926
"        Cutting, punching, and press machine setters, operators, and tenders, metal and plastic",51-4031,174.7,153.6,-21.1,-12.1,45590.0,High school diploma or equivalent,14.4,0.78,"Cutting, punching, and press machine setters, operators, and tenders, metal and plastic",High,51,Production,1.0,0.0785481571981266,0.1666666666666666,0.1226074119323966,True,Declining,0.175,0.185,1.0,Low Exposure / Stable,-1.1425314711422405,-0.28006024302548294
"        Drilling and boring machine tool setters, operators, and tenders, metal and plastic",51-4032,5.3,4.3,-1.0,-19.6,46630.0,High school diploma or equivalent,0.4,0.94,"Drilling and boring machine tool setters, operators, and tenders, metal and plastic",High,51,Production,1.0,0.0838423946243127,0.1666666666666666,0.1252545306454897,True,Declining,0.175,0.185,1.0,Low Exposure / Stable,-1.1212479371709185,-0.297719189547269
"        Grinding, lapping, polishing, and buffing machine tool setters, operators, and tenders, metal and plastic",51-4033,70.1,61.7,-8.4,-12.0,45190.0,High school diploma or equivalent,5.5,0.95,"Grinding, lapping, polishing, and buffing machine tool setters, operators, and tenders, metal and plastic",High,51,Production,1.0,0.0765119120342089,0.1666666666666666,0.1215892893504378,True,Declining,0.175,0.185,1.0,Low Exposure / Stable,-1.1507174457465952,-0.27326834051710375
"        Lathe and turning machine tool setters, operators, and tenders, metal and plastic",51-4034,18.9,16.4,-2.6,-13.6,48620.0,High school diploma or equivalent,1.5,0.84,"Lathe and turning machine tool setters, operators, and tenders, metal and plastic",High,51,Production,1.0,0.0939727143148035,0.1666666666666666,0.130319690490735,False,Declining,0.175,0.185,1.0,Low Exposure / Stable,-1.0805227135142539,-0.3315089045264562
"        Milling and planing machine setters, operators, and tenders, metal and plastic",51-4035,13.8,11.8,-2.0,-14.4,48310.0,High school diploma or equivalent,1.1,0.98,"Milling and planing machine setters, operators, and tenders, metal and plastic",High,51,Production,1.0,0.0923946243127672,0.1666666666666666,0.1295306454897169,False,Declining,0.175,0.185,1.0,Low Exposure / Stable,-1.086866843832629,-0.326245180082462
      Machinists,51-4041,299.5,299.6,0.0,0.0,56150.0,High school diploma or equivalent,29.5,0.65,Machinists,Medium,51,Production,1.0,0.1323050295255548,0.1666666666666666,0.1494858480961107,False,Stable,0.18,0.17,1.0,Low Exposure / Stable,-0.9096004358335117,-0.4287995397858501
        Metal-refining furnace operators and tenders,51-4051,20.8,20.3,-0.5,-2.3,55770.0,High school diploma or equivalent,2.0,0.88,Metal-refining furnace operators and tenders,High,51,Production,1.0,0.130370596619833,0.1666666666666666,0.1485186316432498,False,Declining,0.285,0.3249999999999999,1.0,Low Exposure / Stable,-0.5641296908785631,0.21955828627487178
"        Pourers and casters, metal",51-4052,5.9,5.7,-0.3,-4.7,48940.0,High school diploma or equivalent,0.6,0.87,"Pourers and casters, metal",High,51,Production,1.0,0.0956017104459376,0.1666666666666666,0.1311341885563021,False,Declining,0.26,0.24,1.0,Low Exposure / Stable,-0.788011736016749,0.1826953743012195
"        Model makers, metal and plastic",51-4061,3.2,2.6,-0.6,-18.2,62700.0,High school diploma or equivalent,0.3,0.93,"Model makers, metal and plastic",High,51,Production,1.0,0.1656485440847077,0.1666666666666666,0.1661576053756872,False,Declining,0.2,0.21,1.0,Low Exposure / Stable,-0.7082698786721403,-0.41774922551717747
"        Patternmakers, metal and plastic",51-4062,1.6,1.2,-0.4,-24.4,54540.0,High school diploma or equivalent,0.1,0.9,"Patternmakers, metal and plastic",High,51,Production,1.0,0.1241091427407859,0.1666666666666666,0.1453879047037263,False,Declining,0.2,0.21,1.0,Low Exposure / Stable,-0.8752637606009754,-0.27919441434624004
        Foundry mold and coremakers,51-4071,12.7,9.4,-3.3,-25.9,45700.0,High school diploma or equivalent,0.9,0.67,Foundry mold and coremakers,Medium,51,Production,1.0,0.079108124618204,0.1666666666666666,0.1228873956424353,False,Declining,0.13,0.11,1.0,Low Exposure / Stable,-1.2916720799099368,-0.5570303813628994
"        Molding, coremaking, and casting machine setters, operators, and tenders, metal and plastic",51-4072,154.6,148.8,-5.8,-3.8,41230.0,High school diploma or equivalent,15.9,0.95,"Molding, coremaking, and casting machine setters, operators, and tenders, metal and plastic",High,51,Production,1.0,0.0563530849114233,0.1666666666666666,0.1115098757890449,True,Declining,0.15,0.155,1.0,Low Exposure / Stable,-1.3158651230985363,-0.3588631529883776
"      Multiple machine tool setters, operators, and tenders, metal and plastic",51-4081,131.0,130.3,-0.7,-0.5,46060.0,High school diploma or equivalent,12.8,0.91,"Multiple machine tool setters, operators, and tenders, metal and plastic",High,51,Production,1.0,0.08094074526573,0.1666666666666666,0.1238037059661983,True,Declining,0.18,0.17,1.0,Low Exposure / Stable,-1.1160916452283578,-0.2574737990119828
      Tool and die makers,51-4111,55.2,49.3,-6.0,-10.8,63180.0,Postsecondary nondegree award,4.7,0.84,Tool and die makers,High,51,Production,,0.1680920382814091,0.1666666666666666,0.1673793524740378,False,Declining,0.2,0.21,1.0,Low Exposure / Stable,-0.6984467091469143,-0.42589950852723296
"        Welders, cutters, solderers, and brazers",51-4121,457.3,467.2,9.9,2.2,51000.0,High school diploma or equivalent,45.6,0.94,"Welders, cutters, solderers, and brazers",High,51,Production,1.0,0.106088373040114,0.1666666666666666,0.1363775198533903,False,Growing,0.13,0.11,1.0,Low Exposure / Stable,-1.1832079164022375,-0.647023089598925
"        Welding, soldering, and brazing machine setters, operators, and tenders",51-4122,38.9,35.4,-3.5,-9.0,47060.0,High school diploma or equivalent,3.2,0.61,"Welding, soldering, and brazing machine setters, operators, and tenders",Medium,51,Production,1.0,0.0860313581755243,0.1666666666666666,0.1263490124210954,False,Declining,0.13,0.11,1.0,Low Exposure / Stable,-1.2638397662551308,-0.580122849891389
"        Heat treating equipment setters, operators, and tenders, metal and plastic",51-4191,14.8,12.9,-1.9,-12.8,47450.0,High school diploma or equivalent,1.2,0.91,"Heat treating equipment setters, operators, and tenders, metal and plastic",High,51,Production,1.0,0.0880166972103441,0.1666666666666666,0.1273416819385054,False,Declining,0.215,0.22,1.0,Low Exposure / Stable,-0.9698962432018636,-0.06710715400268018
"        Layout workers, metal and plastic",51-4192,5.7,5.4,-0.3,-5.4,61870.0,High school diploma or equivalent,0.5,0.84,"Layout workers, metal and plastic",High,51,Production,1.0,0.1614233353695785,0.1666666666666666,0.1640450010181225,False,Declining,0.205,0.21,1.0,Low Exposure / Stable,-0.7084344702224099,-0.37308909835144527
"        Plating machine setters, operators, and tenders, metal and plastic",51-4193,31.7,27.4,-4.3,-13.6,41600.0,High school diploma or equivalent,2.5,0.92,"Plating and coating machine setters, operators, and tenders, metal and plastic",High,51,Production,1.0,0.0582366116880472,0.1666666666666666,0.1124516391773569,True,Declining,0.185,0.195,1.0,Low Exposure / Stable,-1.1905439563131464,-0.15117715658270775
"        Tool grinders, filers, and sharpeners",51-4194,5.8,5.4,-0.5,-7.8,48970.0,High school diploma or equivalent,0.5,0.88,"Tool grinders, filers, and sharpeners",High,51,Production,1.0,0.0957544288332315,0.1666666666666666,0.131210547749949,False,Declining,0.17,0.16,1.0,Low Exposure / Stable,-1.0901812914892095,-0.3680187486821336
      Prepress technicians and workers,51-5111,26.2,22.3,-3.8,-14.6,47300.0,Postsecondary nondegree award,2.8,0.97,Prepress technicians and workers,High,51,Production,,0.0872531052738749,0.1666666666666666,0.1269598859702708,False,Declining,0.38,0.26,3.0,High Exposure / Low Resilience,-0.41786289380421976,0.9441484816458736
      Printing press operators,51-5112,150.2,138.0,-12.2,-8.1,45160.0,High school diploma or equivalent,13.7,0.83,Printing press operators,High,51,Production,1.0,0.0763591936469151,0.1666666666666666,0.1215129301567908,True,Declining,0.25,0.22,1.0,Low Exposure / Stable,-0.8990118075354321,0.18574499408371176
      Print binding and finishing workers,51-5113,35.8,30.0,-5.8,-16.1,39820.0,High school diploma or equivalent,2.8,0.95,Print binding and finishing workers,High,51,Production,1.0,0.0491753207086133,0.1666666666666666,0.10792099368764,True,Declining,0.22,0.17,1.0,Low Exposure / Stable,-1.1092224030261626,0.09301531580550058
      Laundry and dry-cleaning workers,51-6011,202.6,213.5,10.9,5.4,33800.0,No formal educational credential,31.9,0.71,Laundry and dry-cleaning workers,High,51,Production,0.0,0.0185298309916513,0.0,0.0092649154958256,True,Growing,0.16,0.12,1.0,Low Exposure / Stable,-1.8192411189612716,-0.07702197998384021
"      Pressers, textile, garment, and related materials",51-6021,28.4,24.6,-3.8,-13.5,33880.0,No formal educational credential,2.8,0.81,"Pressers, textile, garment, and related materials",High,51,Production,0.0,0.0189370800244349,0.0,0.0094685400122174,True,Declining,0.14,0.11,1.0,Low Exposure / Stable,-1.8848891470554643,-0.2006480783288992
      Sewing machine operators,51-6031,124.0,110.7,-13.3,-10.8,36000.0,No formal educational credential,13.0,0.89,Sewing machine operators,High,51,Production,0.0,0.0297291793931989,0.0,0.0148645896965994,True,Declining,0.15,0.15,1.0,Low Exposure / Stable,-1.8078608701448526,-0.17551130270161802
        Shoe and leather workers and repairers,51-6041,9.5,9.1,-0.4,-3.8,35950.0,High school diploma or equivalent,0.9,0.52,Shoe and leather workers and repairers,Medium,51,Production,1.0,0.0294746487477092,0.1666666666666666,0.0980706577071879,False,Declining,0.14,0.1233333333333333,1.0,Low Exposure / Stable,-1.4575625993835495,-0.33034389879946247
        Shoe machine operators and tenders,51-6042,4.1,3.9,-0.2,-3.7,38160.0,High school diploma or equivalent,0.4,0.97,Shoe machine operators and tenders,High,51,Production,1.0,0.0407249032783547,0.1666666666666666,0.1036957849725106,True,Declining,0.16,0.13,1.0,Low Exposure / Stable,-1.3450498666794262,-0.24560144231487502
"        Sewers, hand",51-6051,5.4,5.0,-0.4,-7.0,33760.0,No formal educational credential,0.7,0.99,"Sewers, hand",High,51,Production,0.0,0.0183262064752596,0.0,0.0091631032376298,True,Declining,0.12,0.12,1.0,Low Exposure / Stable,-1.9546301624518345,-0.32087822541976885
"        Tailors, dressmakers, and custom sewers",51-6052,38.8,37.1,-1.7,-4.5,40860.0,No formal educational credential,5.0,0.84,"Tailors, dressmakers, and custom sewers",High,51,Production,0.0,0.0544695581347994,0.0,0.0272347790673997,True,Declining,0.15,0.13,1.0,Low Exposure / Stable,-1.7084012787019436,-0.2580329181784264
        Textile bleaching and dyeing machine operators and tenders,51-6061,6.2,5.5,-0.6,-10.1,37320.0,High school diploma or equivalent,0.7,0.97,Textile bleaching and dyeing machine operators and tenders,High,51,Production,1.0,0.0364487884341274,0.1666666666666666,0.101557727550397,True,Declining,0.21,0.22,1.0,Low Exposure / Stable,-1.1940273558109116,0.07433084756117968
"        Textile cutting machine setters, operators, and tenders",51-6062,9.3,8.2,-1.1,-11.7,37940.0,High school diploma or equivalent,1.0,0.95,"Textile cutting machine setters, operators, and tenders",High,51,Production,1.0,0.0396049684381999,0.1666666666666666,0.1031358175524333,True,Declining,0.17,0.28,1.0,Low Exposure / Stable,-1.3159095412042894,-0.1807320370135746
"        Textile knitting and weaving machine setters, operators, and tenders",51-6063,15.3,13.6,-1.7,-11.2,38260.0,High school diploma or equivalent,1.7,0.73,"Textile knitting and weaving machine setters, operators, and tenders",High,51,Production,1.0,0.0412339645693341,0.1666666666666666,0.1039503156180004,True,Declining,0.16,0.15,1.0,Low Exposure / Stable,-1.3430033730283377,-0.24729941794196963
"        Textile winding, twisting, and drawing out machine setters, operators, and tenders",51-6064,21.7,19.8,-1.9,-9.0,37660.0,High school diploma or equivalent,2.5,0.96,"Textile winding, twisting, and drawing out machine setters, operators, and tenders",High,51,Production,1.0,0.0381795968234575,0.1666666666666666,0.1024231317450621,True,Declining,0.15,0.12,1.0,Low Exposure / Stable,-1.3889249464424016,-0.2982454231010925
"        Extruding and forming machine setters, operators, and tenders, synthetic and glass fibers",51-6091,15.2,15.0,-0.2,-1.1,44980.0,High school diploma or equivalent,2.0,0.88,"Extruding and forming machine setters, operators, and tenders, synthetic and glass fibers",High,51,Production,1.0,0.0754428833231521,0.1666666666666666,0.1210547749949093,True,Declining,0.17,0.14,1.0,Low Exposure / Stable,-1.1718363881676472,-0.30026952116105027
        Fabric and apparel patternmakers,51-6092,2.8,2.5,-0.3,-10.2,67670.0,High school diploma or equivalent,0.3,0.0049,Fabric and apparel patternmakers,Low,51,Production,1.0,0.1909488902463856,0.1666666666666666,0.1788077784565261,False,Declining,0.17,0.28,1.0,Low Exposure / Stable,-0.7074869787356294,-0.6855401909488651
        Upholsterers,51-6093,22.7,22.3,-0.4,-1.8,46190.0,High school diploma or equivalent,2.2,0.39,Upholsterers,Medium,51,Production,1.0,0.0816025249440032,0.1666666666666666,0.1241345958053349,False,Declining,0.18,0.16,1.0,Low Exposure / Stable,-1.1134312034819427,-0.25968116732720586
      Cabinetmakers and bench carpenters,51-7011,86.0,84.7,-1.4,-1.6,46020.0,High school diploma or equivalent,8.1,0.92,Cabinetmakers and bench carpenters,High,51,Production,1.0,0.0807371207493382,0.1666666666666666,0.1237018937080024,True,Declining,0.16,0.14,1.0,Low Exposure / Stable,-1.1841954657038571,-0.379062326604528
      Furniture finishers,51-7021,20.5,19.8,-0.7,-3.3,42530.0,High school diploma or equivalent,2.0,0.87,Furniture Finishers,High,51,Production,1.0,0.0629708816941559,0.1666666666666666,0.1148187741804113,True,Declining,0.16,0.14,1.0,Low Exposure / Stable,-1.2556180941268518,-0.31980297721891854
"        Model makers, wood",51-7031,0.9,0.9,0.0,-4.5,51850.0,High school diploma or equivalent,0.1,0.96,"Model makers, wood",High,51,Production,1.0,0.1104153940134392,0.1666666666666666,0.1385410303400529,False,Declining,0.16,0.14,1.0,Low Exposure / Stable,-1.0648848858453879,-0.47805430566415613
"        Patternmakers, wood",51-7032,0.5,0.4,0.0,-5.0,52520.0,High school diploma or equivalent,0.0,0.91,"Patternmakers, wood",High,51,Production,1.0,0.1138261046630014,0.1666666666666666,0.140246385664834,False,Declining,0.16,0.14,1.0,Low Exposure / Stable,-1.0511733783830939,-0.48943074236569134
"        Sawing machine setters, operators, and tenders, wood",51-7041,45.0,44.7,-0.3,-0.6,39950.0,High school diploma or equivalent,4.8,0.86,"Sawing machine setters, operators, and tenders, wood",High,51,Production,1.0,0.0498371003868865,0.1666666666666666,0.1082518835267766,True,Declining,0.14,0.18,1.0,Low Exposure / Stable,-1.3757028533400033,-0.3982629238832551
"        Woodworking machine setters, operators, and tenders, except sawing",51-7042,63.1,61.9,-1.1,-1.8,40440.0,High school diploma or equivalent,6.4,0.97,"Woodworking machine setters, operators, and tenders, except sawing",High,51,Production,1.0,0.0523315007126858,0.1666666666666666,0.1094990836896762,True,Declining,0.22,0.14,1.0,Low Exposure / Stable,-1.096534142389413,0.08248786691751267
        Nuclear power reactor operators,51-8011,5.7,4.9,-0.9,-15.3,122610.0,High school diploma or equivalent,0.4,0.95,Nuclear power reactor operators,High,51,Production,1.0,0.4706271635104867,0.1666666666666666,0.3186469150885767,False,Declining,0.28,0.34,0.0,Low Exposure / High Skill,0.7869253597553357,-0.9459355523361531
        Power distributors and dispatchers,51-8012,9.3,9.0,-0.3,-3.2,107240.0,High school diploma or equivalent,0.8,0.64,Power distributors and dispatchers,Medium,51,Production,1.0,0.3923844430869476,0.1666666666666666,0.2795255548768071,False,Declining,0.28,0.34,1.0,Low Exposure / Stable,0.47237928558300696,-0.6849566984516784
        Power plant operators,51-8013,31.6,28.0,-3.5,-11.2,99670.0,High school diploma or equivalent,2.5,0.85,Power plant operators,High,51,Production,1.0,0.3538485033598045,0.1666666666666666,0.2602575850132356,False,Declining,0.28,0.34,1.0,Low Exposure / Stable,0.31745971619559527,-0.5564199434806005
      Stationary engineers and boiler operators,51-8021,33.3,34.0,0.7,2.2,75190.0,High school diploma or equivalent,3.8,0.89,Stationary engineers and boiler operators,High,51,Production,1.0,0.2292302993280391,0.1666666666666666,0.1979484829973528,False,Growing,0.2,0.23,1.0,Low Exposure / Stable,-0.4526628216511656,-0.6298263813413212
      Water and wastewater treatment plant and system operators,51-8031,132.4,123.8,-8.7,-6.5,58260.0,High school diploma or equivalent,10.7,0.61,Water and wastewater treatment plant and system operators,Medium,51,Production,1.0,0.1430462227652209,0.1666666666666666,0.1548564447159438,False,Declining,0.27,0.31,1.0,Low Exposure / Stable,-0.5636359162277532,0.08557790477767362
        Chemical plant and system operators,51-8091,18.1,17.0,-1.1,-6.1,73540.0,High school diploma or equivalent,1.6,0.85,Chemical plant and system operators,High,51,Production,1.0,0.2208307880268784,0.1666666666666666,0.1937487273467725,False,Declining,0.29,0.37,1.0,Low Exposure / Stable,-0.18364646332634135,-0.05160505319903217
        Gas plant operators,51-8092,16.2,14.8,-1.4,-8.8,83400.0,High school diploma or equivalent,1.3,0.78,Gas plant operators,High,51,Production,1.0,0.2710242313174505,0.1666666666666666,0.2188454489920586,False,Declining,0.29,0.3,1.0,Low Exposure / Stable,0.018137810671000794,-0.21902545003058138
"        Petroleum pump system operators, refinery operators, and gaugers",51-8093,34.9,34.0,-1.0,-2.8,97540.0,High school diploma or equivalent,3.2,0.71,"Petroleum pump system operators, refinery operators, and gaugers",High,51,Production,1.0,0.3430054978619425,0.1666666666666666,0.2548360822643046,False,Declining,0.29,0.3,1.0,Low Exposure / Stable,0.3075120129349383,-0.4591192037017893
"        Plant and system operators, all other",51-8099,16.3,16.6,0.3,1.6,61710.0,High school diploma or equivalent,1.6,0.86,"Plant and system operators, all other",High,51,Production,1.0,0.1606088373040114,0.1666666666666666,0.163637751985339,False,Growing,0.25,0.265,1.0,Low Exposure / Stable,-0.560317108280258,-0.09526997220048121
        Chemical equipment operators and tenders,51-9011,128.9,133.1,4.3,3.3,57090.0,High school diploma or equivalent,14.4,0.76,Chemical equipment operators and tenders,High,51,Production,1.0,0.1370902056607615,0.1666666666666666,0.1518784361637141,False,Growing,0.24,0.25,1.0,Low Exposure / Stable,-0.6885077264680866,-0.07795735715039186
"        Separating, filtering, clarifying, precipitating, and still machine setters, operators, and tenders",51-9012,54.4,52.0,-2.3,-4.3,49500.0,High school diploma or equivalent,5.4,0.88,"Separating, filtering, clarifying, precipitating, and still machine setters, operators, and tenders",High,51,Production,1.0,0.0984524536754225,0.1666666666666666,0.1325595601710446,False,Declining,0.2299999999999999,0.205,1.0,Low Exposure / Stable,-0.8774792060932483,-0.010214865975587203
"        Crushing, grinding, and polishing machine setters, operators, and tenders",51-9021,28.7,27.9,-0.7,-2.5,46890.0,High school diploma or equivalent,2.7,0.97,"Crushing, grinding, and polishing machine setters, operators, and tenders",High,51,Production,1.0,0.0851659539808593,0.1666666666666666,0.125916310323763,True,Declining,0.1975,0.1875,1.0,Low Exposure / Stable,-1.0402311777861408,-0.1645827436039095
"        Grinding and polishing workers, hand",51-9022,11.8,9.3,-2.5,-21.2,41690.0,No formal educational credential,0.8,0.97,"Grinding and polishing workers, hand",High,51,Production,0.0,0.0586947668499287,0.0,0.0293473834249643,True,Declining,0.18,0.19,1.0,Low Exposure / Stable,-1.590487546875312,-0.08872453911823854
"        Mixing and blending machine setters, operators, and tenders",51-9023,101.1,94.3,-6.8,-6.8,47680.0,High school diploma or equivalent,8.8,0.83,"Mixing and blending machine setters, operators, and tenders",High,51,Production,1.0,0.0891875381795968,0.1666666666666666,0.1279271024231317,False,Declining,0.2,0.18,1.0,Low Exposure / Stable,-1.0156532250656576,-0.1627132863275355
"        Cutters and trimmers, hand",51-9031,7.0,5.7,-1.3,-18.1,38800.0,No formal educational credential,0.6,0.64,"Cutters and trimmers, hand",Medium,51,Production,0.0,0.043982895540623,0.0,0.0219914477703115,False,Declining,0.18,0.25,1.0,Low Exposure / Stable,-1.6496312133917745,-0.039653043495198
"        Cutting and slicing machine setters, operators, and tenders",51-9032,49.0,47.9,-1.1,-2.3,45700.0,High school diploma or equivalent,5.3,0.86,"Cutting and slicing machine setters, operators, and tenders",High,51,Production,1.0,0.079108124618204,0.1666666666666666,0.1228873956424353,True,Declining,0.23,0.22,1.0,Low Exposure / Stable,-0.9552459648346173,0.05430820785401675
"      Extruding, forming, pressing, and compacting machine setters, operators, and tenders",51-9041,57.3,58.4,1.1,2.0,45130.0,High school diploma or equivalent,5.2,0.93,"Extruding, forming, pressing, and compacting machine setters, operators, and tenders",High,51,Production,1.0,0.0762064752596212,0.1666666666666666,0.1214365709631439,True,Growing,0.16,0.155,1.0,Low Exposure / Stable,-1.2024092591985465,-0.36395034352338396
"      Furnace, kiln, oven, drier, and kettle operators and tenders",51-9051,16.5,17.0,0.5,3.0,47010.0,High school diploma or equivalent,1.9,0.37,"Furnace, kiln, oven, drier, and kettle operators and tenders",Medium,51,Production,1.0,0.0857768275300346,0.1666666666666666,0.1262217470983506,False,Growing,0.19,0.1766666666666666,1.0,Low Exposure / Stable,-1.0630073440354835,-0.212470708547692
"      Inspectors, testers, sorters, samplers, and weighers",51-9061,598.0,598.1,0.1,0.0,47460.0,High school diploma or equivalent,69.9,0.98,"Inspectors, testers, sorters, samplers, and weighers",High,51,Production,1.0,0.088067603339442,0.1666666666666666,0.1273671350030543,False,Stable,0.31,0.4,1.0,Low Exposure / Stable,-0.6500867845152015,0.5134947081906808
      Jewelers and precious stone and metal workers,51-9071,35.1,33.2,-1.9,-5.5,49140.0,High school diploma or equivalent,4.0,0.95,Jewelers and precious stone and metal workers,High,51,Production,1.0,0.0966198330278965,0.1666666666666666,0.1316432498472816,False,Declining,0.18,0.15,1.0,Low Exposure / Stable,-1.053059640774827,-0.3097714483265031
        Dental laboratory technicians,51-9081,35.2,33.6,-1.6,-4.7,48310.0,High school diploma or equivalent,3.9,0.97,Dental laboratory technicians,High,51,Production,1.0,0.0923946243127672,0.1666666666666666,0.1295306454897169,False,Declining,0.18,0.16,1.0,Low Exposure / Stable,-1.070045538078863,-0.29567825062161607
        Medical appliance technicians,51-9082,12.0,12.4,0.4,3.7,47060.0,High school diploma or equivalent,1.5,0.45,Medical appliance technicians,Medium,51,Production,1.0,0.0860313581755243,0.1666666666666666,0.1263490124210954,False,Growing,0.18,0.16,1.0,Low Exposure / Stable,-1.0956267087174711,-0.2744535552829309
        Ophthalmic laboratory technicians,51-9083,19.6,20.0,0.5,2.3,38420.0,High school diploma or equivalent,2.4,0.97,Ophthalmic laboratory technicians,High,51,Production,1.0,0.0420484626349012,0.1666666666666666,0.1043575646507839,True,Growing,0.14,0.08,1.0,Low Exposure / Stable,-1.4070142062016597,-0.3722838967887045
      Packaging and filling machine operators and tenders,51-9111,381.2,398.2,17.0,4.5,40900.0,High school diploma or equivalent,45.3,0.98,Packaging and filling machine operators and tenders,High,51,Production,1.0,0.0546731826511912,0.1666666666666666,0.1106699246589289,True,Growing,0.22,0.23,1.0,Low Exposure / Stable,-1.087120271594405,0.0746771790328765
"        Painting, coating, and decorating workers",51-9123,8.8,8.9,0.1,1.4,40860.0,No formal educational credential,0.8,0.92,"Painting, coating, and decorating workers",High,51,Production,0.0,0.0544695581347994,0.0,0.0272347790673997,True,Growing,0.18,0.24,1.0,Low Exposure / Stable,-1.6074734441793477,-0.07463134141335155
      Semiconductor processing technicians,51-9141,31.9,35.4,3.5,10.9,51180.0,High school diploma or equivalent,3.9,0.88,Semiconductor Processors,High,51,Production,1.0,0.107004683363877,0.1666666666666666,0.1368356750152718,False,Growing,,,,,,
      Photographic process workers and processing machine operators,51-9151,11.2,10.9,-0.3,-2.6,40100.0,High school diploma or equivalent,1.5,0.99,Photographic process workers and processing machine operators,High,51,Production,1.0,0.0506006923233557,0.1666666666666666,0.1086336794950112,True,Declining,0.27,0.31,1.0,Low Exposure / Stable,-0.9352791632654548,0.3939302786580932
        Adhesive bonding machine operators and tenders,51-9191,12.2,12.3,0.1,1.0,45210.0,High school diploma or equivalent,1.3,0.95,Adhesive bonding machine operators and tenders,High,51,Production,1.0,0.0766137242924048,0.1666666666666666,0.1216401954795357,True,Growing,0.2,0.18,1.0,Low Exposure / Stable,-1.0662016182475476,-0.12077328833829347
"        Cleaning, washing, and metal pickling equipment operators and tenders",51-9192,14.6,15.2,0.5,3.6,41460.0,High school diploma or equivalent,1.6,0.81,"Cleaning, washing, and metal pickling equipment operators and tenders",High,51,Production,1.0,0.057523925880676,0.1666666666666666,0.1120952962736713,True,Growing,0.23,0.2533333333333333,1.0,Low Exposure / Stable,-1.0420172956407767,0.12630237444283723
        Cooling and freezing equipment operators and tenders,51-9193,7.1,7.6,0.5,7.2,40160.0,High school diploma or equivalent,0.8,0.93,Cooling and freezing equipment operators and tenders,High,51,Production,1.0,0.0509061290979434,0.1666666666666666,0.108786397882305,True,Growing,0.15,0.16,1.0,Low Exposure / Stable,-1.3377626051651847,-0.34069481377846317
        Etchers and engravers,51-9194,8.6,8.6,-0.1,-0.7,40450.0,High school diploma or equivalent,0.9,0.98,Etchers and engravers,High,51,Production,1.0,0.0523824068417837,0.1666666666666666,0.1095245367542252,True,Declining,0.23,0.3,1.0,Low Exposure / Stable,-1.0626868815167723,0.143451928276495
"        Molders, shapers, and casters, except metal and plastic",51-9195,41.7,44.3,2.6,6.2,45690.0,High school diploma or equivalent,5.5,0.9,"Molders, shapers, and casters, except metal and plastic",High,51,Production,1.0,0.079057218489106,0.1666666666666666,0.1228619425778863,True,Growing,0.1833333333333333,0.1866666666666666,1.0,Low Exposure / Stable,-1.1124494679015422,-0.23081333621783479
"        Paper goods machine setters, operators, and tenders",51-9196,97.5,91.4,-6.1,-6.3,49390.0,High school diploma or equivalent,8.1,0.67,"Paper goods machine setters, operators, and tenders",Medium,51,Production,1.0,0.0978924862553451,0.1666666666666666,0.1322795764610059,False,Declining,0.23,0.255,1.0,Low Exposure / Stable,-0.8797303491094456,-0.008347092785782112
        Tire builders,51-9197,20.9,21.4,0.5,2.3,55580.0,High school diploma or equivalent,2.5,0.94,Tire builders,High,51,Production,1.0,0.1294033801669721,0.1666666666666666,0.1480350234168193,False,Growing,0.18,0.18,1.0,Low Exposure / Stable,-0.9212654496447169,-0.41912107871140974
        Helpers--production workers,51-9198,168.5,153.5,-15.0,-8.9,38220.0,High school diploma or equivalent,23.6,0.66,Helpers–production workers,Medium,51,Production,1.0,0.0410303400529423,0.1666666666666666,0.1038485033598045,False,Declining,0.12,0.1,1.0,Low Exposure / Stable,-1.478392416518901,-0.491155663377898
"        Airline pilots, copilots, and flight engineers",53-2011,100.0,103.9,3.9,3.9,226600.0,Bachelor's degree,11.7,0.18,"Airline pilots, copilots, and flight engineers",Low,53,Transportation,4.0,1.0,0.6666666666666666,0.8333333333333333,False,Growing,0.27,0.24,0.0,Low Exposure / High Skill,4.036323883298046,-3.0564374408428505
        Commercial pilots,53-2012,55.4,58.3,2.8,5.1,122670.0,Postsecondary nondegree award,6.6,0.55,Commercial pilots,Medium,53,Transportation,,0.4709326002850743,0.1666666666666666,0.3187996334758705,False,Growing,0.27,0.24,0.0,Low Exposure / High Skill,0.7545106444384563,-1.008088196634101
        Air traffic controllers,53-2021,24.1,24.4,0.3,1.2,144580.0,Associate's degree,2.2,0.11,Air traffic controllers,Low,53,Transportation,3.0,0.5824679291386683,0.5,0.5412339645693341,False,Growing,0.31,0.3,0.0,Low Exposure / High Skill,2.10739610761087,-1.3246746708232116
        Airfield operations specialists,53-2022,16.9,17.6,0.7,4.2,56750.0,High school diploma or equivalent,1.6,0.71,Airfield operations specialists,High,53,Transportation,1.0,0.1353593972714314,0.1666666666666666,0.151013031969049,False,Growing,,,,,,
      Flight attendants,53-2031,130.8,142.9,12.1,9.2,67130.0,High school diploma or equivalent,19.8,0.35,Flight attendants,Medium,53,Transportation,1.0,0.1881999592750967,0.1666666666666666,0.1774333129708817,False,Growing,0.22,0.31,1.0,Low Exposure / Stable,-0.5503249869138482,-0.37070182795409523
"      Ambulance drivers and attendants, except emergency medical technicians",53-3011,12.3,12.1,-0.2,-1.3,34330.0,High school diploma or equivalent,1.4,0.25,"Ambulance drivers and attendants, except emergency medical technicians",Low,53,Transportation,1.0,0.0212278558338424,0.1666666666666666,0.0939472612502545,False,Declining,0.28,0.24,1.0,Low Exposure / Stable,-1.0197192354257387,0.553037331263156
        Driver/sales workers,53-3031,451.5,491.3,39.8,8.8,37130.0,High school diploma or equivalent,51.3,0.98,Driver/sales workers,High,53,Transportation,1.0,0.0354815719812665,0.1666666666666666,0.1010741193239666,True,Growing,0.28,0.24,1.0,Low Exposure / Stable,-0.9624174131952562,0.5054940137045011
        Heavy and tractor-trailer truck drivers,53-3032,2235.1,2324.4,89.3,4.0,57440.0,Postsecondary nondegree award,237.6,0.79,Heavy and tractor-trailer truck drivers,High,53,Transportation,,0.1388719201791895,0.1666666666666666,0.1527692934229281,False,Growing,0.24,0.23,1.0,Low Exposure / Stable,-0.6813449986892762,-0.08390027184522371
        Light truck drivers,53-3033,1079.8,1158.6,78.9,7.3,44140.0,High school diploma or equivalent,120.2,0.69,Light truck or delivery services drivers,Medium,53,Transportation,1.0,0.0711667684789248,0.1666666666666666,0.1189167175727957,False,Growing,0.28,0.24,1.0,Low Exposure / Stable,-0.818958208253941,0.38646592224515425
        Locomotive engineers,53-4011,27.0,27.2,0.2,0.7,77400.0,High school diploma or equivalent,2.2,0.96,Locomotive engineers,High,53,Transportation,1.0,0.2404805538586845,0.1666666666666666,0.2035736102626756,False,Growing,0.2,0.26,1.0,Low Exposure / Stable,-0.4074353119621065,-0.6673516427001164
"        Rail yard engineers, dinkey operators, and hostlers",53-4013,3.1,3.1,0.0,0.3,58030.0,High school diploma or equivalent,0.2,0.91,"Rail yard engineers, dinkey operators, and hostlers",High,53,Transportation,1.0,0.1418753817959682,0.1666666666666666,0.1542710242313174,False,Growing,0.2,0.26,1.0,Low Exposure / Stable,-0.8038411321779807,-0.33845376373184954
      Railroad conductors and yardmasters,53-4031,36.8,37.2,0.4,1.1,74080.0,High school diploma or equivalent,3.1,0.83,Railroad conductors and yardmasters,High,53,Transportation,1.0,0.2235797189981674,0.1666666666666666,0.195123192832417,False,Growing,0.17,0.22,1.0,Low Exposure / Stable,-0.5763067357008456,-0.7943804286456435
      Subway and streetcar operators,53-4041,9.6,9.9,0.3,3.4,84830.0,High school diploma or equivalent,0.9,0.86,Subway and streetcar operators,High,53,Transportation,1.0,0.2783038077784565,0.1666666666666666,0.2224852372225615,False,Growing,0.19,0.23,1.0,Low Exposure / Stable,-0.2890234451937504,-0.8546450907149535
      Sailors and marine oilers,53-5011,32.1,32.8,0.7,2.3,49610.0,No formal educational credential,3.9,0.83,Sailors and marine oilers,High,53,Transportation,0.0,0.0990124210954998,0.0,0.0495062105477499,True,Growing,0.14,0.12,1.0,Low Exposure / Stable,-1.5629756957392174,-0.46773964447091454
"        Captains, mates, and pilots of water vessels",53-5021,40.7,40.9,0.2,0.5,85540.0,Postsecondary nondegree award,4.3,0.27,"Captains, mates, and pilots of water vessels",Low,53,Transportation,,0.2819181429444105,0.1666666666666666,0.2242924048055385,False,Growing,0.29,0.35,1.0,Low Exposure / Stable,0.0619327748042986,-0.25536212845041084
        Motorboat operators,53-5022,2.7,2.8,0.0,1.4,51880.0,Postsecondary nondegree award,0.3,0.62,Motorboat operators,Medium,53,Transportation,,0.110568112400733,0.1666666666666666,0.1386173895336998,False,Growing,0.14,0.12,1.0,Low Exposure / Stable,-1.1315561607651252,-0.6008314161956676
      Ship engineers,53-5031,8.8,9.0,0.1,1.6,101320.0,Postsecondary nondegree award,1.1,0.041,Ship engineers,Low,53,Transportation,,0.3622480146609652,0.1666666666666666,0.2644573406638159,False,Growing,0.23,0.29,1.0,Low Exposure / Stable,0.18301380390089855,-0.8901058359361234
      Bridge and lock tenders,53-6011,2.9,2.8,-0.1,-3.3,58490.0,High school diploma or equivalent,0.3,0.97,Bridge and lock tenders,High,53,Transportation,1.0,0.1442170637344736,0.1666666666666666,0.1554418652005701,False,Declining,0.18,0.16,1.0,Low Exposure / Stable,-0.8617124843980367,-0.46853216945986903
      Parking attendants,53-6021,135.7,139.8,4.0,3.0,34600.0,No formal educational credential,18.5,0.87,Parking lot attendants,High,53,Transportation,0.0,0.0226023213194868,0.0,0.0113011606597434,True,Growing,0.29,0.38,1.0,Low Exposure / Stable,-1.365515220154647,0.7041343809813919
        Automotive and watercraft service attendants,53-6031,100.0,99.0,-1.0,-1.0,34850.0,No formal educational credential,14.4,0.83,Automotive and watercraft service attendants,High,53,Transportation,0.0,0.0238749745469354,0.0,0.0119374872734677,True,Declining,0.24,0.28,1.0,Low Exposure / Stable,-1.528612043564585,0.3942201473051969
      Traffic technicians,53-6041,7.9,8.2,0.3,3.7,58480.0,High school diploma or equivalent,0.8,0.9,Traffic technicians,High,53,Transportation,1.0,0.1441661576053756,0.1666666666666666,0.1554164121360211,False,Growing,0.26,0.42,1.0,Low Exposure / Stable,-0.5927762417028903,0.020708499476373484
      Transportation inspectors,53-6051,25.7,26.1,0.4,1.7,85750.0,High school diploma or equivalent,2.5,0.9,Transportation inspectors,High,53,Transportation,1.0,0.2829871716554673,0.1666666666666666,0.2248269191610669,False,Growing,0.24,0.32,1.0,Low Exposure / Stable,-0.10198264606607493,-0.564597171875768
      Passenger attendants,53-6061,25.6,26.8,1.2,4.7,37560.0,High school diploma or equivalent,4.1,0.75,"Transportation attendants, except flight attendants",High,53,Transportation,1.0,0.0376705355324781,0.1666666666666666,0.1021686010995723,True,Growing,0.235,0.3399999999999999,1.0,Low Exposure / Stable,-1.1050092422794686,0.22309035336038083
      Conveyor operators and tenders,53-7011,29.1,28.1,-1.0,-3.4,41230.0,No formal educational credential,2.6,0.93,Conveyor operators and tenders,High,53,Transportation,0.0,0.0563530849114233,0.0,0.0281765424557116,True,Declining,,,,,,
      Crane and tower operators,53-7021,42.3,43.5,1.3,3.0,66370.0,High school diploma or equivalent,3.8,0.9,Crane and tower operators,High,53,Transportation,1.0,0.184331093463653,0.1666666666666666,0.1754988800651598,False,Growing,0.18,0.16,1.0,Low Exposure / Stable,-0.7004487846922499,-0.6023326488749411
      Dredge operators,53-7031,1.1,1.2,0.0,1.2,48430.0,High school diploma or equivalent,0.1,0.92,Dredge operators,High,53,Transportation,1.0,0.0930054978619425,0.1666666666666666,0.1298360822643046,False,Growing,0.13,0.12,1.0,Low Exposure / Stable,-1.2358028032352164,-0.6033851159825879
      Hoist and winch operators,53-7041,2.7,2.7,0.0,-1.1,52310.0,No formal educational credential,0.3,0.65,Hoist and winch operators,Medium,53,Transportation,0.0,0.1127570759519445,0.0,0.0563785379759722,False,Declining,0.18,0.16,1.0,Low Exposure / Stable,-1.3731499211296958,-0.26904955071570835
      Industrial truck and tractor operators,53-7051,792.5,801.6,9.1,1.1,46390.0,No formal educational credential,76.4,0.93,Industrial truck and tractor operators,High,53,Transportation,0.0,0.0826206475259621,0.0,0.041310323762981,True,Growing,0.2,0.32,1.0,Low Exposure / Stable,-1.4270171222590806,-0.04626167574831195
        Cleaners of vehicles and equipment,53-7061,410.1,426.2,16.0,3.9,35270.0,No formal educational credential,56.2,0.37,Cleaners of vehicles and equipment,Medium,53,Transportation,0.0,0.026013031969049,0.0,0.0130065159845245,False,Growing,0.105,0.105,1.0,Low Exposure / Stable,-1.974192025581694,-0.4382184457714381
"        Laborers and freight, stock, and material movers, hand",53-7062,2988.9,3033.1,44.3,1.5,38940.0,No formal educational credential,384.3,0.85,"Labourers and freight, stock, and material movers, hand",High,53,Transportation,0.0,0.0446955813479942,0.0,0.0223477906739971,True,Growing,0.1166666666666666,0.1266666666666666,1.0,Low Exposure / Stable,-1.8598359951612862,-0.4292113158771782
        Machine feeders and offbearers,53-7063,46.5,40.4,-6.0,-13.0,39700.0,No formal educational credential,4.7,0.93,Machine feeders and offbearers,High,53,Transportation,0.0,0.048564447159438,0.0,0.024282223579719,True,Declining,0.12,0.1,1.0,Low Exposure / Stable,-1.8330684395771677,-0.4217379776692013
"        Packers and packagers, hand",53-7064,591.8,559.7,-32.2,-5.4,35580.0,No formal educational credential,74.0,0.38,"Packers and packagers, hand",Medium,53,Transportation,0.0,0.0275911219710853,0.0,0.0137955609855426,False,Declining,0.2,0.13,1.0,Low Exposure / Stable,-1.6482430859417654,0.13728948954063835
        Gas compressor and gas pumping station operators,53-7071,5.4,5.3,-0.1,-1.3,71510.0,High school diploma or equivalent,0.6,0.91,Gas compressor and gas pumping station operators,High,53,Transportation,1.0,0.2104968438199959,0.1666666666666666,0.1885817552433313,False,Declining,0.29,0.3,1.0,Low Exposure / Stable,-0.22519028444344122,-0.017136147969007327
"        Pump operators, except wellhead pumpers",53-7072,13.1,13.5,0.3,2.6,60020.0,High school diploma or equivalent,1.5,0.9,"Pump operators, except wellhead pumpers",High,53,Transportation,1.0,0.1520057014864589,0.1666666666666666,0.1593361840765628,False,Growing,0.28,0.305,1.0,Low Exposure / Stable,-0.49397501646106085,0.11682739266249652
        Wellhead pumpers,53-7073,18.8,17.9,-0.9,-4.7,70010.0,High school diploma or equivalent,2.0,0.84,Wellhead pumpers,High,53,Transportation,1.0,0.2028609244553044,0.1666666666666666,0.1847637955609855,False,Declining,0.19,0.22,1.0,Low Exposure / Stable,-0.5923138042850905,-0.603005102779501
      Refuse and recyclable material collectors,53-7081,147.9,149.2,1.3,0.9,48350.0,No formal educational credential,16.9,0.93,Refuse and recyclable material collectors,High,53,Transportation,0.0,0.092598248829159,0.0,0.0462991244145795,True,Growing,0.135,0.12,1.0,Low Exposure / Stable,-1.6055828214967003,-0.47691208103036575
"      Tank car, truck, and ship loaders",53-7121,12.0,12.5,0.5,4.3,58070.0,No formal educational credential,1.3,0.72,"Tank car, truck, and ship loaders",High,53,Transportation,0.0,0.14207900631236,0.0,0.07103950315618,True,Growing,0.14,0.17,1.0,Low Exposure / Stable,-1.389842332857116,-0.6113883825231368
