occupation,soc_code,emp_2024,emp_2034,emp_change_num,emp_change_pct,median_wage_2024,education_required,annual_openings,automation_prob,occupation_fo,risk_tier,soc_major,occupation_group,education_level,wage_norm,edu_norm,adaptive_capacity_score,vulnerable,growth_direction,genai_exposure_2025,genai_exposure_2023,cluster,cluster_label,pca_1,pca_2
      Chief executives,11-1011,309.4,322.7,13.3,4.3,206420.0,Bachelor's degree,22.2,0.015,Chief executives,Low,11,Management,4.0,0.8972714314803502,0.6666666666666666,0.7819690490735084,False,Growing,0.33,0.3166666666666666,2.0,Low Risk / High Skill,4.2802460288689215,2.401354242425004
      General and operations managers,11-1021,3712.9,3876.8,164.0,4.4,102950.0,Bachelor's degree,308.7,0.16,General and operations managers,Low,11,Management,4.0,0.3705457137039299,0.6666666666666666,0.5186061901852983,False,Growing,0.4014285714285714,0.3771428571428571,2.0,Low Risk / High Skill,2.060964927264792,0.18411060234151921
      Advertising and promotions managers,11-2011,27.0,26.4,-0.6,-2.2,126960.0,Bachelor's degree,2.1,0.039,Advertising and promotions managers,Low,11,Management,4.0,0.492771329668092,0.6666666666666666,0.5797189981673794,False,Declining,0.39,0.33,2.0,Low Risk / High Skill,2.709216414766537,0.5309320206390445
        Marketing managers,11-2021,407.0,433.7,26.7,6.6,161030.0,Bachelor's degree,34.3,0.014,Marketing managers,Low,11,Management,4.0,0.6662085115047852,0.6666666666666666,0.6664375890857259,False,Growing,0.41,0.29,2.0,Low Risk / High Skill,3.4052674094100137,1.304674596017646
        Sales managers,11-2022,619.5,648.5,29.0,4.7,138060.0,Bachelor's degree,49.0,0.013,Sales managers,Low,11,Management,4.0,0.5492771329668092,0.6666666666666666,0.6079718998167379,False,Growing,0.41,0.29,2.0,Low Risk / High Skill,2.9632305427501895,0.7487422420516494
      Computer and information systems managers,11-3021,667.1,768.7,101.6,15.2,171200.0,Bachelor's degree,55.6,0.035,Computer and information systems managers,Low,11,Management,4.0,0.7179800447973936,0.6666666666666666,0.6923233557320301,False,Growing,0.44,0.31,2.0,Low Risk / High Skill,3.569616289385545,1.590276710355709
      Financial managers,11-3031,868.6,997.4,128.8,14.8,161700.0,Bachelor's degree,74.6,0.069,Financial managers,Low,11,Management,4.0,0.6696192221543474,0.6666666666666666,0.668142944410507,False,Growing,0.42,0.355,2.0,Low Risk / High Skill,3.334293629476162,1.4264138670083433
      Industrial production managers,11-3051,241.9,246.5,4.6,1.9,121440.0,Bachelor's degree,17.1,0.03,Industrial production managers,Low,11,Management,4.0,0.4646711464060273,0.6666666666666666,0.5656689065363469,False,Growing,0.38,0.36,2.0,Low Risk / High Skill,2.616353396304636,0.38051865439763755
      Purchasing managers,11-3061,83.5,86.1,2.6,3.1,139510.0,Bachelor's degree,6.4,0.03,Purchasing managers,Low,11,Management,4.0,0.556658521686011,0.6666666666666666,0.6116625941763388,False,Growing,0.42,0.33,2.0,Low Risk / High Skill,2.9652944075927463,0.8163484302413228
"      Transportation, storage, and distribution managers",11-3071,216.7,229.8,13.1,6.1,102010.0,High school diploma or equivalent,18.5,0.59,"Transportation, storage, and distribution managers",Medium,11,Management,1.0,0.3657605375687233,0.1666666666666666,0.2662136021176949,False,Growing,0.38,0.39,1.0,High Risk / Low Resilience,0.31299096069221594,0.9803923742479872
      Compensation and benefits managers,11-3111,20.9,20.9,0.0,0.2,140360.0,Bachelor's degree,1.5,0.96,Compensation and benefits managers,High,11,Management,4.0,0.5609855426593362,0.6666666666666666,0.6138261046630014,False,Growing,0.36,0.27,2.0,Low Risk / High Skill,1.562835665305409,2.622103958357496
      Human resources managers,11-3121,221.9,233.0,11.1,5.0,140030.0,Bachelor's degree,17.9,0.0055,Human resources managers,Low,11,Management,4.0,0.559305640399104,0.6666666666666666,0.6129861535328853,False,Growing,0.36,0.27,2.0,Low Risk / High Skill,3.012714779486442,0.7818593987003016
      Training and development managers,11-3131,46.4,49.2,2.7,5.8,127090.0,Bachelor's degree,3.8,0.0063,Training and development managers,Low,11,Management,4.0,0.4934331093463653,0.6666666666666666,0.5800498880065159,False,Growing,0.36,0.27,2.0,Low Risk / High Skill,2.761616175996456,0.4712956382471537
"      Farmers, ranchers, and other agricultural managers",11-9013,836.1,825.0,-11.1,-1.3,87980.0,High school diploma or equivalent,85.5,0.047,"Farmers, ranchers, and other agricultural managers",Low,11,Management,1.0,0.2943392384443086,0.1666666666666666,0.2305029525554876,False,Declining,0.245,0.3,0.0,Low Risk / Stable,0.8705029961150734,-0.4003549821272413
      Construction managers,11-9021,550.3,598.4,48.1,8.7,106980.0,Bachelor's degree,46.8,0.071,Construction managers,Low,11,Management,4.0,0.3910608837304011,0.6666666666666666,0.5288637751985339,False,Growing,0.24,0.2799999999999999,2.0,Low Risk / High Skill,2.274570893716608,0.11046312190075078
"        Education and childcare administrators, preschool and daycare",11-9031,90.2,87.9,-2.3,-2.5,56270.0,Bachelor's degree,5.5,0.015,"Education administrators, preschool and childcare center/program",Low,11,Management,4.0,0.1329159030747302,0.6666666666666666,0.3997912848706984,False,Declining,0.3,0.26,0.0,Low Risk / Stable,1.3807721580936159,-1.2201090028948225
"        Education administrators, kindergarten through secondary",11-9032,333.3,328.1,-5.1,-1.5,104070.0,Master's degree,20.8,0.0046,"Education administrators, elementary and secondary school",Low,11,Management,5.0,0.3762472001628996,0.8333333333333333,0.6047902667481164,False,Declining,0.36,0.27,2.0,Low Risk / High Skill,2.677609811010372,-0.08502420229075767
"        Education administrators, postsecondary",11-9033,226.6,230.5,4.0,1.7,103960.0,Master's degree,15.1,0.01,"Education administrators, postsecondary",Low,11,Management,5.0,0.3756872327428222,0.8333333333333333,0.6045102830380777,False,Growing,0.36,0.27,2.0,Low Risk / High Skill,2.6672470387655474,-0.07731129560275297
      Architectural and engineering managers,11-9041,212.5,220.5,8.0,3.8,167740.0,Bachelor's degree,14.5,0.017,Architectural and engineering managers,Low,11,Management,4.0,0.7003665241295052,0.6666666666666666,0.683516595398086,False,Growing,0.4,0.24,2.0,Low Risk / High Skill,3.530263958359024,1.472271765415514
      Food service managers,11-9051,352.8,375.3,22.6,6.4,65310.0,High school diploma or equivalent,42.0,0.083,Food service managers,Low,11,Management,1.0,0.178935043779271,0.1666666666666666,0.1728008552229688,False,Growing,0.36,0.42,0.0,Low Risk / Stable,0.37780951074060193,-0.8780253948043849
        Gambling managers,11-9071,5.1,5.2,0.1,1.2,85580.0,High school diploma or equivalent,0.6,0.091,Gaming managers,Low,11,Management,1.0,0.2821217674608023,0.1666666666666666,0.2243942170637344,False,Growing,0.32,0.33,0.0,Low Risk / Stable,0.7570282992769086,-0.37377685929578197
      Lodging managers,11-9081,52.0,53.8,1.8,3.4,68130.0,High school diploma or equivalent,5.4,0.0039,Lodging managers,Low,11,Management,1.0,0.193290572184891,0.1666666666666666,0.1799786194257788,False,Growing,0.37,0.4,0.0,Low Risk / Stable,0.5529456251596122,-0.9618525070610506
      Medical and health services managers,11-9111,616.2,759.1,142.9,23.2,117960.0,Bachelor's degree,62.1,0.0073,Medical and health services managers,Low,11,Management,4.0,0.4469558134799429,0.6666666666666666,0.5568112400733047,False,Growing,0.35,0.285,2.0,Low Risk / High Skill,2.58378550185117,0.25300907663029
      Natural sciences managers,11-9121,104.3,108.2,3.9,3.7,161180.0,Bachelor's degree,8.5,0.018,Natural sciences managers,Low,11,Management,4.0,0.6669721034412543,0.6666666666666666,0.6668193850539605,False,Growing,0.4,0.24,2.0,Low Risk / High Skill,3.402061308508727,1.3159709549839453
      Postmasters and mail superintendents,11-9131,13.1,12.7,-0.5,-3.5,92730.0,High school diploma or equivalent,0.9,0.75,Postmasters and mail superintendents,High,11,Management,1.0,0.3185196497658318,0.1666666666666666,0.2425931582162492,False,Declining,0.42,0.33,1.0,High Risk / Low Resilience,-0.11031774898860972,1.0637088814947993
"      Property, real estate, and community association managers",11-9141,466.1,483.1,17.0,3.6,66700.0,High school diploma or equivalent,39.0,0.81,"Property, real estate, and community association managers",High,11,Management,1.0,0.1860109957238851,0.1666666666666666,0.1763388311952759,False,Growing,0.35,0.38,1.0,High Risk / Low Resilience,-0.7045106349056871,0.551069813257728
      Social and community service managers,11-9151,219.8,233.9,14.1,6.4,78240.0,Bachelor's degree,18.6,0.0067,Social and community service managers,Low,11,Management,4.0,0.2447566687029118,0.6666666666666666,0.4557116676847892,False,Growing,0.37,0.32,0.0,Low Risk / Stable,1.8176872362663985,-0.7061481623034579
      Emergency management directors,11-9161,13.2,13.6,0.4,3.0,86130.0,Bachelor's degree,1.0,0.003,Emergency management directors,Low,11,Management,4.0,0.2849216045611892,0.6666666666666666,0.4757941356139279,False,Growing,0.38,0.32,0.0,Low Risk / Stable,1.975692179233704,-0.5229521193165718
"      Managers, all other",11-9199,1333.7,1393.5,59.8,4.5,136550.0,Bachelor's degree,106.7,0.25,"Managers, all other",Low,11,Management,4.0,0.5415903074730197,0.6666666666666666,0.6041284870698431,False,Growing,0.3666666666666667,0.3116666666666667,2.0,Low Risk / High Skill,2.5724879816224235,1.1672745271671228
"      Agents and business managers of artists, performers, and athletes",13-1011,21.4,23.2,1.9,8.7,96310.0,Bachelor's degree,2.2,0.24,"Agents and business managers of artists, performers, and athletes",Low,13,Business & Financial,4.0,0.3367440439828956,0.6666666666666666,0.5017053553247811,False,Growing,0.44,0.52,2.0,Low Risk / High Skill,1.8106895418446218,0.17753091729932682
"        Claims adjusters, examiners, and investigators",13-1031,356.1,337.9,-18.2,-5.1,76790.0,High school diploma or equivalent,21.1,0.98,"Claims adjusters, examiners, and investigators",High,13,Business & Financial,1.0,0.23737527998371,0.1666666666666666,0.2020209733251883,False,Declining,0.45,0.39,1.0,High Risk / Low Resilience,-0.7690313589084815,1.120767040396813
"        Insurance appraisers, auto damage",13-1032,9.2,8.4,-0.8,-8.2,76650.0,Postsecondary nondegree award,0.5,0.98,"Insurance appraisers, auto damage",High,13,Business & Financial,,0.2366625941763388,0.1666666666666666,0.2016646304215027,False,Declining,0.45,0.39,1.0,High Risk / Low Resilience,-0.7717348310490645,1.1173903846902213
      Compliance officers,13-1041,418.0,430.3,12.3,3.0,78420.0,Bachelor's degree,33.3,0.08,Compliance officers,Low,13,Business & Financial,4.0,0.2456729790266748,0.6666666666666666,0.4561698228466707,False,Growing,0.3999999999999999,0.48,0.0,Low Risk / Stable,1.7093315510994394,-0.5610979867196448
      Cost estimators,13-1051,221.4,212.1,-9.3,-4.2,77070.0,Bachelor's degree,16.9,0.57,Cost estimators,Medium,13,Business & Financial,4.0,0.2388006515984524,0.6666666666666666,0.4527336591325595,False,Declining,0.44,0.52,0.0,Low Risk / Stable,0.9356842765989308,0.34695931656259654
        Farm labor contractors,13-1074,3.9,4.2,0.2,6.0,48690.0,No formal educational credential,0.3,0.97,Farm labour contractors,High,13,Business & Financial,0.0,0.0943290572184891,0.0,0.0471645286092445,True,Growing,0.39,0.45,1.0,High Risk / Low Resilience,-1.6543282018213041,0.42166551646035977
        Logisticians,13-1081,241.0,281.3,40.3,16.7,80880.0,Bachelor's degree,26.4,0.012,Logisticians,Low,13,Business & Financial,4.0,0.2581958867847689,0.6666666666666666,0.4624312767257177,False,Growing,0.46,0.43,0.0,Low Risk / Stable,1.8605809480236102,-0.6323000527894141
      Management analysts,13-1111,1075.1,1169.7,94.5,8.8,101190.0,Bachelor's degree,98.1,0.13,Management analysts,Low,13,Business & Financial,4.0,0.3615862349826919,0.6666666666666666,0.5141264508246792,False,Growing,0.46,0.43,2.0,Low Risk / High Skill,2.072748506815371,0.08407236456794409
"      Meeting, convention, and event planners",13-1121,155.8,163.3,7.5,4.8,59440.0,Bachelor's degree,15.5,0.037,"Meeting, convention, and event planners",Low,13,Business & Financial,4.0,0.1490531459987782,0.6666666666666666,0.4078599063327224,False,Growing,0.48,0.51,0.0,Low Risk / Stable,1.4084217614913033,-1.1014200454947598
"      Compensation, benefits, and job analysis specialists",13-1141,107.0,112.7,5.6,5.3,77020.0,Bachelor's degree,8.5,0.47,"Compensation, benefits, and job analysis specialists",Medium,13,Business & Financial,4.0,0.2385461209529627,0.6666666666666666,0.4526063938098146,False,Growing,0.45,0.43,0.0,Low Risk / Stable,1.0872857057036558,0.15379052893646272
      Training and development specialists,13-1151,452.3,501.0,48.7,10.8,65850.0,Bachelor's degree,43.9,0.014,Training and development specialists,Low,13,Business & Financial,4.0,0.1816839747505599,0.6666666666666666,0.4241753207086133,False,Growing,0.4399999999999999,0.495,0.0,Low Risk / Stable,1.5672925641193467,-0.9909689050781993
      Market research analysts and marketing specialists,13-1161,941.7,1004.7,63.0,6.7,76950.0,Bachelor's degree,87.2,0.61,Market research analysts and marketing specialists,Medium,13,Business & Financial,4.0,0.2381897780492771,0.6666666666666666,0.4524282223579718,False,Growing,0.55,0.51,0.0,Low Risk / Stable,0.8723402328164579,0.42085017590645846
"      Business operations specialists, all other",13-1199,1205.7,1242.0,36.3,3.0,81270.0,Bachelor's degree,108.2,0.23,"Business operations specialists, all other",Low,13,Business & Financial,4.0,0.2601812258195887,0.6666666666666666,0.4634239462431276,False,Growing,0.43,0.485,0.0,Low Risk / Stable,1.5355160873717661,-0.20441466538192551
      Accountants and auditors,13-2011,1579.8,1652.6,72.8,4.6,81680.0,Bachelor's degree,124.2,0.94,Accountants and auditors,High,13,Business & Financial,4.0,0.2622683771126043,0.6666666666666666,0.4644675218896354,False,Growing,0.51,0.52,1.0,High Risk / Low Resilience,0.4602080190691628,1.1684102700769297
      Budget analysts,13-2031,50.4,51.0,0.5,1.0,87930.0,Bachelor's degree,3.1,0.94,Budget analysts,High,13,Business & Financial,4.0,0.294084707798819,0.6666666666666666,0.4803756872327428,False,Growing,0.51,0.52,1.0,High Risk / Low Resilience,0.5808987396309058,1.3191538284069262
      Credit analysts,13-2041,67.8,64.8,-3.0,-4.4,80970.0,Bachelor's degree,3.7,0.98,Credit analysts,High,13,Business & Financial,4.0,0.2586540419466504,0.6666666666666666,0.4626603543066585,False,Declining,0.62,0.59,1.0,High Risk / Low Resilience,0.3854707712656617,1.22807093751444
        Financial and investment analysts,13-2051,368.5,389.6,21.1,5.7,101350.0,Bachelor's degree,25.1,0.23,Financial analysts,Low,13,Business & Financial,4.0,0.362400733048259,0.6666666666666666,0.5145336998574628,False,Growing,0.595,0.52,2.0,Low Risk / High Skill,1.923271234392533,0.2798942388206858
        Personal financial advisors,13-2052,326.0,357.2,31.2,9.6,102140.0,Bachelor's degree,24.1,0.58,Personal financial advisors,Medium,13,Business & Financial,4.0,0.3664223172469966,0.6666666666666666,0.5165444919568316,False,Growing,0.57,0.45,2.0,Low Risk / High Skill,1.4045421994292717,0.9708181616518271
        Insurance underwriters,13-2053,127.0,123.7,-3.3,-2.6,79880.0,Bachelor's degree,8.2,0.99,Insurance underwriters,High,13,Business & Financial,4.0,0.2531052738749745,0.6666666666666666,0.4598859702708205,False,Declining,0.53,0.46,1.0,High Risk / Low Resilience,0.3491656141127715,1.2209775448576379
      Financial examiners,13-2061,65.1,77.2,12.1,18.5,90400.0,Bachelor's degree,5.7,0.17,Financial examiners,Low,13,Business & Financial,4.0,0.306658521686011,0.6666666666666666,0.4866625941763388,False,Growing,0.62,0.59,0.0,Low Risk / Stable,1.803361264889891,-0.0993861788691635
        Credit counselors,13-2071,31.8,32.9,1.1,3.3,50480.0,Bachelor's degree,2.2,0.04,Credit counselors,Low,13,Business & Financial,4.0,0.1034412543270209,0.6666666666666666,0.3850539604968438,False,Growing,0.6,0.57,0.0,Low Risk / Stable,1.2308225358479123,-1.3117671255418575
        Loan officers,13-2072,301.4,306.5,5.0,1.7,74180.0,Bachelor's degree,20.3,0.98,Loan officers,High,13,Business & Financial,4.0,0.2240887802891468,0.6666666666666666,0.4453777234779067,False,Growing,0.6,0.57,1.0,High Risk / Low Resilience,0.25435237244738423,1.0643031357447321
"        Tax examiners and collectors, and revenue agents",13-2081,57.6,56.5,-1.0,-1.8,59740.0,Bachelor's degree,4.3,0.93,"Tax examiners and collectors, and revenue agents",High,13,Business & Financial,4.0,0.1505803298717165,0.6666666666666666,0.4086234982691916,False,Declining,0.49,0.46,1.0,High Risk / Low Resilience,0.051792009096143024,0.6200437989993622
        Tax preparers,13-2082,90.6,94.7,4.1,4.5,50560.0,High school diploma or equivalent,10.4,0.99,Tax preparers,High,13,Business & Financial,1.0,0.1038485033598045,0.1666666666666666,0.1352575850132356,False,Growing,0.51,0.52,1.0,High Risk / Low Resilience,-1.2908028704489247,0.5073227587134352
"      Financial specialists, all other",13-2099,137.1,141.4,4.3,3.1,80190.0,Bachelor's degree,10.3,0.33,"Financial specialists, all other",Medium,13,Business & Financial,4.0,0.2546833638770107,0.6666666666666666,0.4606750152718387,False,Growing,0.44,0.52,0.0,Low Risk / Stable,1.3620937759894778,-0.03850031310185526
      Actuaries,15-2011,33.6,40.9,7.3,21.8,125770.0,Bachelor's degree,2.4,0.21,Actuaries,Low,15,Computer & Math,4.0,0.4867135003054368,0.6666666666666666,0.5766900834860518,False,Growing,0.56,0.5,2.0,Low Risk / High Skill,2.4253474087452176,0.8304869020957483
      Mathematicians,15-2021,2.4,2.4,0.0,-0.7,121680.0,Master's degree,0.1,0.047,Mathematicians,Low,15,Computer & Math,5.0,0.4658928935043779,0.8333333333333333,0.6496131134188556,False,Declining,0.56,0.5,2.0,Low Risk / High Skill,2.9529795964005894,0.421103091463465
      Operations research analysts,15-2031,112.1,136.2,24.1,21.5,91290.0,Bachelor's degree,9.6,0.035,Operations research analysts,Low,15,Computer & Math,4.0,0.311189167175728,0.6666666666666666,0.4889279169211973,False,Growing,0.56,0.5,0.0,Low Risk / Stable,2.0265130125713284,-0.3370701290282891
      Statisticians,15-2041,32.2,34.9,2.7,8.5,103300.0,Master's degree,2.0,0.22,Statisticians,Low,15,Computer & Math,5.0,0.372327428222358,0.8333333333333333,0.6028303807778457,False,Growing,0.56,0.5,2.0,Low Risk / High Skill,2.3341114934488685,0.3098921468725371
"        Architects, except landscape and naval",17-1011,123.6,128.4,4.8,3.9,96690.0,Bachelor's degree,7.8,0.018,"Architects, except landscape and naval",Low,17,Architecture & Engineering,4.0,0.3386784768886174,0.6666666666666666,0.502672571777642,False,Growing,0.37,0.39,2.0,Low Risk / High Skill,2.1567261774644413,-0.23946137728828634
        Landscape architects,17-1012,21.8,22.6,0.8,3.5,79660.0,Bachelor's degree,1.7,0.045,Landscape architects,Low,17,Architecture & Engineering,4.0,0.2519853390348198,0.6666666666666666,0.4593260028507432,False,Growing,0.37,0.38,0.0,Low Risk / Stable,1.786675024263116,-0.5983774584527964
        Cartographers and photogrammetrists,17-1021,13.4,14.3,0.9,6.4,78380.0,Bachelor's degree,1.0,0.88,Cartographers and photogrammetrists,High,17,Architecture & Engineering,4.0,0.245469354510283,0.6666666666666666,0.4560680105884748,False,Growing,0.44,0.38,0.0,Low Risk / Stable,0.4880234915340939,0.9736399677829957
        Surveyors,17-1022,56.1,58.6,2.5,4.4,72740.0,Bachelor's degree,3.9,0.38,Surveyors,Medium,17,Architecture & Engineering,4.0,0.2167582976990429,0.6666666666666666,0.4417124821828548,False,Growing,0.44,0.38,0.0,Low Risk / Stable,1.1419469596452712,-0.12220521505146341
      Aerospace engineers,17-2011,71.6,75.9,4.4,6.1,134830.0,Bachelor's degree,4.5,0.017,Aerospace engineers,Low,17,Architecture & Engineering,4.0,0.5328344532681735,0.6666666666666666,0.59975055996742,False,Growing,0.32,0.31,2.0,Low Risk / High Skill,2.8947549001691115,0.6785164846730869
      Agricultural engineers,17-2021,1.7,1.8,0.1,5.9,84630.0,Bachelor's degree,0.1,0.49,Agricultural engineers,Medium,17,Architecture & Engineering,4.0,0.2772856851964976,0.6666666666666666,0.4719761759315821,False,Growing,0.32,0.31,0.0,Low Risk / Stable,1.2037253360857898,0.37572845339096467
      Bioengineers and biomedical engineers,17-2031,22.2,23.3,1.1,5.2,106950.0,Bachelor's degree,1.3,0.037,Biomedical engineers,Low,17,Architecture & Engineering,4.0,0.3909081653431073,0.6666666666666666,0.528787416004887,False,Growing,0.3,0.22,2.0,Low Risk / High Skill,2.3258643429134462,0.044472187506538946
      Chemical engineers,17-2041,21.6,22.1,0.6,2.6,121860.0,Bachelor's degree,1.1,0.017,Chemical engineers,Low,17,Architecture & Engineering,4.0,0.4668092038281409,0.6666666666666666,0.5667379352474038,False,Growing,0.35,0.31,2.0,Low Risk / High Skill,2.6442975168593836,0.3656934524266789
      Civil engineers,17-2051,368.9,387.5,18.5,5.0,99590.0,Bachelor's degree,23.6,0.019,Civil engineers,Low,17,Architecture & Engineering,4.0,0.353441254327021,0.6666666666666666,0.5100539604968438,False,Growing,0.3,0.34,2.0,Low Risk / High Skill,2.2112010022563977,-0.16759673783157308
      Computer hardware engineers,17-2061,76.8,82.4,5.6,7.3,155020.0,Bachelor's degree,4.7,0.22,Computer hardware engineers,Low,17,Architecture & Engineering,4.0,0.6356139279169212,0.6666666666666666,0.6511402972917939,False,Growing,0.42,0.29,2.0,Low Risk / High Skill,2.974923285487251,1.5551630389960789
        Electrical engineers,17-2071,192.0,205.7,13.8,7.2,111910.0,Bachelor's degree,11.7,0.1,Electrical engineers,Low,17,Architecture & Engineering,4.0,0.4161576053756872,0.6666666666666666,0.541412136021177,False,Growing,0.31,0.33,2.0,Low Risk / High Skill,2.3255273171836373,0.28503886406770496
"        Electronics engineers, except computer",17-2072,95.9,101.8,6.0,6.2,127590.0,Bachelor's degree,5.7,0.025,"Electronics engineers, except computer",Low,17,Architecture & Engineering,4.0,0.4959784158012624,0.6666666666666666,0.5813225412339645,False,Growing,0.4499999999999999,0.315,2.0,Low Risk / High Skill,2.7427414130808514,0.5192521738363787
      Environmental engineers,17-2081,39.4,41.0,1.5,3.9,104170.0,Bachelor's degree,3.0,0.018,Environmental engineers,Low,17,Architecture & Engineering,4.0,0.3767562614538791,0.6666666666666666,0.5217114640602729,False,Growing,0.38,0.32,2.0,Low Risk / High Skill,2.301168831832735,-0.05905148667894699
"        Health and safety engineers, except mining safety engineers and inspectors",17-2111,23.8,24.9,1.1,4.4,109660.0,Bachelor's degree,1.5,0.028,"Health and safety engineers, except mining safety engineers and inspectors",Low,17,Architecture & Engineering,4.0,0.40470372632865,0.6666666666666666,0.5356851964976583,False,Growing,0.3,0.22,2.0,Low Risk / High Skill,2.391926865287248,0.09255793887407107
        Industrial engineers,17-2112,351.1,389.6,38.5,11.0,101140.0,Bachelor's degree,25.2,0.029,Industrial engineers,Low,17,Architecture & Engineering,4.0,0.3613317043372022,0.6666666666666666,0.5139991855019344,False,Growing,0.37,0.32,2.0,Low Risk / High Skill,2.225875605468788,-0.11101605144978496
      Marine engineers and naval architects,17-2121,8.5,9.0,0.5,5.8,105670.0,Bachelor's degree,0.6,0.01,Marine engineers and naval architects,Low,17,Architecture & Engineering,4.0,0.3843921808185706,0.6666666666666666,0.5255294237426187,False,Growing,0.32,0.31,2.0,Low Risk / High Skill,2.3423399611570908,-0.03823005981250733
      Materials engineers,17-2131,23.0,24.3,1.3,5.7,108310.0,Bachelor's degree,1.5,0.021,Materials engineers,Low,17,Architecture & Engineering,4.0,0.3978313989004276,0.6666666666666666,0.5322490327835472,False,Growing,0.295,0.245,2.0,Low Risk / High Skill,2.376537356486757,0.046559931533627134
      Mechanical engineers,17-2141,293.1,319.6,26.5,9.1,102320.0,Bachelor's degree,18.1,0.011,Mechanical engineers,Low,17,Architecture & Engineering,4.0,0.3673386275707595,0.6666666666666666,0.517002647118713,False,Growing,0.32,0.31,2.0,Low Risk / High Skill,2.2761240653873043,-0.11710897868579065
"      Mining and geological engineers, including mining safety engineers",17-2151,7.0,7.0,0.0,0.7,101020.0,Bachelor's degree,0.4,0.14,"Mining and geological engineers, including mining safety engineers",Low,17,Architecture & Engineering,4.0,0.3607208307880268,0.6666666666666666,0.5136937487273467,False,Growing,0.29,0.27,2.0,Low Risk / High Skill,2.0542090237291695,0.09916842369731729
      Nuclear engineers,17-2161,15.4,15.3,-0.2,-1.1,127520.0,Bachelor's degree,0.8,0.07,Nuclear engineers,Low,17,Architecture & Engineering,4.0,0.4956220728975768,0.6666666666666666,0.5811443697821217,False,Declining,0.3,0.22,2.0,Low Risk / High Skill,2.6727345473194117,0.6039471236048551
      Petroleum engineers,17-2171,19.6,19.8,0.2,1.3,141280.0,Bachelor's degree,1.2,0.16,Petroleum engineers,Low,17,Architecture & Engineering,4.0,0.565668906536347,0.6666666666666666,0.6161677866015068,False,Growing,0.29,0.27,2.0,Low Risk / High Skill,2.8011369783258475,1.10859069686772
"      Engineers, all other",17-2199,158.8,162.1,3.3,2.1,117750.0,Bachelor's degree,9.3,0.014,"Engineers, all other",Low,17,Architecture & Engineering,4.0,0.4458867847688862,0.6666666666666666,0.5562767257177764,False,Growing,0.3,0.22,2.0,Low Risk / High Skill,2.569508307664058,0.26080560329408886
        Architectural and civil drafters,17-3011,110.5,115.1,4.6,4.1,64280.0,Associate's degree,10.0,0.52,Architectural and civil drafters,Medium,17,Architecture & Engineering,3.0,0.1736917124821828,0.5,0.3368458562410914,False,Growing,0.35,0.44,0.0,Low Risk / Stable,0.4070582047218403,-0.059665922552496115
        Electrical and electronics drafters,17-3012,21.6,20.4,-1.2,-5.6,73720.0,Associate's degree,1.7,0.81,Electrical and electronics drafters,High,17,Architecture & Engineering,3.0,0.2217470983506414,0.5,0.3608735491753207,False,Declining,0.35,0.44,1.0,High Risk / Low Resilience,0.14690529993756213,0.7247093815116632
        Mechanical drafters,17-3013,42.9,40.1,-2.8,-6.5,68510.0,Associate's degree,3.3,0.68,Mechanical drafters,Medium,17,Architecture & Engineering,3.0,0.1952250050906128,0.5,0.3476125025453064,False,Declining,0.35,0.44,0.0,Low Risk / Stable,0.24463455660727743,0.3494978603804356
        Aerospace engineering and operations technologists and technicians,17-3021,9.3,10.1,0.8,8.1,79830.0,Associate's degree,0.9,0.48,Aerospace engineering and operations technicians,Medium,17,Architecture & Engineering,3.0,0.2528507432294848,0.5,0.3764253716147424,False,Growing,0.26,0.34,0.0,Low Risk / Stable,0.7683634994271438,0.23859891490873675
        Civil engineering technologists and technicians,17-3022,64.9,66.2,1.4,2.1,64200.0,Associate's degree,5.5,0.75,Civil engineering technicians,High,17,Architecture & Engineering,3.0,0.1732844634493993,0.5,0.3366422317246996,False,Growing,0.28,0.31,1.0,High Risk / Low Resilience,0.05460936729944704,0.3799190899677164
        Electrical and electronic engineering technologists and technicians,17-3023,93.7,94.3,0.6,0.6,77180.0,Associate's degree,8.4,0.84,Electrical and electronics engineering technicians,High,17,Architecture & Engineering,3.0,0.2393606190185298,0.5,0.3696803095092649,False,Growing,0.36,0.3075,1.0,High Risk / Low Resilience,0.16794959637977724,0.865749867150997
        Electro-mechanical and mechatronics technologists and technicians,17-3024,15.0,15.1,0.2,1.1,70760.0,Associate's degree,1.3,0.81,Electro-mechanical technicians,High,17,Architecture & Engineering,3.0,0.2066788841376501,0.5,0.353339442068825,False,Growing,0.265,0.305,1.0,High Risk / Low Resilience,0.08974617467952051,0.6533172322865767
        Environmental engineering technologists and technicians,17-3025,12.9,13.0,0.1,1.2,58890.0,Associate's degree,1.1,0.25,Environmental engineering technicians,Low,17,Architecture & Engineering,3.0,0.1462533088983913,0.5,0.3231266544491957,False,Growing,0.26,0.42,0.0,Low Risk / Stable,0.7149053054562841,-0.7079668329869186
        Industrial engineering technologists and technicians,17-3026,74.6,75.9,1.3,1.7,64790.0,Associate's degree,6.3,0.03,Industrial engineering technicians,Low,17,Architecture & Engineering,3.0,0.176287925066178,0.5,0.338143962533089,False,Growing,0.26,0.42,0.0,Low Risk / Stable,1.164484646378851,-0.9879831600742888
        Mechanical engineering technologists and technicians,17-3027,38.3,38.3,0.0,0.0,68730.0,Associate's degree,3.2,0.38,Mechanical engineering technicians,Medium,17,Architecture & Engineering,3.0,0.1963449399307676,0.5,0.3481724699653838,False,Stable,0.26,0.34,0.0,Low Risk / Stable,0.7065837345787073,-0.22108448384483065
"        Engineering technologists and technicians, except drafters, all other",17-3029,67.3,68.3,1.0,1.5,77390.0,Associate's degree,5.7,0.24,"Engineering technicians, except drafters, all other",Low,17,Architecture & Engineering,3.0,0.2404296477295866,0.5,0.3702148238647933,False,Growing,0.28,0.355,0.0,Low Risk / Stable,1.0874065338059646,-0.2809621842460795
      Surveying and mapping technicians,17-3031,59.4,62.1,2.7,4.5,51940.0,High school diploma or equivalent,7.6,0.96,Surveying and mapping technicians,High,17,Architecture & Engineering,1.0,0.1108735491753206,0.1666666666666666,0.1387701079209936,False,Growing,0.28,0.31,1.0,High Risk / Low Resilience,-1.2183842728881267,0.4830180846448495
        Animal scientists,19-1011,2.8,2.9,0.2,5.8,79120.0,Bachelor's degree,0.2,0.061,Animal scientists,Low,19,Life & Social Science,4.0,0.2492364080635308,0.6666666666666666,0.4579515373650987,False,Growing,0.4,0.35,0.0,Low Risk / Stable,1.7518366332275062,-0.5806876476269892
        Food scientists and technologists,19-1012,15.2,16.2,1.0,6.5,85310.0,Bachelor's degree,1.2,0.077,Food scientists and technologists,Low,19,Life & Social Science,4.0,0.2807473019751578,0.6666666666666666,0.4737069843209122,False,Growing,0.4,0.35,0.0,Low Risk / Stable,1.8469580100927812,-0.40067717319144197
        Soil and plant scientists,19-1013,20.7,21.8,1.1,5.4,71410.0,Bachelor's degree,1.7,0.021,Soil and plant scientists,Low,19,Life & Social Science,4.0,0.2099877825290164,0.6666666666666666,0.4383272245978415,False,Growing,0.345,0.3249999999999999,0.0,Low Risk / Stable,1.6639793422902276,-0.8434300368466704
        Biochemists and biophysicists,19-1021,35.6,37.6,2.1,5.8,103650.0,Doctoral or professional degree,2.9,0.027,Biochemists and biophysicists,Low,19,Life & Social Science,6.0,0.374109142740786,1.0,0.687054571370393,False,Growing,0.4,0.35,2.0,Low Risk / High Skill,2.993252455452068,-0.04999229166996496
        Microbiologists,19-1022,20.7,21.6,0.8,4.1,87330.0,Bachelor's degree,1.7,0.012,Microbiologists,Low,19,Life & Social Science,4.0,0.2910303400529423,0.6666666666666666,0.4788485033598045,False,Growing,0.4,0.35,0.0,Low Risk / Stable,1.9851337716433284,-0.47673270059285866
        Zoologists and wildlife biologists,19-1023,18.2,18.5,0.3,1.6,72860.0,Bachelor's degree,1.4,0.3,Zoologists and wildlife biologists,Medium,19,Life & Social Science,4.0,0.2173691712482182,0.6666666666666666,0.4420179189574424,False,Growing,0.4,0.35,0.0,Low Risk / Stable,1.2663177853754317,-0.27288121005912286
"        Biological scientists, all other",19-1029,63.7,64.5,0.8,1.2,93330.0,Bachelor's degree,4.8,0.015,"Biological scientists, all other",Low,19,Life & Social Science,4.0,0.3215740175117084,0.6666666666666666,0.4941203420891875,False,Growing,0.4,0.35,2.0,Low Risk / High Skill,2.096419854736525,-0.3262599994212775
        Conservation scientists,19-1031,28.5,29.5,1.0,3.4,67950.0,Bachelor's degree,2.5,0.016,Conservation scientists,Low,19,Life & Social Science,4.0,0.192374261861128,0.6666666666666666,0.4295204642638973,False,Growing,0.38,0.36,0.0,Low Risk / Stable,1.604793307130708,-0.9364798126961307
        Foresters,19-1032,13.8,14.0,0.2,1.2,70660.0,Bachelor's degree,1.1,0.0081,Foresters,Low,19,Life & Social Science,4.0,0.2061698228466707,0.6666666666666666,0.4364182447566687,False,Growing,0.29,0.3,0.0,Low Risk / Stable,1.669177593000948,-0.8862824700978442
        Epidemiologists,19-1041,12.3,14.3,2.0,16.2,83980.0,Master's degree,0.8,0.2,Epidemiologists,Low,19,Life & Social Science,5.0,0.2739767868051314,0.8333333333333333,0.5536550600692323,False,Growing,0.4,0.35,0.0,Low Risk / Stable,1.9915457290222531,-0.1944789084690455
"        Medical scientists, except epidemiologists",19-1042,165.3,179.6,14.3,8.7,100590.0,Doctoral or professional degree,9.6,0.0045,"Medical scientists, except epidemiologists",Low,19,Life & Social Science,6.0,0.3585318672368153,1.0,0.6792659336184077,False,Growing,0.4,0.35,2.0,Low Risk / High Skill,2.968489843510613,-0.16698797663921733
        Astronomers,19-2011,1.8,1.8,0.0,2.2,132170.0,Doctoral or professional degree,0.1,0.041,Astronomers,Low,19,Life & Social Science,6.0,0.5192934229281205,1.0,0.7596467114640603,False,Growing,0.38,0.35,2.0,Low Risk / High Skill,3.5226289778377216,0.6647555111838025
        Physicists,19-2012,24.6,25.6,1.0,4.0,166290.0,Doctoral or professional degree,1.7,0.1,Physicists,Low,19,Life & Social Science,6.0,0.6929851354103034,1.0,0.8464925677051517,False,Growing,0.38,0.35,2.0,Low Risk / High Skill,4.091489256155548,1.6009528199230183
      Atmospheric and space scientists,19-2021,9.4,9.5,0.1,0.7,97450.0,Bachelor's degree,0.7,0.67,Atmospheric and space scientists,Medium,19,Life & Social Science,4.0,0.342547342700061,0.6666666666666666,0.5046070046833638,False,Growing,0.54,0.44,2.0,Low Risk / High Skill,1.1766656233374424,1.0304667507245417
        Chemists,19-2031,86.8,91.0,4.3,4.9,84150.0,Bachelor's degree,6.3,0.1,Chemists,Low,19,Life & Social Science,4.0,0.2748421909997963,0.6666666666666666,0.4707544288332315,False,Growing,0.39,0.32,0.0,Low Risk / Stable,1.789467412736601,-0.384503724610806
        Materials scientists,19-2032,8.7,9.1,0.4,4.9,104160.0,Bachelor's degree,0.6,0.021,Materials scientists,Low,19,Life & Social Science,4.0,0.3767053553247811,0.6666666666666666,0.5216860109957239,False,Growing,0.3399999999999999,0.295,2.0,Low Risk / High Skill,2.2963987180337595,-0.05353379119749038
"        Environmental scientists and specialists, including health",19-2041,90.3,94.3,4.0,4.4,80060.0,Bachelor's degree,8.5,0.033,"Environmental scientists and specialists, including health",Low,19,Life & Social Science,4.0,0.2540215841987375,0.6666666666666666,0.4603441254327021,False,Growing,0.38,0.36,0.0,Low Risk / Stable,1.8127072649633735,-0.6117654114188161
"        Geoscientists, except hydrologists and geographers",19-2042,25.1,26.0,0.8,3.2,99240.0,Bachelor's degree,2.0,0.63,"Geoscientists, except hydrologists and geographers",Medium,19,Life & Social Science,4.0,0.351659539808593,0.6666666666666666,0.5091631032376298,False,Growing,0.36,0.32,2.0,Low Risk / High Skill,1.2722582276540135,0.996854570166456
        Hydrologists,19-2043,6.3,6.3,0.0,-0.1,92060.0,Bachelor's degree,0.5,0.014,Hydrologists,Low,19,Life & Social Science,4.0,0.3151089391162696,0.6666666666666666,0.4908878028914681,False,Declining,0.36,0.32,0.0,Low Risk / Stable,2.073421169867071,-0.3588107188655274
"      Physical scientists, all other",19-2099,31.9,32.1,0.2,0.6,117960.0,Bachelor's degree,2.0,0.43,"Physical scientists, all other",Medium,19,Life & Social Science,4.0,0.4469558134799429,0.6666666666666666,0.5568112400733047,False,Growing,,,2.0,Low Risk / High Skill,1.9388849836189823,1.0644359977574713
      Economists,19-3011,17.6,17.8,0.2,1.2,115440.0,Master's degree,0.9,0.43,Economists,Medium,19,Life & Social Science,5.0,0.4341274689472613,0.8333333333333333,0.6337304011402973,False,Growing,0.55,0.54,2.0,Low Risk / High Skill,2.248150543842638,1.0058183968076593
      Survey researchers,19-3022,8.8,8.3,-0.5,-5.2,63380.0,Master's degree,0.7,0.23,Survey researchers,Low,19,Life & Social Science,5.0,0.1691101608633679,0.8333333333333333,0.5012217470983507,False,Declining,0.56,0.5,0.0,Low Risk / Stable,1.5479790275899834,-0.633740824976865
        Industrial-organizational psychologists,19-3032,5.6,5.9,0.3,6.3,109840.0,Master's degree,0.4,0.012,Industrial-organizational psychologists,Low,19,Life & Social Science,5.0,0.405620036652413,0.8333333333333333,0.6194766849928731,False,Growing,0.39,0.41,2.0,Low Risk / High Skill,2.777741529572651,0.06834750085729759
"        Psychologists, all other",19-3039,55.3,57.7,2.4,4.3,117580.0,Master's degree,3.9,0.0043,"Psychologists, all other",Low,19,Life & Social Science,5.0,0.4450213805742211,0.8333333333333333,0.6391773569537772,False,Growing,0.39,0.41,2.0,Low Risk / High Skill,2.9389525734412425,0.2402471848778833
      Sociologists,19-3041,3.4,3.6,0.1,3.6,101690.0,Master's degree,0.3,0.059,Sociologists,Low,19,Life & Social Science,5.0,0.3641315414375891,0.8333333333333333,0.5987324373854612,False,Growing,0.48,0.45,2.0,Low Risk / High Skill,2.5486543611716055,-0.037999564800055195
      Urban and regional planners,19-3051,44.7,46.2,1.5,3.4,83720.0,Master's degree,3.4,0.13,Urban and regional planners,Low,19,Life & Social Science,5.0,0.2726532274485848,0.8333333333333333,0.552993280390959,False,Growing,0.41,0.47,0.0,Low Risk / Stable,2.0933218634553374,-0.33512382790721934
        Anthropologists and archeologists,19-3091,8.8,9.2,0.3,3.7,64910.0,Master's degree,0.8,0.0077,Anthropologists and archeologists,Low,19,Life & Social Science,5.0,0.1768987986153532,0.8333333333333333,0.5051160659743432,False,Growing,0.48,0.45,0.0,Low Risk / Stable,1.9166804566577713,-1.0235721933492372
        Geographers,19-3092,1.5,1.5,0.0,-3.1,97200.0,Bachelor's degree,0.1,0.25,Geographers,Low,19,Life & Social Science,4.0,0.3412746894726125,0.6666666666666666,0.5039706780696396,False,Declining,0.48,0.45,2.0,Low Risk / High Skill,1.8126192049656922,0.21819308392146758
        Historians,19-3093,3.4,3.5,0.1,2.2,74050.0,Master's degree,0.3,0.44,Historians,Medium,19,Life & Social Science,5.0,0.2234270006108735,0.8333333333333333,0.5283801669721034,False,Growing,0.47,0.41,0.0,Low Risk / Stable,1.4336316205076312,0.026730540039042006
        Political scientists,19-3094,6.5,6.3,-0.2,-3.1,139380.0,Master's degree,0.5,0.039,Political scientists,Low,19,Life & Social Science,5.0,0.5559967420077377,0.8333333333333333,0.6946650376705354,False,Declining,0.47,0.41,2.0,Low Risk / High Skill,3.306981073420982,0.8326518215212545
"        Social scientists and related workers, all other",19-3099,40.8,40.1,-0.7,-1.7,100340.0,Bachelor's degree,3.2,0.04,"Social scientists and related workers, all other",Low,19,Life & Social Science,4.0,0.3572592140093668,0.6666666666666666,0.5119629403380167,False,Declining,0.53,0.5,2.0,Low Risk / High Skill,2.193644828201271,-0.10919531460847971
      Biological technicians,19-4021,82.7,85.6,2.9,3.5,52000.0,Bachelor's degree,9.1,0.3,Biological technicians,Medium,19,Life & Social Science,4.0,0.1111789859499083,0.6666666666666666,0.3889228263082875,False,Growing,0.38,0.37,0.0,Low Risk / Stable,0.8635004364285593,-0.7760029103413177
      Chemical technicians,19-4031,57.0,59.0,2.1,3.7,57790.0,Associate's degree,6.7,0.57,Chemical technicians,Medium,19,Life & Social Science,3.0,0.1406536346976175,0.5,0.3203268173488088,False,Growing,0.26,0.23,0.0,Low Risk / Stable,0.20544948305591726,-0.12021661394261739
      Nuclear technicians,19-4051,6.0,5.5,-0.5,-7.7,104240.0,Associate's degree,0.7,0.85,Nuclear technicians,High,19,Life & Social Science,3.0,0.3771126043575646,0.5,0.4385563021787823,False,Declining,0.26,0.42,1.0,High Risk / Low Resilience,0.6752354446369763,1.5376054612124976
      Social science research assistants,19-4061,40.6,42.3,1.8,4.4,58040.0,Bachelor's degree,5.2,0.65,Social science research assistants,Medium,19,Life & Social Science,4.0,0.1419262879250662,0.6666666666666666,0.4042964772958664,False,Growing,0.57,0.48,0.0,Low Risk / Stable,0.4461516067371619,0.041545601487020176
        Forensic science technicians,19-4092,20.7,23.3,2.6,12.8,67440.0,Bachelor's degree,2.9,0.0095,Forensic science technicians,Low,19,Life & Social Science,4.0,0.1897780492771329,0.6666666666666666,0.4282223579718998,False,Growing,0.26,0.42,0.0,Low Risk / Stable,1.6048617963993692,-0.9612580716012258
"        Life, physical, and social science technicians, all other",19-4099,83.2,86.2,2.9,3.5,60130.0,Associate's degree,10.6,0.61,"Life, physical, and social science technicians, all other",Medium,19,Life & Social Science,3.0,0.1525656689065363,0.5,0.3262828344532681,False,Growing,0.26,0.325,0.0,Low Risk / Stable,0.1896093068865464,0.013006909959931173
"        Educational, guidance, and career counselors and advisors",21-1012,376.3,389.6,13.3,3.5,65140.0,Master's degree,31.0,0.0085,"Educational, guidance, school, and vocational counselors",Low,21,Community & Social Service,5.0,0.178069639584606,0.8333333333333333,0.5057014864589696,False,Growing,0.39,0.42,0.0,Low Risk / Stable,1.91990133953549,-1.016489127689417
        Marriage and family therapists,21-1013,77.8,87.7,9.8,12.6,63780.0,Master's degree,7.7,0.014,Marriage and family therapists,Low,21,Community & Social Service,5.0,0.1711464060272856,0.8333333333333333,0.5022398696803094,False,Growing,0.28,0.29,0.0,Low Risk / Stable,1.8852478562234474,-1.0387329698282526
        Rehabilitation counselors,21-1015,91.9,93.2,1.3,1.4,46110.0,Master's degree,10.0,0.0094,Rehabilitation counselors,Low,21,Community & Social Service,5.0,0.0811952759112197,0.8333333333333333,0.4572643046222765,False,Growing,0.28,0.29,0.0,Low Risk / Stable,1.551049130975273,-1.473745448540154
"        Child, family, and school social workers",21-1021,399.9,413.3,13.4,3.4,58570.0,Bachelor's degree,35.1,0.028,"Child, family, and school social workers",Low,21,Community & Social Service,4.0,0.1446243127672571,0.6666666666666666,0.4056454897169619,False,Growing,0.28,0.29,0.0,Low Risk / Stable,1.405352639127338,-1.1396802043386498
        Healthcare social workers,21-1022,193.2,208.1,14.8,7.7,68090.0,Master's degree,18.4,0.0035,Healthcare social workers,Low,21,Community & Social Service,5.0,0.1930869476684993,0.8333333333333333,0.5132101405009163,False,Growing,0.28,0.29,0.0,Low Risk / Stable,1.9844957073840936,-0.9549363101156337
        Mental health and substance abuse social workers,21-1023,136.8,150.1,13.3,9.7,60060.0,Master's degree,13.5,0.0031,Mental health and substance abuse social workers,Low,21,Community & Social Service,5.0,0.1522093260028507,0.8333333333333333,0.492771329668092,False,Growing,0.28,0.29,0.0,Low Risk / Stable,1.8300425374258433,-1.149379485214651
        Health education specialists,21-1091,71.8,75.0,3.2,4.5,63000.0,Bachelor's degree,7.9,0.045,Health educators,Low,21,Community & Social Service,4.0,0.1671757279576461,0.6666666666666666,0.4169211973121564,False,Growing,0.28,0.33,0.0,Low Risk / Stable,1.4649618395337347,-1.0001994875372344
        Probation officers and correctional treatment specialists,21-1092,92.3,94.8,2.4,2.6,64520.0,Bachelor's degree,7.9,0.25,Probation officers and correctional treatment specialists,Low,21,Community & Social Service,4.0,0.1749134595805334,0.6666666666666666,0.4207900631236,False,Growing,0.28,0.29,0.0,Low Risk / Stable,1.1815515652924515,-0.5700148338744166
        Social and human service assistants,21-1093,449.6,478.5,28.9,6.4,45120.0,High school diploma or equivalent,50.6,0.13,Social and human service assistants,Low,21,Community & Social Service,1.0,0.0761555691305233,0.1666666666666666,0.1214111178985949,False,Growing,0.33,0.29,0.0,Low Risk / Stable,-0.08377626175058428,-1.2747648512286422
      Clergy,21-2011,262.0,264.6,2.6,1.0,60820.0,Bachelor's degree,23.0,0.0081,Clergy,Low,21,Community & Social Service,4.0,0.1560781918142944,0.6666666666666666,0.4113724292404805,False,Growing,0.17,0.22,0.0,Low Risk / Stable,1.4791621225485403,-1.1236131283325905
"      Directors, religious activities and education",21-2021,138.9,141.8,2.9,2.1,54840.0,Bachelor's degree,13.8,0.025,"Directors, religious activities and education",Low,21,Community & Social Service,4.0,0.1256363266137243,0.6666666666666666,0.3961514966401954,False,Growing,0.17,0.22,0.0,Low Risk / Stable,1.337901425742167,-1.235402845124776
        Lawyers,23-1011,864.8,900.7,35.9,4.1,151160.0,Doctoral or professional degree,31.5,0.035,Lawyers,Low,23,Legal,6.0,0.6159641620851151,1.0,0.8079820810425575,False,Growing,0.36,0.34,2.0,Low Risk / High Skill,3.898489680484674,1.1112569684640932
        Judicial law clerks,23-1012,14.5,14.9,0.4,2.5,60400.0,Doctoral or professional degree,1.0,0.41,Judicial law clerks,Medium,23,Legal,6.0,0.1539401343921808,1.0,0.5769700671960905,False,Growing,0.39,0.39,0.0,Low Risk / Stable,1.573741232015701,-0.35792004133267596
"        Administrative law judges, adjudicators, and hearing officers",23-1021,17.5,17.4,-0.1,-0.7,115230.0,Doctoral or professional degree,0.5,0.64,"Administrative law judges, adjudicators, and hearing officers",Medium,23,Legal,6.0,0.4330584402362044,1.0,0.7165292201181022,False,Declining,0.31,0.27,2.0,Low Risk / High Skill,2.2816327891605535,1.40603757725155
"        Arbitrators, mediators, and conciliators",23-1022,9.1,9.5,0.4,4.3,67710.0,Bachelor's degree,0.3,0.06,"Arbitrators, mediators, and conciliators",Low,23,Legal,4.0,0.1911525147627774,0.6666666666666666,0.428909590714722,False,Growing,0.37,0.31,0.0,Low Risk / Stable,1.533029323318681,-0.8578047161058251
"        Judges, magistrate judges, and magistrates",23-1023,27.3,28.0,0.7,2.5,156210.0,Doctoral or professional degree,0.9,0.4,"Judges, magistrate judges, and magistrates",Medium,23,Legal,6.0,0.6416717572795765,1.0,0.8208358786397882,False,Growing,0.31,0.27,2.0,Low Risk / High Skill,3.4391383974259133,1.9337221265268834
      Paralegals and legal assistants,23-2011,376.2,376.8,0.6,0.2,61010.0,Associate's degree,39.3,0.94,Paralegals and legal assistants,High,23,Legal,3.0,0.1570454082671553,0.5,0.3285227041335777,False,Growing,0.39,0.39,1.0,High Risk / Low Resilience,-0.2968683907267822,0.6677089721991247
"        Title examiners, abstractors, and searchers",23-2093,57.4,58.5,1.1,2.0,54980.0,High school diploma or equivalent,5.4,0.99,"Title examiners, abstractors, and searchers",High,23,Legal,1.0,0.1263490124210955,0.1666666666666666,0.146507839543881,False,Growing,0.39,0.39,1.0,High Risk / Low Resilience,-1.2054503928676603,0.6139286031644087
"        Preschool teachers, except special education",25-2011,555.1,578.1,22.9,4.1,37120.0,Associate's degree,65.5,0.0074,"Preschool reachers, except special education",Low,25,Education & Library,3.0,0.0354306658521686,0.5,0.2677153329260843,False,Growing,0.21,0.17,0.0,Low Risk / Stable,0.6646428201083472,-1.698738643162894
"        Kindergarten teachers, except special education",25-2012,117.2,115.2,-1.9,-1.6,61430.0,Bachelor's degree,12.8,0.15,"Kindergarten teachers, except special education",Low,25,Education & Library,4.0,0.1591834656892689,0.6666666666666666,0.4129250661779678,False,Declining,0.21,0.17,0.0,Low Risk / Stable,1.2744490279159448,-0.8365052882722607
"        Elementary school teachers, except special education",25-2021,1422.7,1394.8,-27.9,-2.0,62340.0,Bachelor's degree,91.0,0.0044,"Elementary school teachers, except special education",Low,25,Education & Library,4.0,0.1638159234371818,0.6666666666666666,0.4152412950519242,False,Declining,0.26,0.32,0.0,Low Risk / Stable,1.5141590831193172,-1.0940549199956369
"        Middle school teachers, except special and career/technical education",25-2022,633.7,621.3,-12.4,-2.0,62970.0,Bachelor's degree,40.5,0.17,"Middle school teachers, except special and career/technical education",Low,25,Education & Library,4.0,0.1670230095703523,0.6666666666666666,0.4168448381185095,False,Declining,0.26,0.32,0.0,Low Risk / Stable,1.2736738304885147,-0.7609695076678502
"        Career/technical education teachers, middle school",25-2023,14.0,13.8,-0.3,-2.0,63620.0,Bachelor's degree,0.9,0.26,"Career/technical education teachers, middle school",Low,25,Education & Library,4.0,0.1703319079617185,0.6666666666666666,0.4184992873141926,False,Declining,0.35,0.39,0.0,Low Risk / Stable,1.1489154060446387,-0.5725256223579867
"        Secondary school teachers, except special and career/technical education",25-2031,1094.5,1076.7,-17.8,-1.6,64580.0,Bachelor's degree,66.2,0.0078,"Secondary school teachers, except special and career/technical education",Low,25,Education & Library,4.0,0.1752188963551211,0.6666666666666666,0.4209427815108938,False,Declining,0.3,0.33,0.0,Low Risk / Stable,1.5522273609030923,-1.0335016921587432
"        Career/technical education teachers, secondary school",25-2032,103.4,101.5,-1.9,-1.8,63910.0,Bachelor's degree,6.2,0.0088,"Career/technical education teachers, secondary school",Low,25,Education & Library,4.0,0.1718081857055589,0.6666666666666666,0.4192374261861128,False,Declining,0.35,0.39,0.0,Low Risk / Stable,1.5377636461101813,-1.0477417732201242
"      Adult basic education, adult secondary education, and english as a second language instructors",25-3011,40.9,35.3,-5.6,-13.7,59950.0,Bachelor's degree,3.9,0.19,Adult basic and secondary education and literacy teachers and instructors,Low,25,Education & Library,4.0,0.1516493585827733,0.6666666666666666,0.40915801262472,False,Declining,0.34,0.54,0.0,Low Risk / Stable,1.1848426833392367,-0.795416227221006
      Self-enrichment teachers,25-3021,417.5,433.0,15.5,3.7,45590.0,High school diploma or equivalent,51.4,0.13,Self-enrichment education teachers,Low,25,Education & Library,1.0,0.0785481571981266,0.1666666666666666,0.1226074119323966,False,Growing,0.31,0.4133333333333333,0.0,Low Risk / Stable,-0.07470031956434142,-1.2634289356422268
        Archivists,25-4011,9.3,9.7,0.4,3.8,61570.0,Master's degree,1.1,0.76,Archivists,High,25,Education & Library,5.0,0.1598961514966402,0.8333333333333333,0.4966147424149867,False,Growing,0.47,0.44,0.0,Low Risk / Stable,0.7044221341084432,0.340006888076087
        Curators,25-4012,15.1,16.2,1.1,7.0,61770.0,Master's degree,1.8,0.0068,Curators,Low,25,Education & Library,5.0,0.160914274078599,0.8333333333333333,0.4971238037059661,False,Growing,0.47,0.44,0.0,Low Risk / Stable,1.8574185412413748,-1.1010334226066627
        Museum technicians and conservators,25-4013,15.7,16.5,0.8,5.4,47460.0,Bachelor's degree,1.9,0.59,Museum technicians and conservators,Medium,25,Education & Library,4.0,0.088067603339442,0.6666666666666666,0.3773671350030543,False,Growing,0.37,0.44,0.0,Low Risk / Stable,0.333386527891775,-0.3288107975496943
      Library technicians,25-4031,78.6,73.2,-5.4,-6.8,39970.0,Postsecondary nondegree award,13.0,0.99,Library technicians,High,25,Education & Library,,0.0499389126450824,0.1666666666666666,0.1083027896558745,True,Declining,0.415,0.42,1.0,High Risk / Low Resilience,-1.4953012273687416,0.2519028734790896
      Farm and home management educators,25-9021,12.4,12.1,-0.3,-2.5,58120.0,Master's degree,1.1,0.0075,Farm and home management advisors,Low,25,Education & Library,5.0,0.1423335369578497,0.8333333333333333,0.4878334351455914,False,Declining,0.29,0.3,0.0,Low Risk / Stable,1.7858671917492328,-1.1877239207972639
      Instructional coordinators,25-9031,232.6,235.5,2.9,1.3,74720.0,Master's degree,21.9,0.0042,Instructional coordinators,Low,25,Education & Library,5.0,0.2268377112604357,0.8333333333333333,0.5300855222968845,False,Growing,0.39,0.35,0.0,Low Risk / Stable,2.111456455071905,-0.7936838035650576
        Art directors,27-1011,135.0,140.7,5.7,4.2,111040.0,Bachelor's degree,12.3,0.023,Art directors,Low,27,Arts & Media,4.0,0.4117287721441661,0.6666666666666666,0.5391977194054164,False,Growing,0.37,0.26,2.0,Low Risk / High Skill,2.4262037241307413,0.11624397459535903
        Craft artists,27-1012,11.6,11.9,0.2,2.1,38480.0,No formal educational credential,1.0,0.035,Craft artists,Low,27,Arts & Media,0.0,0.0423538994094889,0.0,0.0211769497047444,False,Growing,0.2249999999999999,0.2425,0.0,Low Risk / Stable,-0.42498753490377134,-1.6194417065687912
"        Fine artists, including painters, sculptors, and illustrators",27-1013,26.5,26.2,-0.3,-1.2,60560.0,Bachelor's degree,2.2,0.042,"Fine artists, including painters, sculptors, and illustrators",Low,27,Arts & Media,4.0,0.1547546324577479,0.6666666666666666,0.4107106495622072,False,Declining,0.2799999999999999,0.3399999999999999,0.0,Low Risk / Stable,1.4224211908725066,-1.0648086578840497
        Special effects artists and animators,27-1014,57.1,58.0,0.9,1.6,99800.0,Bachelor's degree,5.0,0.015,Multimedia artists and animators,Low,27,Arts & Media,4.0,0.3545102830380778,0.6666666666666666,0.5105884748523722,False,Growing,0.49,0.42,2.0,Low Risk / High Skill,2.2213588886620412,-0.17021026783806523
        Commercial and industrial designers,27-1021,30.6,31.6,1.0,3.2,79450.0,Bachelor's degree,2.5,0.037,Commercial and industrial designers,Low,27,Arts & Media,4.0,0.2509163103237629,0.6666666666666666,0.4587914884952148,False,Growing,0.35,0.38,0.0,Low Risk / Stable,1.7948251724417785,-0.6187994691454443
        Fashion designers,27-1022,25.7,26.2,0.5,2.0,80690.0,Bachelor's degree,2.3,0.021,Fashion designers,Low,27,Arts & Media,4.0,0.257228670331908,0.6666666666666666,0.4619476684992873,False,Growing,0.35,0.38,0.0,Low Risk / Stable,1.8431809241803037,-0.6196060014382916
        Floral designers,27-1023,43.8,41.2,-2.6,-5.9,36120.0,High school diploma or equivalent,5.1,0.047,Floral designers,Low,27,Arts & Media,1.0,0.0303400529423742,0.1666666666666666,0.0985033598045204,False,Declining,0.14,0.08,0.0,Low Risk / Stable,-0.1309403268180424,-1.6511647317262172
        Graphic designers,27-1024,265.9,271.5,5.7,2.1,61300.0,Bachelor's degree,20.0,0.082,Graphic designers,Low,27,Arts & Media,4.0,0.1585216860109957,0.6666666666666666,0.4125941763388311,False,Growing,0.49,0.42,0.0,Low Risk / Stable,1.3756841902393295,-0.9701754849139803
        Interior designers,27-1025,87.1,89.9,2.8,3.2,63490.0,Bachelor's degree,7.8,0.022,Interior designers,Low,27,Arts & Media,4.0,0.1696701282834453,0.6666666666666666,0.4181683974750559,False,Growing,0.37,0.38,0.0,Low Risk / Stable,1.5095143916456955,-1.0325326455708463
        Merchandise displayers and window trimmers,27-1026,193.0,199.3,6.2,3.2,37350.0,High school diploma or equivalent,20.8,0.48,Merchandise displayers and window trimmers,Medium,27,Arts & Media,1.0,0.0366015068214213,0.1666666666666666,0.1016340867440439,False,Growing,0.37,0.38,1.0,High Risk / Low Resilience,-0.7678033075952084,-0.7902993058862642
        Set and exhibit designers,27-1027,31.3,32.0,0.7,2.3,66280.0,Bachelor's degree,2.5,0.0055,Set and exhibit designers,Low,27,Arts & Media,4.0,0.1838729383017715,0.6666666666666666,0.4252698024842191,False,Growing,0.37,0.38,0.0,Low Risk / Stable,1.5885642768578785,-0.9969145895936526
        Actors,27-2011,57.0,57.1,0.2,0.3,,"Some college, no degree",6.3,0.37,Actors,Medium,27,Arts & Media,2.0,0.1379301567908776,0.3333333333333333,0.2356317450621055,False,Growing,0.31,0.31,,,,
        Producers and directors,27-2012,167.0,175.2,8.3,4.9,83480.0,Bachelor's degree,12.8,0.022,Producers and directors,Low,27,Arts & Media,4.0,0.2714314803502341,0.6666666666666666,0.4690490735084504,False,Growing,0.37,0.26,0.0,Low Risk / Stable,1.895531592290373,-0.5503944486081866
        Athletes and sports competitors,27-2021,19.1,20.2,1.0,5.5,62360.0,No formal educational credential,2.1,0.28,Athletes and sports competitors,Low,27,Arts & Media,0.0,0.1639177356953777,0.0,0.0819588678476888,False,Growing,0.23,0.26,1.0,High Risk / Low Resilience,-0.3376414692110512,-0.5731717629607815
        Coaches and scouts,27-2022,306.5,326.0,19.5,6.4,45920.0,Bachelor's degree,41.8,0.013,Coaches and scouts,Low,27,Arts & Media,4.0,0.0802280594583587,0.6666666666666666,0.3734473630625127,False,Growing,0.37,0.36,0.0,Low Risk / Stable,1.183959663940754,-1.4735795922724861
"        Umpires, referees, and other sports officials",27-2023,19.3,20.4,1.1,5.7,38820.0,High school diploma or equivalent,4.6,0.98,"Umpires, referees, and other sports officials",High,27,Arts & Media,1.0,0.0440847077988189,0.1666666666666666,0.1053756872327428,True,Growing,0.37,0.36,1.0,High Risk / Low Resilience,-1.5022516244651805,0.20496977483042073
        Dancers,27-2031,12.3,12.9,0.6,4.5,,No formal educational credential,1.8,0.13,Dancers,Low,27,Arts & Media,0.0,0.1379301567908776,0.0,0.0689650783954388,False,Growing,0.19,0.15,,,,
        Choreographers,27-2032,4.6,4.9,0.3,6.1,55600.0,High school diploma or equivalent,0.7,0.004,Choreographers,Low,27,Arts & Media,1.0,0.1295051924251679,0.1666666666666666,0.1480859295459173,False,Growing,0.19,0.15,0.0,Low Risk / Stable,0.3108323016225612,-1.2638712299618677
        Music directors and composers,27-2041,47.3,47.2,-0.1,-0.3,63670.0,Bachelor's degree,4.3,0.015,Music directors and composers,Low,27,Arts & Media,4.0,0.1705864386072083,0.6666666666666666,0.4186265526369375,False,Declining,0.28,0.38,0.0,Low Risk / Stable,1.523669971238719,-1.0416286298321071
        Musicians and singers,27-2042,169.8,171.6,1.8,1.1,,No formal educational credential,19.4,0.074,Musicians and singers,Low,27,Arts & Media,0.0,0.1379301567908776,0.0,0.0689650783954388,False,Growing,0.28,0.38,,,,
      Broadcast announcers and radio disc jockeys,27-3011,24.1,22.8,-1.3,-5.5,45680.0,Bachelor's degree,2.3,0.1,Radio and television announcers,Low,27,Arts & Media,4.0,0.0790063123600081,0.6666666666666666,0.3728364895133373,False,Declining,0.47,0.55,0.0,Low Risk / Stable,1.0465918895349628,-1.312360474843598
      Public relations specialists,27-3031,315.9,331.0,15.0,4.8,69780.0,Bachelor's degree,27.6,0.18,Public relations specialists,Low,27,Arts & Media,4.0,0.2016900834860517,0.6666666666666666,0.4341783750763591,False,Growing,0.43,0.38,0.0,Low Risk / Stable,1.3899217441256675,-0.5775230425955374
        Editors,27-3041,115.8,116.5,0.7,0.6,75260.0,Bachelor's degree,9.8,0.055,Editors,Low,27,Arts & Media,4.0,0.2295866422317246,0.6666666666666666,0.4481266544491956,False,Growing,0.545,0.615,0.0,Low Risk / Stable,1.6864520615007268,-0.6853046396011648
        Technical writers,27-3042,56.4,56.9,0.5,0.9,91670.0,Bachelor's degree,4.5,0.89,Technical writers,High,27,Arts & Media,4.0,0.3131236000814498,0.6666666666666666,0.4898951333740582,False,Growing,0.55,0.68,0.0,Low Risk / Stable,0.7294035442496617,1.3133773541318488
        Writers and authors,27-3043,135.4,140.3,4.9,3.6,72270.0,Bachelor's degree,13.4,0.038,Writers and authors,Low,27,Arts & Media,4.0,0.2143657096314396,0.6666666666666666,0.4405161881490531,False,Growing,0.55,0.595,0.0,Low Risk / Stable,1.6546500031117566,-0.7900540405633484
        Interpreters and translators,27-3091,75.3,76.6,1.3,1.7,59440.0,Bachelor's degree,6.9,0.38,Interpreters and translators,Medium,27,Arts & Media,4.0,0.1490531459987782,0.6666666666666666,0.4078599063327224,False,Growing,0.59,0.59,0.0,Low Risk / Stable,0.8851171062898827,-0.44298750717769514
        Audio and video technicians,27-4011,92.3,95.4,3.1,3.3,54830.0,Postsecondary nondegree award,7.3,0.55,Audio and video equipment technicians,Medium,27,Arts & Media,,0.1255854204846263,0.1666666666666666,0.1461260435756465,False,Growing,0.35,0.36,1.0,High Risk / Low Resilience,-0.53705236873658,-0.23432573453728542
        Broadcast technicians,27-4012,24.8,24.2,-0.7,-2.8,53920.0,Associate's degree,1.8,0.74,Broadcast technicians,High,27,Arts & Media,3.0,0.1209529627367134,0.5,0.3104764813683567,False,Declining,0.35,0.36,1.0,High Risk / Low Resilience,-0.12864603439358574,0.11277980131058897
        Sound engineering technicians,27-4014,16.9,16.6,-0.3,-1.7,66430.0,Postsecondary nondegree award,1.2,0.13,Sound engineering technicians,Low,27,Arts & Media,,0.1846365302382407,0.1666666666666666,0.1756515984524536,False,Declining,0.35,0.36,0.0,Low Risk / Stable,0.32773081907673357,-0.7607896147466872
      Photographers,27-4021,151.2,154.0,2.8,1.8,42520.0,High school diploma or equivalent,12.7,0.021,Photographers,Low,27,Arts & Media,1.0,0.062919975565058,0.1666666666666666,0.1147933211158623,False,Growing,0.39,0.35,0.0,Low Risk / Stable,0.03231437930317921,-1.5467136661777694
"        Camera operators, television, video, and film",27-4031,36.4,36.9,0.4,1.2,68810.0,Bachelor's degree,2.9,0.6,"Camera operators, television, video, and motion picture",Medium,27,Arts & Media,4.0,0.1967521889635512,0.6666666666666666,0.4317094278151089,False,Growing,0.35,0.36,0.0,Low Risk / Stable,0.7304093338437663,0.2053254816215222
        Film and video editors,27-4032,43.5,45.2,1.7,4.0,70980.0,Bachelor's degree,3.6,0.31,Film and video editors,Medium,27,Arts & Media,4.0,0.2077988189778049,0.6666666666666666,0.4372327428222358,False,Growing,0.37,0.26,0.0,Low Risk / Stable,1.2147573211435376,-0.29902858848883607
      Chiropractors,29-1011,57.2,62.6,5.4,9.5,79000.0,Doctoral or professional degree,2.8,0.027,Chiropractors,Low,29,Healthcare Practitioners,6.0,0.2486255345143555,1.0,0.6243127672571778,False,Growing,0.2,0.16,2.0,Low Risk / High Skill,2.517248253556555,-0.6445248857234697
"        Dentists, general",29-1021,129.8,135.2,5.4,4.1,172790.0,Doctoral or professional degree,3.9,0.0044,"Dentists, general",Low,29,Healthcare Practitioners,6.0,0.7260741193239666,1.0,0.8630370596619833,False,Growing,0.15,0.21,2.0,Low Risk / High Skill,4.362861614394733,1.574209646349738
        Oral and maxillofacial surgeons,29-1022,6.1,6.4,0.3,4.1,,Doctoral or professional degree,0.2,0.0036,Oral and maxillofacial surgeons,Low,29,Healthcare Practitioners,6.0,0.1379301567908776,1.0,0.5689650783954389,False,Growing,0.15,0.21,,,,
        Orthodontists,29-1023,5.9,6.2,0.3,4.4,,Doctoral or professional degree,0.2,0.023,Orthodontists,Low,29,Healthcare Practitioners,6.0,0.1379301567908776,1.0,0.5689650783954389,False,Growing,0.15,0.21,,,,
        Prosthodontists,29-1024,0.9,0.9,0.0,4.5,,Doctoral or professional degree,0.0,0.055,Prosthodontists,Low,29,Healthcare Practitioners,6.0,0.1379301567908776,1.0,0.5689650783954389,False,Growing,0.15,0.21,,,,
      Dietitians and nutritionists,29-1031,90.9,95.9,5.0,5.5,73850.0,Bachelor's degree,6.2,0.0039,Dietitians and nutritionists,Low,29,Healthcare Practitioners,4.0,0.2224088780289146,0.6666666666666666,0.4445377723477906,False,Growing,0.41,0.39,0.0,Low Risk / Stable,1.7371859488801684,-0.8174053971709133
      Optometrists,29-1041,47.8,51.6,3.8,8.0,134830.0,Doctoral or professional degree,2.4,0.14,Optometrists,Low,29,Healthcare Practitioners,6.0,0.5328344532681735,1.0,0.7664172266340867,False,Growing,0.24,0.16,2.0,Low Risk / High Skill,3.4229536631882724,0.9189551803769481
      Pharmacists,29-1051,335.1,350.5,15.4,4.6,137480.0,Doctoral or professional degree,14.2,0.012,Pharmacists,Low,29,Healthcare Practitioners,6.0,0.5463245774791285,1.0,0.7731622887395643,False,Growing,0.33,0.33,2.0,Low Risk / High Skill,3.6694122309390518,0.7371580149847143
      Physician assistants,29-1071,162.7,195.8,33.2,20.4,133260.0,Master's degree,12.0,0.14,Physician assistants,Low,29,Healthcare Practitioners,5.0,0.5248421909997963,0.8333333333333333,0.6790877621665647,False,Growing,0.23,0.23,2.0,Low Risk / High Skill,3.0347080954290124,0.8789261967556111
      Podiatrists,29-1081,9.7,9.9,0.2,1.8,152800.0,Doctoral or professional degree,0.3,0.0046,Podiatrists,Low,29,Healthcare Practitioners,6.0,0.6243127672571778,1.0,0.8121563836285889,False,Growing,0.2,0.16,2.0,Low Risk / High Skill,3.9765392798403174,1.0924553750653978
        Occupational therapists,29-1122,160.0,182.1,22.1,13.8,98340.0,Master's degree,10.2,0.0035,Occupational therapists,Low,29,Healthcare Practitioners,5.0,0.3470779881897781,0.8333333333333333,0.5902056607615557,False,Growing,0.2,0.16,2.0,Low Risk / High Skill,2.5686387949029283,-0.22533748779845236
        Physical therapists,29-1123,267.2,296.4,29.3,10.9,101020.0,Doctoral or professional degree,13.2,0.021,Physical therapists,Low,29,Healthcare Practitioners,6.0,0.3607208307880268,1.0,0.6803604153940135,False,Growing,0.28,0.17,2.0,Low Risk / High Skill,2.9516198175318396,-0.12494295136479742
        Radiation therapists,29-1124,19.2,19.6,0.4,1.9,101990.0,Associate's degree,0.9,0.34,Radiation therapists,Medium,29,Healthcare Practitioners,3.0,0.3656587253105274,0.5,0.4328293626552637,False,Growing,0.22,0.2,2.0,Low Risk / High Skill,1.409878255067765,0.5043273005002796
        Recreational therapists,29-1125,16.1,16.6,0.5,3.3,60280.0,Bachelor's degree,1.3,0.0028,Recreational therapists,Low,29,Healthcare Practitioners,4.0,0.1533292608430055,0.6666666666666666,0.409997963754836,False,Growing,0.2,0.16,0.0,Low Risk / Stable,1.4768204929000746,-1.1468114022477551
        Respiratory therapists,29-1126,139.6,156.4,16.8,12.1,80450.0,Associate's degree,8.8,0.066,Respiratory therapists,Low,29,Healthcare Practitioners,3.0,0.2560069232335573,0.5,0.3780034616167786,False,Growing,0.3,0.26,0.0,Low Risk / Stable,1.4119632120654344,-0.5411734782252332
        Speech-language pathologists,29-1127,187.4,215.5,28.2,15.0,95410.0,Master's degree,13.3,0.0064,Speech-language pathologists,Low,29,Healthcare Practitioners,5.0,0.3321624923640807,0.8333333333333333,0.582747912848707,False,Growing,0.24,0.2,2.0,Low Risk / High Skill,2.507634543412376,-0.2904391456079291
      Veterinarians,29-1131,86.4,94.7,8.3,9.6,125510.0,Doctoral or professional degree,3.0,0.038,Veterinarians,Low,29,Healthcare Practitioners,6.0,0.4853899409488903,1.0,0.7426949704744452,False,Growing,0.14,0.18,2.0,Low Risk / High Skill,3.3985979546532055,0.4983642902525744
      Registered nurses,29-1141,3391.0,3557.1,166.1,4.9,93600.0,Bachelor's degree,189.1,0.009,Registered nurses,Low,29,Healthcare Practitioners,4.0,0.3229484829973529,0.6666666666666666,0.4948075748320097,False,Growing,0.25,0.25,2.0,Low Risk / High Skill,2.1107877111569455,-0.3312656480509909
      Audiologists,29-1181,15.8,17.3,1.5,9.5,92120.0,Doctoral or professional degree,0.7,0.0033,Audiologists,Low,29,Healthcare Practitioners,6.0,0.3154143758908573,1.0,0.6577071879454286,False,Growing,0.24,0.2,2.0,Low Risk / High Skill,2.8067605824637702,-0.37357920095794167
        Cardiovascular technologists and technicians,29-2031,64.7,66.6,1.9,3.0,67260.0,Associate's degree,3.8,0.23,Cardiovascular technologists and technicians,Low,29,Healthcare Practitioners,3.0,0.1888617389533699,0.5,0.344430869476685,False,Growing,0.3,0.26,0.0,Low Risk / Stable,0.9070477094064137,-0.5444836275032869
        Diagnostic medical sonographers,29-2032,90.0,101.7,11.7,13.0,89340.0,Associate's degree,5.8,0.35,Diagnostic medical sonographers,Medium,29,Healthcare Practitioners,3.0,0.301262472001629,0.5,0.4006312360008145,False,Growing,0.22,0.2,0.0,Low Risk / Stable,1.1503435411638758,0.21841862235631654
        Nuclear medicine technologists,29-2033,20.0,20.6,0.6,3.0,97020.0,Associate's degree,0.9,0.13,Nuclear medicine technologists,Low,29,Healthcare Practitioners,3.0,0.3403583791488495,0.5,0.4201791895744247,False,Growing,0.22,0.2,0.0,Low Risk / Stable,1.6342955993024264,-0.018665939318671085
        Dietetic technicians,29-2051,30.9,31.7,0.8,2.5,37040.0,Associate's degree,4.0,0.13,Dietetic technicians,Low,29,Healthcare Practitioners,3.0,0.035023416819385,0.5,0.2675117084096925,False,Growing,0.3,0.26,0.0,Low Risk / Stable,0.47605089221549435,-1.465321719899978
        Pharmacy technicians,29-2052,490.4,521.8,31.5,6.4,43460.0,High school diploma or equivalent,49.0,0.92,Pharmacy technicians,High,29,Healthcare Practitioners,1.0,0.0677051517002647,0.1666666666666666,0.1171859091834656,True,Growing,0.3,0.38,1.0,High Risk / Low Resilience,-1.3211106605986114,0.20170408903891401
        Psychiatric technicians,29-2053,144.5,173.3,28.9,20.0,42590.0,Postsecondary nondegree award,15.9,0.043,Psychiatric technicians,Low,29,Healthcare Practitioners,,0.0632763184687436,0.1666666666666666,0.1149714925677051,False,Growing,0.3,0.26,0.0,Low Risk / Stable,0.00010138530224251755,-1.5027935137093849
        Surgical technologists,29-2055,115.6,120.8,5.2,4.5,62830.0,Postsecondary nondegree award,7.0,0.34,Surgical technologists,Medium,29,Healthcare Practitioners,,0.166310323762981,0.1666666666666666,0.1664884952148238,False,Growing,0.3,0.26,1.0,High Risk / Low Resilience,-0.062177641192189936,-0.444495942109828
        Veterinary technologists and technicians,29-2056,134.2,146.4,12.2,9.1,45980.0,Associate's degree,14.3,0.029,Veterinary technologists and technicians,Low,29,Healthcare Practitioners,3.0,0.0805334962329464,0.5,0.2902667481164732,False,Growing,0.14,0.12,0.0,Low Risk / Stable,0.8027795233249221,-1.4435806016158408
      Licensed practical and licensed vocational nurses,29-2061,651.4,668.5,17.1,2.6,62340.0,Postsecondary nondegree award,54.4,0.058,Licensed practical and licensed vocational nurses,Low,29,Healthcare Practitioners,,0.1638159234371818,0.1666666666666666,0.1652412950519242,False,Growing,0.22,0.25,0.0,Low Risk / Stable,0.3585990190469665,-0.9976494435126727
"      Opticians, dispensing",29-2081,79.9,82.2,2.3,2.9,46560.0,High school diploma or equivalent,6.8,0.71,"Opticians, dispensing",High,29,Healthcare Practitioners,1.0,0.0834860517206271,0.1666666666666666,0.1250763591936469,True,Growing,0.24,0.26,1.0,High Risk / Low Resilience,-0.9408574579746278,-0.12664906826434594
        Orthotists and prosthetists,29-2091,10.1,11.5,1.3,13.3,78310.0,Master's degree,0.9,0.0035,Orthotists and prosthetists,Low,29,Healthcare Practitioners,5.0,0.2451130116065974,0.8333333333333333,0.5392231724699653,False,Growing,0.18,0.16,0.0,Low Risk / Stable,2.181849173646655,-0.7084404435344241
        Athletic trainers,29-9091,33.9,37.6,3.8,11.1,60250.0,Master's degree,2.4,0.0071,Athletic trainers,Low,29,Healthcare Practitioners,5.0,0.1531765424557117,0.8333333333333333,0.4932549378945224,False,Growing,0.25,0.38,0.0,Low Risk / Stable,1.8276088571361517,-1.137118367475039
        Occupational therapy assistants,31-2011,49.2,58.7,9.5,19.2,68340.0,Associate's degree,7.2,0.028,Occupational therapy assistants,Low,31,Healthcare Support,3.0,0.1943596008959478,0.5,0.3471798004479739,False,Growing,0.3,0.26,0.0,Low Risk / Stable,1.2360883147553048,-0.9062000757260413
        Occupational therapy aides,31-2012,5.2,5.3,0.1,2.5,37370.0,High school diploma or equivalent,0.6,0.27,Occupational therapy aides,Low,31,Healthcare Support,1.0,0.0367033190796171,0.1666666666666666,0.1016849928731419,False,Growing,0.15,0.12,1.0,High Risk / Low Resilience,-0.44702649206405176,-1.1929388887345462
        Physical therapist assistants,31-2021,111.5,136.0,24.5,22.0,65510.0,Associate's degree,19.8,0.018,Physical therapist assistants,Low,31,Healthcare Support,3.0,0.1799531663612299,0.5,0.3399765831806149,False,Growing,0.17,0.17,0.0,Low Risk / Stable,1.19669625197187,-0.9936530428538127
        Physical therapist aides,31-2022,45.6,46.9,1.3,2.8,34520.0,High school diploma or equivalent,6.6,0.61,Physical therapist aides,Medium,31,Healthcare Support,1.0,0.0221950722867033,0.1666666666666666,0.0944308694766849,False,Growing,0.15,0.12,1.0,High Risk / Low Resilience,-1.0207891071955497,-0.6090042981907441
      Massage therapists,31-9011,168.0,193.9,25.9,15.4,57950.0,Postsecondary nondegree award,24.7,0.54,Massage therapists,Medium,31,Healthcare Support,,0.1414681327631846,0.1666666666666666,0.1540673997149256,False,Growing,0.17,0.17,1.0,High Risk / Low Resilience,-0.4615468655452363,-0.17827083413490089
        Dental assistants,31-9091,381.9,406.3,24.4,6.4,47300.0,Postsecondary nondegree award,52.9,0.51,Dental assistants,Medium,31,Healthcare Support,,0.0872531052738749,0.1666666666666666,0.1269598859702708,False,Growing,0.155,0.14,1.0,High Risk / Low Resilience,-0.6214337669216801,-0.49272670927706247
        Medical assistants,31-9092,811.0,912.2,101.2,12.5,44200.0,Postsecondary nondegree award,112.3,0.3,Medical assistants,Medium,31,Healthcare Support,,0.0714722052535125,0.1666666666666666,0.1190694359600895,False,Growing,0.35,0.38,1.0,High Risk / Low Resilience,-0.3609057590949447,-0.9706174764436778
        Medical equipment preparers,31-9093,76.5,84.2,7.6,10.0,46490.0,High school diploma or equivalent,10.9,0.78,Medical equipment preparers,High,31,Healthcare Support,1.0,0.0831297088169415,0.1666666666666666,0.1248981877418041,True,Growing,0.15,0.12,1.0,High Risk / Low Resilience,-1.0490060624533724,0.006036591294004057
        Medical transcriptionists,31-9094,43.9,41.8,-2.2,-4.9,37550.0,Postsecondary nondegree award,7.4,0.89,Medical transcriptionists,High,31,Healthcare Support,,0.0376196294033801,0.1666666666666666,0.1021431480350234,True,Declining,0.53,0.61,1.0,High Risk / Low Resilience,-1.3894657195010298,0.0015721285342210896
        Pharmacy aides,31-9095,41.1,41.1,-0.1,-0.1,37000.0,High school diploma or equivalent,6.1,0.72,Pharmacy aides,High,31,Healthcare Support,1.0,0.0348197923029932,0.1666666666666666,0.1007432294848299,True,Declining,0.15,0.12,1.0,High Risk / Low Resilience,-1.1407226796327912,-0.33803013116995867
        Veterinary assistants and laboratory animal caretakers,31-9096,117.8,128.1,10.3,8.7,37320.0,High school diploma or equivalent,22.2,0.86,Veterinary assistants and laboratory animal caretakers,High,31,Healthcare Support,1.0,0.0364487884341274,0.1666666666666666,0.101557727550397,True,Growing,0.14,0.14,1.0,High Risk / Low Resilience,-1.3481370515569362,-0.06156408616017096
        First-line supervisors of correctional officers,33-1011,57.1,55.5,-1.6,-2.8,76310.0,High school diploma or equivalent,4.3,0.025,First-line supervisors of oorrectional officers,Low,33,Protective Service,1.0,0.2349317857870087,0.1666666666666666,0.2007992262268377,False,Declining,0.14,0.13,0.0,Low Risk / Stable,0.6787140127534159,-0.7240551788560985
        First-line supervisors of police and detectives,33-1012,160.8,165.4,4.6,2.9,105980.0,High school diploma or equivalent,10.9,0.0044,First-line supervisors of police and detectives,Low,33,Protective Service,1.0,0.3859702708206068,0.1666666666666666,0.2763184687436367,False,Growing,0.23,0.2233333333333333,0.0,Low Risk / Stable,1.28308579410718,-0.04798970361879662
      First-line supervisors of firefighting and prevention workers,33-1021,97.2,100.5,3.4,3.4,92430.0,Postsecondary nondegree award,6.5,0.0036,First-line supervisors of fire fighting and prevention workers,Low,33,Protective Service,,0.3169924658928935,0.1666666666666666,0.24182956627978,False,Growing,0.24,0.3133333333333333,0.0,Low Risk / Stable,1.0226488475682756,-0.376337440791504
      Firefighters,33-2011,344.9,356.7,11.8,3.4,59530.0,Postsecondary nondegree award,27.1,0.17,Firefighters,Low,33,Protective Service,,0.1495113011606597,0.1666666666666666,0.1580889839136632,False,Growing,0.18,0.21,0.0,Low Risk / Stable,0.13346148162888177,-0.8504253674792056
        Fire inspectors and investigators,33-2021,14.7,15.2,0.6,3.8,78060.0,Postsecondary nondegree award,1.5,0.48,Fire inspectors and investigators,Medium,33,Protective Service,,0.2438403583791488,0.1666666666666666,0.2052535125229077,False,Growing,0.27,0.365,1.0,High Risk / Low Resilience,0.018327769855758458,0.1915839356519983
        Forest fire inspectors and prevention specialists,33-2022,2.9,3.3,0.4,14.6,52380.0,High school diploma or equivalent,0.3,0.048,Forest fire inspectors and prevention specialists,Low,33,Protective Service,1.0,0.1131134188556302,0.1666666666666666,0.1398900427611484,False,Growing,0.26,0.42,0.0,Low Risk / Stable,0.18152298224669533,-1.257070661983304
        Bailiffs,33-3011,19.0,18.6,-0.4,-2.2,57050.0,High school diploma or equivalent,1.8,0.36,Bailiffs,Medium,33,Protective Service,1.0,0.1368865811443697,0.1666666666666666,0.1517766239055182,False,Declining,0.39,0.39,1.0,High Risk / Low Resilience,-0.20430581054153338,-0.5455110170215096
        Correctional officers and jailers,33-3012,387.5,357.4,-30.1,-7.8,57970.0,High school diploma or equivalent,30.1,0.6,Correctional officers and jailers,Medium,33,Protective Service,1.0,0.1415699450213805,0.1666666666666666,0.1541183058440236,False,Declining,0.14,0.13,1.0,High Risk / Low Resilience,-0.5527008281609698,-0.06261075125254843
      Detectives and criminal investigators,33-3021,117.9,117.1,-0.8,-0.7,93580.0,High school diploma or equivalent,7.8,0.34,Detectives and criminal investigators,Medium,33,Protective Service,1.0,0.3228466707391569,0.1666666666666666,0.2447566687029118,False,Declining,0.23,0.2,0.0,Low Risk / Stable,0.5316207039715839,0.2971623648737528
      Fish and game wardens,33-3031,7.0,6.6,-0.4,-6.0,68180.0,Bachelor's degree,0.5,0.08,Fish and game wardens,Low,33,Protective Service,4.0,0.1935451028303807,0.6666666666666666,0.4301058847485237,False,Declining,0.2,0.21,0.0,Low Risk / Stable,1.5115918745310801,-0.8080762326875107
      Parking enforcement workers,33-3041,8.4,8.2,-0.1,-1.5,47150.0,High school diploma or equivalent,0.7,0.84,Parking enforcement workers,High,33,Protective Service,1.0,0.0864895133374058,0.1666666666666666,0.1265780900020362,False,Declining,0.2,0.21,1.0,High Risk / Low Resilience,-1.1278012952835834,0.13713281454934814
        Police and sheriff's patrol officers,33-3051,698.8,720.8,22.0,3.1,76290.0,High school diploma or equivalent,53.7,0.098,Police and sheriff's patrol officers,Low,33,Protective Service,1.0,0.2348299735288128,0.1666666666666666,0.2007483200977397,False,Growing,0.23,0.235,0.0,Low Risk / Stable,0.5669539253930884,-0.584404685656324
        Transit and railroad police,33-3052,3.1,3.2,0.1,3.0,82320.0,High school diploma or equivalent,0.2,0.57,Transit and railroad police,Medium,33,Protective Service,1.0,0.2655263693748727,0.1666666666666666,0.2160965180207696,False,Growing,0.14,0.15,1.0,High Risk / Low Resilience,-0.03671969439165468,0.4670973002532681
      Animal control workers,33-9011,12.2,12.7,0.5,3.9,45830.0,High school diploma or equivalent,1.3,0.21,Animal control workers,Low,33,Protective Service,1.0,0.0797699042964772,0.1666666666666666,0.1232182854815719,False,Growing,0.2,0.21,0.0,Low Risk / Stable,-0.19211935979014555,-1.10407011167476
      Private detectives and investigators,33-9021,43.6,46.2,2.6,6.0,52370.0,High school diploma or equivalent,3.9,0.31,Private detectives and investigators,Medium,33,Protective Service,1.0,0.1130625127265322,0.1666666666666666,0.1398645896965994,False,Growing,0.39,0.39,1.0,High Risk / Low Resilience,-0.21839554466355682,-0.7543692130787577
        Gambling surveillance officers and gambling investigators,33-9031,10.3,10.3,0.0,0.3,43900.0,High school diploma or equivalent,1.3,0.95,Gaming surveillance officers and gaming investigators,High,33,Protective Service,1.0,0.0699450213805742,0.1666666666666666,0.1183058440236204,True,Growing,0.295,0.28,1.0,High Risk / Low Resilience,-1.3583841203318303,0.26990528729319346
        Security guards,33-9032,1262.1,1267.1,5.1,0.4,38370.0,High school diploma or equivalent,161.0,0.84,Security guards,High,33,Protective Service,1.0,0.0417939319894115,0.1666666666666666,0.1042302993280391,True,Growing,0.2,0.17,1.0,High Risk / Low Resilience,-1.2973476195287197,-0.07463173619263037
        Crossing guards and flaggers,33-9091,91.4,94.7,3.3,3.6,37700.0,No formal educational credential,18.0,0.49,Crossing guards,Medium,33,Protective Service,0.0,0.0383832213398493,0.0,0.0191916106699246,False,Growing,0.2,0.21,1.0,High Risk / Low Resilience,-1.1342293814848223,-0.7648235844726768
"        Lifeguards, ski patrol, and other recreational protective service workers",33-9092,149.7,158.4,8.7,5.8,33720.0,No formal educational credential,42.7,0.67,"Lifeguards, ski patrol, and other recreational protective service workers",Medium,33,Protective Service,0.0,0.0181225819588678,0.0,0.0090612909794339,False,Growing,0.2,0.21,1.0,High Risk / Low Resilience,-1.485705751103134,-0.515283971930129
      Chefs and head cooks,35-1011,197.3,211.3,14.0,7.1,60990.0,High school diploma or equivalent,24.4,0.1,Chefs and head cooks,Low,35,Food Preparation,1.0,0.1569435960089595,0.1666666666666666,0.161805131337813,False,Growing,0.25,0.26,0.0,Low Risk / Stable,0.26845170236055843,-0.9495856596649641
      First-line supervisors of food preparation and serving workers,35-1012,1215.0,1288.0,73.0,6.0,42010.0,High school diploma or equivalent,183.9,0.63,First-line supervisors of food preparation and serving workers,Medium,35,Food Preparation,1.0,0.0603237629810629,0.1666666666666666,0.1134952148238647,False,Growing,0.215,0.225,1.0,High Risk / Low Resilience,-0.9066667386482014,-0.3899606500561781
"        Cooks, fast food",35-2011,669.5,579.2,-90.3,-13.5,30160.0,No formal educational credential,82.1,0.81,"Cooks, fast food",High,35,Food Preparation,0.0,0.0,0.0,0.0,True,Declining,0.18,0.12,1.0,High Risk / Low Resilience,-1.7680449223520087,-0.3323995279316029
"        Cooks, institution and cafeteria",35-2012,466.1,475.4,9.3,2.0,36450.0,No formal educational credential,69.7,0.83,"Cooks, institution and cafeteria",High,35,Food Preparation,0.0,0.0320199552026063,0.0,0.0160099776013031,True,Growing,0.18,0.19,1.0,High Risk / Low Resilience,-1.677095172152515,-0.14229864299639658
"        Cooks, private household",35-2013,34.2,36.0,1.7,5.1,44530.0,Postsecondary nondegree award,5.3,0.3,"Cooks, private household",Medium,35,Food Preparation,,0.0731521075137446,0.1666666666666666,0.1199093870902056,False,Growing,0.18,0.19,1.0,High Risk / Low Resilience,-0.3545332890492848,-0.9626582165638541
"        Cooks, restaurant",35-2014,1460.2,1677.2,217.0,14.9,36830.0,No formal educational credential,250.7,0.96,"Cooks, restaurant",High,35,Food Preparation,0.0,0.0339543881083282,0.0,0.0169771940541641,True,Growing,0.18,0.19,1.0,High Risk / Low Resilience,-1.8680942176723452,0.11641825625740965
"        Cooks, short order",35-2015,151.1,142.7,-8.4,-5.6,35620.0,No formal educational credential,20.6,0.94,"Cooks, short order",High,35,Food Preparation,0.0,0.027794746487477,0.0,0.0138973732437385,True,Declining,0.18,0.155,1.0,High Risk / Low Resilience,-1.860946550199255,0.04884173553282325
      Food preparation workers,35-2021,902.7,871.8,-30.9,-3.4,34220.0,No formal educational credential,148.0,0.87,Food preparation workers,High,35,Food Preparation,0.0,0.020667888413765,0.0,0.0103339442068825,True,Declining,0.13,0.08,1.0,High Risk / Low Resilience,-1.7811844031966322,-0.11929880894474125
      Bartenders,35-3011,756.7,801.5,44.8,5.9,33530.0,No formal educational credential,129.6,0.77,Bartenders,High,35,Food Preparation,0.0,0.0171553655060069,0.0,0.0085776827530034,True,Growing,0.26,0.22,1.0,High Risk / Low Resilience,-1.6419417038774295,-0.32790373694386676
      Waiters and waitresses,35-3031,2329.7,2313.5,-16.3,-0.7,33760.0,No formal educational credential,456.7,0.94,Waiters and waitresses,High,35,Food Preparation,0.0,0.0183262064752596,0.0,0.0091631032376298,True,Declining,0.28,0.32,1.0,High Risk / Low Resilience,-1.8968641086384295,0.0039804525738167335
"      Food servers, nonrestaurant",35-3041,277.2,285.3,8.2,3.0,34460.0,No formal educational credential,48.0,0.86,"Food servers, nonrestaurant",High,35,Food Preparation,0.0,0.0218896355121156,0.0,0.0109448177560578,True,Growing,0.25,0.25,1.0,High Risk / Low Resilience,-1.7612931840401396,-0.13270654022081896
      Dining room and cafeteria attendants and bartender helpers,35-9011,527.4,560.6,33.1,6.3,32670.0,No formal educational credential,99.6,0.91,Dining room and cafeteria attendants and bartender helpers,High,35,Food Preparation,0.0,0.0127774384035837,0.0,0.0063887192017918,True,Growing,0.185,0.135,1.0,High Risk / Low Resilience,-1.8721424838436322,-0.0798980757467829
      Dishwashers,35-9021,477.7,478.6,0.9,0.2,33670.0,No formal educational credential,76.8,0.77,Dishwashers,High,35,Food Preparation,0.0,0.0178680513133781,0.0,0.008934025656689,True,Growing,0.13,0.08,1.0,High Risk / Low Resilience,-1.6392382317368466,-0.3245270812372749
"      Hosts and hostesses, restaurant, lounge, and coffee shop",35-9031,429.9,423.5,-6.4,-1.5,30380.0,No formal educational credential,107.7,0.97,"Hosts and hostesses, restaurant, lounge, and coffee shop",High,35,Food Preparation,0.0,0.0011199348401547,0.0,0.0005599674200773,True,Declining,0.21,0.12,1.0,High Risk / Low Resilience,-2.0079037367789856,-0.019952812023197063
      First-line supervisors of housekeeping and janitorial workers,37-1011,269.8,276.4,6.7,2.5,47520.0,High school diploma or equivalent,33.0,0.94,First-line Supervisors of housekeeping and janitorial workers,High,37,Building & Grounds,1.0,0.0883730401140297,0.1666666666666666,0.1275198533903482,False,Growing,0.21,0.2299999999999999,1.0,High Risk / Low Resilience,-1.273223359495547,0.3380196723619779
"      First-line supervisors of landscaping, lawn service, and groundskeeping workers",37-1012,224.7,230.0,5.2,2.3,56170.0,High school diploma or equivalent,23.2,0.57,"First-line supervisors of landscaping, lawn service, and groundskeeping workers",Medium,37,Building & Grounds,1.0,0.1324068417837507,0.1666666666666666,0.1495367542252087,False,Growing,0.155,0.145,1.0,High Risk / Low Resilience,-0.541689669221986,-0.1636137477994356
"        Janitors and cleaners, except maids and housekeeping cleaners",37-2011,2447.7,2495.5,47.8,2.0,35930.0,No formal educational credential,351.3,0.66,"Janitors and cleaners, except maids and housekeeping cleaners",Medium,37,Building & Grounds,0.0,0.0293728364895133,0.0,0.0146864182447566,False,Growing,0.1666666666666666,0.1866666666666666,1.0,High Risk / Low Resilience,-1.4277728168255799,-0.4811773336205918
        Maids and housekeeping cleaners,37-2012,1356.8,1362.8,6.0,0.4,34660.0,No formal educational credential,193.5,0.69,Maids and housekeeping cleaners,Medium,37,Building & Grounds,0.0,0.0229077580940745,0.0,0.0114538790470372,False,Growing,0.13,0.12,1.0,High Risk / Low Resilience,-1.4980672577044916,-0.4542195729253989
      Pest control workers,37-2021,102.4,107.5,5.1,4.9,44730.0,High school diploma or equivalent,13.4,0.66,Pest control workers,Medium,37,Building & Grounds,1.0,0.0741702300957035,0.1666666666666666,0.1204184483811851,False,Growing,0.13,0.14,1.0,High Risk / Low Resilience,-0.8999122235204967,-0.2667682017231155
      Landscaping and groundskeeping workers,37-3011,1192.5,1235.0,42.4,3.6,38090.0,No formal educational credential,158.2,0.95,Landscaping and groundskeeping workers,High,37,Building & Grounds,0.0,0.0403685603746691,0.0,0.0201842801873345,True,Growing,0.12,0.1,1.0,High Risk / Low Resilience,-1.828506272920176,0.1276118737007875
"      Pesticide handlers, sprayers, and applicators, vegetation",37-3012,29.6,30.7,1.1,3.8,45200.0,High school diploma or equivalent,4.1,0.97,"Pesticide handlers, sprayers, and applicators, vegetation",High,37,Building & Grounds,1.0,0.0765628181633068,0.1666666666666666,0.1216147424149867,True,Growing,0.13,0.14,1.0,High Risk / Low Resilience,-1.3637938414288315,0.33965251525773144
      Tree trimmers and pruners,37-3013,60.1,62.1,2.0,3.3,50430.0,High school diploma or equivalent,7.4,0.77,Tree trimmers and pruners,High,37,Building & Grounds,1.0,0.1031867236815312,0.1666666666666666,0.1349266951740989,False,Growing,0.18,0.15,1.0,High Risk / Low Resilience,-0.9576659367243281,0.08186904654928426
      Animal trainers,39-2011,47.3,49.8,2.4,5.1,38750.0,High school diploma or equivalent,7.1,0.1,Animal trainers,Low,39,Personal Care,1.0,0.0437283648951333,0.1666666666666666,0.1051975157809,False,Growing,0.14,0.16,0.0,Low Risk / Stable,-0.16101415768634705,-1.485991537626423
      Animal caretakers,39-2021,392.1,439.6,47.6,12.1,33470.0,High school diploma or equivalent,74.6,0.82,Nonfarm animal caretakers,High,39,Personal Care,1.0,0.0168499287314192,0.1666666666666666,0.0917582976990429,True,Growing,0.14,0.16,1.0,High Risk / Low Resilience,-1.361455753475282,-0.23120725375524642
        Gambling dealers,39-3011,88.7,88.1,-0.6,-0.6,33280.0,High school diploma or equivalent,14.1,0.96,Gaming dealers,High,39,Personal Care,1.0,0.0158827122785583,0.1666666666666666,0.0912746894726125,True,Declining,0.45,0.52,1.0,High Risk / Low Resilience,-1.5787184881972653,0.03295811689481351
        Gambling and sports book writers and runners,39-3012,8.2,7.7,-0.5,-6.1,30460.0,High school diploma or equivalent,1.2,0.91,Gaming and sports book writers and runners,High,39,Personal Care,1.0,0.0015271838729382,0.1666666666666666,0.0840969252698024,True,Declining,0.45,0.52,1.0,High Risk / Low Resilience,-1.5568906638801145,-0.1310387962034278
      Motion picture projectionists,39-3021,2.0,2.0,-0.1,-3.7,38180.0,No formal educational credential,0.5,0.97,Motion picture projectionists,High,39,Personal Care,0.0,0.0408267155365505,0.0,0.0204133577682752,True,Declining,0.29,0.38,1.0,High Risk / Low Resilience,-1.857281717517931,0.16817514877263778
"      Ushers, lobby attendants, and ticket takers",39-3031,121.7,123.1,1.4,1.2,31150.0,No formal educational credential,30.8,0.96,"Ushers, lobby attendants, and ticket takers",High,39,Personal Care,0.0,0.0050397067806964,0.0,0.0025198533903482,True,Growing,0.29,0.38,1.0,High Risk / Low Resilience,-1.9777779445188568,-0.02057748955289066
        Amusement and recreation attendants,39-3091,392.3,405.5,13.2,3.4,30490.0,No formal educational credential,102.4,0.72,Amusement and recreation attendants,High,39,Personal Care,0.0,0.0016799022602321,0.0,0.000839951130116,True,Growing,0.235,0.27,1.0,High Risk / Low Resilience,-1.624362192924052,-0.49720682329532406
        Costume attendants,39-3092,6.7,7.1,0.4,5.9,54810.0,High school diploma or equivalent,1.8,0.61,Costume attendants,Medium,39,Personal Care,1.0,0.1254836082264304,0.1666666666666666,0.1460751374465485,False,Growing,,,1.0,High Risk / Low Resilience,-0.6289787519639087,-0.11963041042824506
"        Locker room, coatroom, and dressing room attendants",39-3093,15.6,16.6,1.0,6.4,34800.0,High school diploma or equivalent,4.2,0.43,"Locker room, coatroom, and dressing room attendants",Medium,39,Personal Care,1.0,0.0236204439014457,0.1666666666666666,0.0951435552840562,False,Growing,0.29,0.38,1.0,High Risk / Low Resilience,-0.7407616441497902,-0.9477840972646497
        Embalmers,39-4011,3.6,3.7,0.0,1.3,56280.0,Associate's degree,0.6,0.54,Embalmers,Medium,39,Personal Care,3.0,0.1329668092038281,0.5,0.316483404601914,False,Growing,0.17,0.11,0.0,Low Risk / Stable,0.22206069142896603,-0.21422510938299213
      Funeral attendants,39-4021,32.5,33.5,1.0,3.1,34610.0,High school diploma or equivalent,5.7,0.37,Funeral attendants,Medium,39,Personal Care,1.0,0.0226532274485848,0.1666666666666666,0.0946599470576257,False,Growing,0.17,0.11,1.0,High Risk / Low Resilience,-0.6528904691333358,-1.067544404933578
        Barbers,39-5011,76.0,79.2,3.1,4.1,38960.0,Postsecondary nondegree award,8.4,0.8,Barbers,High,39,Personal Care,,0.0447973936061901,0.1666666666666666,0.1057320301364284,True,Growing,0.17,0.22,1.0,High Risk / Low Resilience,-1.224927633560004,-0.13718667995007647
"        Hairdressers, hairstylists, and cosmetologists",39-5012,575.2,607.4,32.2,5.6,35250.0,Postsecondary nondegree award,75.8,0.11,"Hairdressers, hairstylists, and cosmetologists",Low,39,Personal Care,,0.0259112197108531,0.1666666666666666,0.0962889431887599,False,Growing,0.175,0.22,0.0,Low Risk / Stable,-0.24385765668784487,-1.5512116463752714
"        Makeup artists, theatrical and performance",39-5091,7.0,7.6,0.6,8.1,50280.0,Postsecondary nondegree award,1.1,0.01,"Makeup artists, theatrical and performance",Low,39,Personal Care,,0.1024231317450621,0.1666666666666666,0.1345448992058643,False,Growing,0.18,0.22,0.0,Low Risk / Stable,0.19894634298825303,-1.3806663764627904
        Manicurists and pedicurists,39-5092,210.1,224.8,14.7,7.0,34660.0,Postsecondary nondegree award,24.8,0.95,Manicurists and pedicurists,High,39,Personal Care,,0.0229077580940745,0.1666666666666666,0.0947872123803705,True,Growing,0.18,0.22,1.0,High Risk / Low Resilience,-1.5368132816103106,0.04704601065812733
        Shampooers,39-5093,18.5,19.6,1.0,5.5,31470.0,No formal educational credential,2.7,0.79,Shampooers,High,39,Personal Care,0.0,0.0066687029118305,0.0,0.0033343514559152,True,Growing,0.18,0.22,1.0,High Risk / Low Resilience,-1.7122347563484241,-0.339196245937535
        Skincare specialists,39-5094,97.4,103.9,6.6,6.7,41560.0,Postsecondary nondegree award,14.5,0.29,Skincare specialists,Low,39,Personal Care,,0.0580329871716554,0.1666666666666666,0.112349826919161,False,Growing,0.18,0.22,1.0,High Risk / Low Resilience,-0.3966288239733031,-1.053487839398218
      Baggage porters and bellhops,39-6011,32.5,32.0,-0.5,-1.6,36020.0,High school diploma or equivalent,4.6,0.83,Baggage porters and bellhops,High,39,Personal Care,1.0,0.0298309916513948,0.1666666666666666,0.0982488291590307,True,Declining,0.37,0.28,1.0,High Risk / Low Resilience,-1.3274706349730128,-0.15050759804065833
      Concierges,39-6012,45.6,46.7,1.1,2.3,37320.0,High school diploma or equivalent,6.8,0.21,Concierges,Low,39,Personal Care,1.0,0.0364487884341274,0.1666666666666666,0.101557727550397,False,Growing,0.51,0.68,0.0,Low Risk / Stable,-0.35645184490701426,-1.3093225406968827
      Childcare workers,39-9011,991.6,962.4,-29.2,-2.9,32050.0,High school diploma or equivalent,160.2,0.084,Childcare workers,Low,39,Personal Care,1.0,0.0096212583995113,0.1666666666666666,0.0881439625330889,False,Declining,0.19,0.21,0.0,Low Risk / Stable,-0.2659838973494598,-1.6783026864216974
        Exercise trainers and group fitness instructors,39-9031,370.1,414.2,44.1,11.9,46180.0,High school diploma or equivalent,74.2,0.085,Fitness trainers and aerobics instructors,Low,39,Personal Care,1.0,0.0815516188149053,0.1666666666666666,0.1241091427407859,False,Growing,0.25,0.38,0.0,Low Risk / Stable,0.005348014147835645,-1.3355820213576473
        Recreation workers,39-9032,327.7,341.1,13.4,4.1,35380.0,High school diploma or equivalent,68.1,0.0061,Recreation workers,Low,39,Personal Care,1.0,0.0265729993891264,0.1666666666666666,0.0966198330278965,False,Growing,0.21,0.12,0.0,Low Risk / Stable,-0.08283022359104214,-1.7475255702487216
      Residential advisors,39-9041,91.2,94.7,3.5,3.8,39180.0,High school diploma or equivalent,17.4,0.064,Residential advisors,Low,39,Personal Care,1.0,0.0459173284463449,0.1666666666666666,0.1062919975565058,False,Growing,0.21,0.12,0.0,Low Risk / Stable,-0.09778653235878032,-1.5447270029107372
      First-line supervisors of retail sales workers,41-1011,1432.6,1360.3,-72.3,-5.0,47320.0,High school diploma or equivalent,125.1,0.28,First-line supervisors of retail sales workers,Low,41,Sales,1.0,0.0873549175320708,0.1666666666666666,0.1270107920993687,False,Declining,0.36,0.42,1.0,High Risk / Low Resilience,-0.27014356041667925,-0.9337588599572426
      First-line supervisors of non-retail sales workers,41-1012,320.0,320.0,0.0,0.0,84130.0,High school diploma or equivalent,24.8,0.075,First-line supervisors of non-retail sales workers,Low,41,Sales,1.0,0.2747403787416005,0.1666666666666666,0.2207035227041335,False,Stable,0.4944444444444444,0.5633333333333334,0.0,Low Risk / Stable,0.7534387648856591,-0.43946341909385994
        Cashiers,41-2011,3157.2,2843.6,-313.6,-9.9,31190.0,No formal educational credential,542.6,0.97,Cashiers,High,41,Sales,0.0,0.0052433312970881,0.0,0.002621665648544,True,Declining,0.39,0.26,1.0,High Risk / Low Resilience,-1.992262219394184,-0.0004164468636296647
        Gambling change persons and booth cashiers,41-2012,22.6,21.1,-1.5,-6.4,34810.0,No formal educational credential,4.0,0.83,Gaming change persons and booth cashiers,High,41,Sales,0.0,0.0236713500305436,0.0,0.0118356750152718,True,Declining,0.39,0.26,1.0,High Risk / Low Resilience,-1.7087644172279162,-0.18185375270218754
        Counter and rental clerks,41-2021,408.2,421.3,13.1,3.2,38540.0,No formal educational credential,45.9,0.97,Counter and rental clerks,High,41,Sales,0.0,0.0426593361840765,0.0,0.0213296680920382,True,Growing,,,1.0,High Risk / Low Resilience,-1.8503299320135744,0.17685797773244574
        Parts salespersons,41-2022,272.1,280.6,8.5,3.1,37440.0,No formal educational credential,30.2,0.98,Parts salespersons,High,41,Sales,0.0,0.0370596619833027,0.0,0.0185298309916513,True,Growing,0.38,0.44,1.0,High Risk / Low Resilience,-1.8868281943193632,0.1695233953823157
      Retail salespersons,41-2031,3936.7,3917.1,-19.6,-0.5,34580.0,No formal educational credential,555.8,0.92,Retail salespersons,High,41,Sales,0.0,0.0225005090612909,0.0,0.0112502545306454,True,Declining,0.38,0.44,1.0,High Risk / Low Resilience,-1.8505160951268855,-0.014634560405186533
      Advertising sales agents,41-3011,103.7,97.1,-6.6,-6.4,61460.0,High school diploma or equivalent,9.3,0.54,Advertising sales agents,Medium,41,Sales,1.0,0.1593361840765628,0.1666666666666666,0.1630014253716147,False,Declining,0.44,0.52,1.0,High Risk / Low Resilience,-0.3937669568777613,-0.0936132517767747
      Insurance sales agents,41-3021,568.8,589.8,21.1,3.7,60370.0,High school diploma or equivalent,47.0,0.92,Insurance sales agents,High,41,Sales,1.0,0.1537874160048869,0.1666666666666666,0.1602270413357768,False,Growing,0.53,0.46,1.0,High Risk / Low Resilience,-0.994569847046761,0.6095558604565513
"      Securities, commodities, and financial services sales agents",41-3031,514.5,531.6,17.1,3.3,78140.0,Bachelor's degree,38.1,0.016,"Securities, commodities, and financial services sales agents",Low,41,Sales,4.0,0.2442476074119323,0.6666666666666666,0.4554571370392995,False,Growing,0.535,0.62,0.0,Low Risk / Stable,1.801567457934573,-0.6907075151949051
      Travel agents,41-3041,65.7,67.2,1.4,2.2,48450.0,High school diploma or equivalent,7.1,0.099,Travel agents,Low,41,Sales,1.0,0.0931073101201384,0.1666666666666666,0.1298869883934025,False,Growing,0.5,0.63,0.0,Low Risk / Stable,0.02782351017416984,-1.253957163489864
"      Sales representatives, wholesale and manufacturing, technical and scientific products",41-4011,303.2,308.9,5.7,1.9,100070.0,Bachelor's degree,27.2,0.25,"Sales representatives, wholesale and manufacturing, technical and scientific products",Low,41,Sales,4.0,0.3558847485237223,0.6666666666666666,0.5112757075951945,False,Growing,0.5,0.5766666666666667,2.0,Low Risk / High Skill,1.8680403838476445,0.2874145259066019
"      Sales representatives, wholesale and manufacturing, except technical and scientific products",41-4012,1310.5,1314.9,4.4,0.3,66780.0,High school diploma or equivalent,114.8,0.85,"Sales representatives, wholesale and manufacturing, except technical and scientific products",High,41,Sales,1.0,0.1864182447566687,0.1666666666666666,0.1765424557116676,False,Growing,0.49,0.63,1.0,High Risk / Low Resilience,-0.7639925756301841,0.6297844664681497
        Demonstrators and product promoters,41-9011,79.2,79.1,-0.1,-0.1,37960.0,No formal educational credential,14.0,0.51,Demonstrators and product promoters,Medium,41,Sales,0.0,0.0397067806963958,0.0,0.0198533903481979,False,Declining,0.42,0.54,1.0,High Risk / Low Resilience,-1.1597220384832978,-0.7201600846142502
        Models,41-9012,6.7,6.7,0.0,-0.5,89990.0,No formal educational credential,1.2,0.98,Models,High,41,Sales,0.0,0.3045713703929953,0.0,0.1522856851964976,False,Declining,0.25,0.09,1.0,High Risk / Low Resilience,-0.8720606158362305,1.4369752338209234
        Real estate brokers,41-9021,111.3,115.0,3.7,3.3,72280.0,High school diploma or equivalent,9.7,0.97,Real estate brokers,High,41,Sales,1.0,0.2144166157605375,0.1666666666666666,0.1905416412136021,False,Growing,0.35,0.38,1.0,High Risk / Low Resilience,-0.8408650873789132,0.9927942047899386
        Real estate sales agents,41-9022,420.9,433.7,12.8,3.1,56320.0,High school diploma or equivalent,36.6,0.86,Real estate sales agents,High,41,Sales,1.0,0.1331704337202199,0.1666666666666666,0.1499185501934432,False,Growing,0.35,0.38,1.0,High Risk / Low Resilience,-0.9812372610492386,0.3966963311630174
      Sales engineers,41-9031,56.8,59.9,3.1,5.5,121520.0,Bachelor's degree,5.0,0.0041,Sales engineers,Low,41,Sales,4.0,0.4650783954388109,0.6666666666666666,0.5658725310527388,False,Growing,0.51,0.55,2.0,Low Risk / High Skill,2.657413078838954,0.33272979660195284
      Telemarketers,41-9041,67.4,52.5,-14.9,-22.1,34410.0,No formal educational credential,6.5,0.99,Telemarketers,High,41,Sales,0.0,0.0216351048666259,0.0,0.0108175524333129,True,Declining,0.61,0.69,1.0,High Risk / Low Resilience,-1.9605957511346177,0.11563920221988337
"        Door-to-door sales workers, news and street vendors, and related workers",41-9091,25.3,22.8,-2.5,-10.0,34530.0,No formal educational credential,2.7,0.94,"Door-to-door sales workers, news and street vendors, and related workers",High,41,Sales,0.0,0.0222459784158012,0.0,0.0111229892079006,True,Declining,0.3075,0.3025,1.0,High Risk / Low Resilience,-1.8819950118652229,0.02255205896007207
      First-line supervisors of office and administrative support workers,43-1011,1558.4,1554.4,-3.9,-0.3,66140.0,High school diploma or equivalent,144.5,0.014,First-line supervisors of office and administrative support workers,Low,43,Office & Admin Support,1.0,0.1831602524944003,0.1666666666666666,0.1749134595805335,False,Declining,0.43,0.41,0.0,Low Risk / Stable,0.4991084372909624,-0.9904610092782123
"      Switchboard operators, including answering service",43-2011,36.6,27.0,-9.6,-26.3,38370.0,High school diploma or equivalent,2.8,0.96,"Switchboard operators, including answering service",High,43,Office & Admin Support,1.0,0.0417939319894115,0.1666666666666666,0.1042302993280391,True,Declining,0.54,0.58,1.0,High Risk / Low Resilience,-1.480427965371782,0.1557236707987624
      Telephone operators,43-2021,4.0,2.9,-1.1,-27.5,39130.0,High school diploma or equivalent,0.3,0.97,Telephone operators,High,43,Office & Admin Support,1.0,0.0456627978008552,0.1666666666666666,0.1061647322337609,True,Declining,0.54,0.58,1.0,High Risk / Low Resilience,-1.481008669238396,0.19325037140763934
      Bill and account collectors,43-3011,166.9,149.4,-17.5,-10.5,46040.0,High school diploma or equivalent,13.7,0.95,Bill and account collectors,High,43,Office & Admin Support,1.0,0.0808389330075341,0.1666666666666666,0.1237527998371003,True,Declining,0.43,0.57,1.0,High Risk / Low Resilience,-1.3170596176114895,0.3215198816653843
      Billing and posting clerks,43-3021,429.8,427.9,-1.9,-0.4,47170.0,High school diploma or equivalent,42.2,0.96,Billing and posting clerks,High,43,Office & Admin Support,1.0,0.0865913255956017,0.1666666666666666,0.1266289961311341,False,Declining,0.64,0.69,1.0,High Risk / Low Resilience,-1.3104954308208483,0.36797060092739703
"      Bookkeeping, accounting, and auditing clerks",43-3031,1613.4,1519.1,-94.3,-5.8,49210.0,"Some college, no degree",170.0,0.98,"Bookkeeping, accounting, and auditing clerks",High,43,Office & Admin Support,2.0,0.0969761759315821,0.3333333333333333,0.2151547546324577,False,Declining,0.565,0.585,1.0,High Risk / Low Resilience,-0.9436873118491897,0.457728067967048
      Gambling cage workers,43-3041,14.1,13.4,-0.7,-5.0,36990.0,High school diploma or equivalent,1.3,0.39,Gaming cage workers,Medium,43,Office & Admin Support,1.0,0.0347688861738953,0.1666666666666666,0.100717776420281,False,Declining,0.45,0.52,1.0,High Risk / Low Resilience,-0.6374448337172681,-0.9717486900896167
      Payroll and timekeeping clerks,43-3051,161.1,134.2,-27.0,-16.7,55290.0,High school diploma or equivalent,13.0,0.97,Payroll and timekeeping clerks,High,43,Office & Admin Support,1.0,0.1279271024231317,0.1666666666666666,0.1472968845448992,False,Declining,0.61,0.62,1.0,High Risk / Low Resilience,-1.1689507421539542,0.5830129158256774
      Procurement clerks,43-3061,61.9,56.6,-5.4,-8.7,48510.0,High school diploma or equivalent,4.6,0.98,Procurement clerks,High,43,Office & Admin Support,1.0,0.0934127468947261,0.1666666666666666,0.1300397067806963,False,Declining,0.6,0.68,1.0,High Risk / Low Resilience,-1.3151327313062544,0.4386825876652469
      Tellers,43-3071,347.4,302.5,-44.9,-12.9,39340.0,High school diploma or equivalent,29.8,0.98,Tellers,High,43,Office & Admin Support,1.0,0.046731826511912,0.1666666666666666,0.1066992465892893,True,Declining,0.58,0.72,1.0,High Risk / Low Resilience,-1.4922101565144434,0.21751163888347652
      Brokerage clerks,43-4011,40.8,36.9,-3.9,-9.5,62940.0,High school diploma or equivalent,4.1,0.98,Brokerage clerks,High,43,Office & Admin Support,1.0,0.1668702911830584,0.1666666666666666,0.1667684789248625,False,Declining,0.64,0.66,1.0,High Risk / Low Resilience,-1.0364819956733031,0.786719315137542
      Correspondence clerks,43-4021,6.9,6.5,-0.4,-5.6,46740.0,High school diploma or equivalent,0.7,0.86,Correspondence clerks,High,43,Office & Admin Support,1.0,0.0844023620443901,0.1666666666666666,0.1255345143555284,True,Declining,0.6,0.72,1.0,High Risk / Low Resilience,-1.1662319975262776,0.16563660495479923
"      Court, municipal, and license clerks",43-4031,180.4,185.9,5.5,3.0,47700.0,High school diploma or equivalent,18.5,0.46,"Court, municipal, and license clerks",Medium,43,Office & Admin Support,1.0,0.0892893504377927,0.1666666666666666,0.1279780085522296,False,Growing,0.43,0.63,1.0,High Risk / Low Resilience,-0.537426083371119,-0.5790605411236893
"      Credit authorizers, checkers, and clerks",43-4041,12.0,11.3,-0.7,-6.2,49130.0,High school diploma or equivalent,1.0,0.97,"Credit authorizers, checkers, and clerks",High,43,Office & Admin Support,1.0,0.0965689268987986,0.1666666666666666,0.1316177967827326,False,Declining,0.64,0.66,1.0,High Risk / Low Resilience,-1.2879035163396078,0.4344400647356332
      Customer service representatives,43-4051,2814.0,2660.3,-153.7,-5.5,42830.0,High school diploma or equivalent,341.7,0.55,Customer service representatives,Medium,43,Office & Admin Support,1.0,0.0644980655670942,0.1666666666666666,0.1155823661168804,False,Declining,0.58,0.72,1.0,High Risk / Low Resilience,-0.768778552215126,-0.5237533665308779
"      Eligibility interviewers, government programs",43-4061,166.8,168.5,1.7,1.0,51500.0,High school diploma or equivalent,14.0,0.7,"Eligibility interviewers, government programs",High,43,Office & Admin Support,1.0,0.1086336794950112,0.1666666666666666,0.1376501730808389,False,Growing,0.435,0.515,1.0,High Risk / Low Resilience,-0.8302068169557043,-0.02669764367626614
      File clerks,43-4071,84.3,70.9,-13.4,-15.9,41270.0,High school diploma or equivalent,7.3,0.97,File clerks,High,43,Office & Admin Support,1.0,0.0565567094278151,0.1666666666666666,0.1116116880472408,True,Declining,0.37,0.44,1.0,High Risk / Low Resilience,-1.439684166518055,0.24486496577983008
"      Hotel, motel, and resort desk clerks",43-4081,264.2,274.0,9.9,3.7,34270.0,High school diploma or equivalent,43.6,0.94,"Hotel, motel, and resort desk clerks",High,43,Office & Admin Support,1.0,0.0209224190592547,0.1666666666666666,0.0937945428629607,True,Growing,0.51,0.68,1.0,High Risk / Low Resilience,-1.5290876870864414,0.01844332870238611
"      Interviewers, except eligibility and loan",43-4111,164.3,145.1,-19.1,-11.6,43830.0,High school diploma or equivalent,15.8,0.94,"Interviewers, except eligibility and loan",High,43,Office & Admin Support,1.0,0.0695886784768886,0.1666666666666666,0.1181276725717776,True,Declining,0.55,0.71,1.0,High Risk / Low Resilience,-1.3444791609151998,0.24902067552394822
"      Library assistants, clerical",43-4121,84.5,78.9,-5.6,-6.7,36010.0,High school diploma or equivalent,12.8,0.95,"Library assistants, clerical",High,43,Office & Admin Support,1.0,0.0297800855222968,0.1666666666666666,0.0982233760944817,True,Declining,0.46,0.4,1.0,High Risk / Low Resilience,-1.5107440859689745,0.07960661925740617
      Loan interviewers and clerks,43-4131,177.6,173.5,-4.1,-2.3,48950.0,High school diploma or equivalent,13.3,0.92,Loan interviewers and clerks,High,43,Office & Admin Support,1.0,0.0956526165750356,0.1666666666666666,0.1311596416208511,False,Declining,0.64,0.66,1.0,High Risk / Low Resilience,-1.2150959316571768,0.3341172306759824
      New accounts clerks,43-4141,38.9,33.8,-5.2,-13.2,46610.0,High school diploma or equivalent,2.3,0.99,New accounts clerks,High,43,Office & Admin Support,1.0,0.0837405823661168,0.1666666666666666,0.1252036245163917,True,Declining,0.64,0.66,1.0,High Risk / Low Resilience,-1.3670794058439464,0.41205282984887737
      Order clerks,43-4151,89.5,74.1,-15.4,-17.2,44660.0,"Some college, no degree",8.0,0.98,Order clerks,High,43,Office & Admin Support,2.0,0.0738138871920179,0.3333333333333333,0.2035736102626756,False,Declining,0.63,0.72,1.0,High Risk / Low Resilience,-1.0315501564181382,0.34798675750281105
"      Human resources assistants, except payroll and timekeeping",43-4161,95.2,88.4,-6.8,-7.1,49440.0,Associate's degree,9.0,0.9,"Human resources assistants, except payroll and timekeeping",High,43,Office & Admin Support,3.0,0.0981470169008348,0.5,0.2990735084504174,False,Declining,0.6,0.71,1.0,High Risk / Low Resilience,-0.45926427068299297,0.3118673613548385
      Receptionists and information clerks,43-4171,1007.2,1007.6,0.3,0.0,37230.0,High school diploma or equivalent,128.5,0.96,Receptionists and information clerks,High,43,Office & Admin Support,1.0,0.0359906332722459,0.1666666666666666,0.1013286499694563,True,Stable,0.5733333333333333,0.6933333333333334,1.0,High Risk / Low Resilience,-1.5024419528022441,0.1282280457593708
      Reservation and transportation ticket agents and travel clerks,43-4181,131.9,135.6,3.7,2.8,41460.0,High school diploma or equivalent,14.4,0.61,Reservation and transportation ticket agents and travel clerks,Medium,43,Office & Admin Support,1.0,0.057523925880676,0.1666666666666666,0.1120952962736713,False,Growing,0.56,0.74,1.0,High Risk / Low Resilience,-0.886774131083791,-0.4416186510211166
      Cargo and freight agents,43-5011,100.6,109.2,8.6,8.5,49900.0,High school diploma or equivalent,8.8,0.99,Cargo and freight agents,High,43,Office & Admin Support,1.0,0.1004886988393402,0.1666666666666666,0.1335776827530034,False,Growing,0.505,0.515,1.0,High Risk / Low Resilience,-1.303547810540245,0.4914042389537873
      Couriers and messengers,43-5021,247.2,267.6,20.4,8.2,38340.0,High school diploma or equivalent,27.9,0.94,Couriers and messengers,High,43,Office & Admin Support,1.0,0.0416412136021177,0.1666666666666666,0.1041539401343921,True,Growing,0.31,0.2925,1.0,High Risk / Low Resilience,-1.4504938898566344,0.11660753388687975
        Public safety telecommunicators,43-5031,105.2,108.9,3.6,3.5,50730.0,High school diploma or equivalent,10.7,0.49,"Police, fire, and ambulance dispatchers",Medium,43,Office & Admin Support,1.0,0.1047139075544695,0.1666666666666666,0.1356902871105681,False,Growing,0.2,0.21,1.0,High Risk / Low Resilience,-0.5246853085035518,-0.4483912122974594
"        Dispatchers, except police, fire, and ambulance",43-5032,218.7,216.7,-2.1,-0.9,48880.0,High school diploma or equivalent,18.5,0.96,"Dispatchers, except police, fire, and ambulance",High,43,Office & Admin Support,1.0,0.09529627367135,0.1666666666666666,0.1309814701690083,False,Declining,0.5,0.55,1.0,High Risk / Low Resilience,-1.2774744496751556,0.4092140384864838
"      Meter readers, utilities",43-5041,20.1,17.7,-2.4,-12.0,49180.0,High school diploma or equivalent,1.3,0.85,"Meter readers, utilities",High,43,Office & Admin Support,1.0,0.0968234575442883,0.1666666666666666,0.1317450621054774,False,Declining,0.38,0.36,1.0,High Risk / Low Resilience,-1.1038576447320514,0.20529060621088038
        Postal service clerks,43-5051,74.2,71.6,-2.6,-3.5,61630.0,No formal educational credential,6.1,0.95,Postal service clerks,High,43,Office & Admin Support,0.0,0.1602015882712278,0.0,0.0801007941356139,True,Declining,0.495,0.6,1.0,High Risk / Low Resilience,-1.3739367429964284,0.6953724117948847
        Postal service mail carriers,43-5052,319.4,308.1,-11.3,-3.5,57490.0,No formal educational credential,20.6,0.68,Postal service mail carriers,Medium,43,Office & Admin Support,0.0,0.1391264508246793,0.0,0.0695632254123396,False,Declining,0.41,0.48,1.0,High Risk / Low Resilience,-1.041951498149636,0.07722021302646195
"        Postal service mail sorters, processors, and processing machine operators",43-5053,106.4,97.5,-8.9,-8.4,56530.0,No formal educational credential,7.8,0.79,"Postal service mail sorters, processors, and processing machine operators",High,43,Office & Admin Support,0.0,0.1342394624312767,0.0,0.0671197312156383,True,Declining,0.41,0.48,1.0,High Risk / Low Resilience,-1.2283132431840604,0.2652251255424178
"      Production, planning, and expediting clerks",43-5061,388.8,381.7,-7.1,-1.8,57770.0,High school diploma or equivalent,34.1,0.88,"Production, planning, and expediting clerks",High,43,Office & Admin Support,1.0,0.1405518224394217,0.1666666666666666,0.1536092445530441,False,Declining,0.44,0.6,1.0,High Risk / Low Resilience,-0.983750404852758,0.4700614045274753
"      Shipping, receiving, and inventory clerks",43-5071,862.2,795.8,-66.3,-7.7,43190.0,High school diploma or equivalent,69.3,0.98,"Shipping, receiving, and traffic clerks",High,43,Office & Admin Support,1.0,0.0663306862146202,0.1666666666666666,0.1164986764406434,True,Declining,0.47,0.405,1.0,High Risk / Low Resilience,-1.4178646726484099,0.31036967081475414
"      Weighers, measurers, checkers, and samplers, recordkeeping",43-5111,49.8,47.4,-2.4,-4.8,45650.0,High school diploma or equivalent,5.3,0.95,"Weighers, measurers, checkers, and samplers, recordkeeping",High,43,Office & Admin Support,1.0,0.0788535939727143,0.1666666666666666,0.1227601303196904,True,Declining,0.37,0.35,1.0,High Risk / Low Resilience,-1.3245907185745422,0.3121134836255925
      Executive secretaries and executive administrative assistants,43-6011,502.8,494.9,-7.9,-1.6,74260.0,High school diploma or equivalent,50.0,0.86,Executive secretaries and executive administrative assistants,High,43,Office & Admin Support,1.0,0.2244960293219303,0.1666666666666666,0.1955813479942985,False,Declining,0.54,0.58,1.0,High Risk / Low Resilience,-0.6348066167488126,0.8293906409934382
      Legal secretaries and administrative assistants,43-6012,156.3,147.3,-9.0,-5.8,54140.0,High school diploma or equivalent,19.6,0.98,Legal secretaries,High,43,Office & Admin Support,1.0,0.1220728975768682,0.1666666666666666,0.1443697821217674,False,Declining,0.55,0.64,1.0,High Risk / Low Resilience,-1.2064145302242368,0.5744723850089074
      Medical secretaries and administrative assistants,43-6013,850.0,885.3,35.3,4.2,44640.0,High school diploma or equivalent,85.9,0.81,Medical secretaries,High,43,Office & Admin Support,1.0,0.073712074933822,0.1666666666666666,0.1201893708002443,True,Growing,0.53,0.61,1.0,High Risk / Low Resilience,-1.1305006022004138,0.019005349776173703
"      Secretaries and administrative assistants, except legal, medical, and executive",43-6014,1944.0,1913.2,-30.8,-1.6,46290.0,High school diploma or equivalent,202.8,0.96,"Secretaries and administrative assistants, except legal, medical, and executive",High,43,Office & Admin Support,1.0,0.0821115862349826,0.1666666666666666,0.1243891264508246,True,Declining,0.58,0.64,1.0,High Risk / Low Resilience,-1.327488684275942,0.3467459079145332
        Data entry keyers,43-9021,141.6,104.9,-36.7,-25.9,39850.0,High school diploma or equivalent,9.5,0.99,Data entry keyers,High,43,Office & Admin Support,1.0,0.0493280390959071,0.1666666666666666,0.1079973528812869,True,Declining,0.7,0.7,1.0,High Risk / Low Resilience,-1.497618489203527,0.24900859715915372
        Word processors and typists,43-9022,40.0,25.6,-14.4,-36.1,47850.0,High school diploma or equivalent,2.2,0.81,Word processors and typists,High,43,Office & Admin Support,1.0,0.0900529423742618,0.1666666666666666,0.1283598045204642,False,Declining,0.65,0.77,1.0,High Risk / Low Resilience,-1.068513848119903,0.09642724133445953
      Desktop publishers,43-9031,5.0,4.4,-0.6,-12.4,53620.0,Associate's degree,0.4,0.16,Desktop publishers,Low,43,Office & Admin Support,3.0,0.1194257788637751,0.5,0.3097128894318876,False,Declining,0.38,0.26,0.0,Low Risk / Stable,0.7504491492609194,-1.0078403566143161
      Insurance claims and policy processing clerks,43-9041,256.7,247.2,-9.5,-3.7,48450.0,High school diploma or equivalent,20.3,0.98,Insurance claims and policy processing clerks,High,43,Office & Admin Support,1.0,0.0931073101201384,0.1666666666666666,0.1298869883934025,False,Declining,0.64,0.66,1.0,High Risk / Low Resilience,-1.3162913622236474,0.4372354495052787
"      Mail clerks and mail machine operators, except postal service",43-9051,67.4,62.9,-4.4,-6.6,38150.0,High school diploma or equivalent,6.9,0.94,"Mail clerks and mail machine operators, except postal service",High,43,Office & Admin Support,1.0,0.0406739971492567,0.1666666666666666,0.1036703319079617,True,Declining,0.41,0.48,1.0,High Risk / Low Resilience,-1.4541628877617117,0.11202492971364753
"      Office clerks, general",43-9061,2646.0,2468.2,-177.8,-6.7,43630.0,High school diploma or equivalent,282.4,0.96,"Office clerks, general",High,43,Office & Admin Support,1.0,0.0685705558949297,0.1666666666666666,0.1176186112807982,True,Declining,0.6,0.68,1.0,High Risk / Low Resilience,-1.3788546549470195,0.282589449489287
"      Office machine operators, except computer",43-9071,25.5,21.6,-3.9,-15.2,39020.0,High school diploma or equivalent,2.8,0.92,"Office machine operators, except computer",High,43,Office & Admin Support,1.0,0.0451028303807778,0.1666666666666666,0.1058847485237222,True,Declining,0.37,0.44,1.0,High Risk / Low Resilience,-1.4068493484856734,0.09461586520128468
      Proofreaders and copy markers,43-9081,12.0,11.9,-0.1,-0.6,49210.0,Bachelor's degree,1.9,0.84,Proofreaders and copy markers,High,43,Office & Admin Support,4.0,0.0969761759315821,0.6666666666666666,0.3818214212991244,False,Declining,0.51,0.65,1.0,High Risk / Low Resilience,-0.01423745752398407,0.19330449668143984
      Statistical assistants,43-9111,6.5,6.3,-0.2,-2.5,51440.0,Bachelor's degree,0.8,0.66,Statistical assistants,Medium,43,Office & Admin Support,4.0,0.1083282427204235,0.6666666666666666,0.3874974546935451,False,Declining,0.57,0.48,0.0,Low Risk / Stable,0.30344551033703954,-0.09844331219350658
"      First-line supervisors of farming, fishing, and forestry workers",45-1011,65.4,67.0,1.6,2.5,59330.0,High school diploma or equivalent,8.5,0.57,"First-line supervisors of farming, fishing, and forestry workers",Medium,45,Farming & Fishing,1.0,0.1484931785787009,0.1666666666666666,0.1575799226226837,False,Growing,0.1746153846153846,0.2030769230769231,1.0,High Risk / Low Resilience,-0.4806684409059686,-0.08739780470778914
      Agricultural inspectors,45-2011,14.7,14.9,0.2,1.5,50990.0,Bachelor's degree,2.2,0.94,Agricultural inspectors,High,45,Farming & Fishing,4.0,0.106037466911016,0.6666666666666666,0.3863520667888414,False,Growing,0.3033333333333333,0.34,1.0,High Risk / Low Resilience,-0.1324316951772185,0.4281991012533165
      Animal breeders,45-2021,7.9,8.1,0.2,2.4,52000.0,High school diploma or equivalent,1.2,0.95,Animal breeders,High,45,Farming & Fishing,1.0,0.1111789859499083,0.1666666666666666,0.1389228263082875,False,Growing,0.1983333333333333,0.235,1.0,High Risk / Low Resilience,-1.201968946483812,0.4652689388888683
"      Graders and sorters, agricultural products",45-2041,38.9,36.8,-2.1,-5.4,35430.0,No formal educational credential,5.1,0.41,"Graders and sorters, agricultural products",Medium,45,Farming & Fishing,0.0,0.0268275300346161,0.0,0.013413765017308,False,Declining,0.1866666666666666,0.18,1.0,High Risk / Low Resilience,-1.0560106872974724,-0.9731439161857268
      Forest and conservation workers,45-4011,10.8,10.3,-0.5,-4.7,43680.0,High school diploma or equivalent,2.0,0.87,Forest and conservation workers,High,45,Farming & Fishing,1.0,0.0688250865404194,0.1666666666666666,0.117745876603543,True,Declining,0.105,0.125,1.0,High Risk / Low Resilience,-1.240578869800229,0.11102884271238248
        Fallers,45-4021,5.6,5.2,-0.4,-7.3,53900.0,High school diploma or equivalent,0.7,0.76,Fallers,High,45,Farming & Fishing,1.0,0.1208511504785176,0.1666666666666666,0.1437589085725921,False,Declining,0.12,0.14,1.0,High Risk / Low Resilience,-0.8754017531815265,0.1463655862181489
        Logging equipment operators,45-4022,30.9,30.5,-0.4,-1.4,49210.0,High school diploma or equivalent,4.2,0.79,Logging equipment operators,High,45,Farming & Fishing,1.0,0.0969761759315821,0.1666666666666666,0.1318214212991244,False,Declining,0.12,0.13,1.0,High Risk / Low Resilience,-1.011738156351824,0.09083647179516785
        Log graders and scalers,45-4023,4.6,4.6,0.0,-0.7,46710.0,High school diploma or equivalent,0.6,0.97,Log graders and scalers,High,45,Farming & Fishing,1.0,0.0842496436570963,0.1666666666666666,0.1254581551618814,True,Declining,0.12,0.14,1.0,High Risk / Low Resilience,-1.3346349633411143,0.37607215895025864
      First-line supervisors of construction trades and extraction workers,47-1011,921.6,970.6,49.0,5.3,78690.0,High school diploma or equivalent,74.4,0.17,First-line supervisors of construction trades and extraction workers,Low,47,Construction & Extraction,1.0,0.2470474445123192,0.1666666666666666,0.2068570555894929,False,Growing,0.285,0.25,0.0,Low Risk / Stable,0.5034509545829599,-0.3883059150627698
      Boilermakers,47-2011,10.4,10.1,-0.2,-2.4,73340.0,High school diploma or equivalent,0.8,0.68,Boilermakers,Medium,47,Construction & Extraction,1.0,0.2198126654449196,0.1666666666666666,0.1932396660557931,False,Declining,0.21,0.21,1.0,High Risk / Low Resilience,-0.3779517720509071,0.4616680787201738
        Brickmasons and blockmasons,47-2021,74.1,76.4,2.4,3.2,60800.0,High school diploma or equivalent,5.6,0.82,Brickmasons and blockmasons,High,47,Construction & Extraction,1.0,0.1559763795560985,0.1666666666666666,0.1613215231113826,False,Growing,0.09,0.1,1.0,High Risk / Low Resilience,-0.8336993706028939,0.4279641781101607
        Stonemasons,47-2022,12.1,11.8,-0.4,-3.0,51990.0,High school diploma or equivalent,0.8,0.89,Stonemasons,High,47,Construction & Extraction,1.0,0.1111280798208104,0.1666666666666666,0.1388973732437385,False,Declining,0.11,0.12,1.0,High Risk / Low Resilience,-1.1106218787151794,0.34985004569984424
      Carpenters,47-2031,959.0,1002.1,43.1,4.5,59310.0,High school diploma or equivalent,74.1,0.72,Carpenters,High,47,Construction & Extraction,1.0,0.148391366320505,0.1666666666666666,0.1575290164935858,False,Growing,0.13,0.13,1.0,High Risk / Low Resilience,-0.7099050835155943,0.20006407464479598
        Carpet installers,47-2041,20.3,18.3,-1.9,-9.6,49850.0,No formal educational credential,1.1,0.87,Carpet Installers,High,47,Construction & Extraction,0.0,0.1002341681938505,0.0,0.0501170840969252,True,Declining,0.1,0.1,1.0,High Risk / Low Resilience,-1.479361049215826,0.25768068172691305
"        Floor layers, except carpet, wood, and hard tiles",47-2042,33.7,36.9,3.2,9.5,54340.0,No formal educational credential,2.7,0.79,"Floor layers, except carpet, wood, and hard tiles",High,47,Construction & Extraction,0.0,0.1230910201588271,0.0,0.0615455100794135,True,Growing,0.1,0.1,1.0,High Risk / Low Resilience,-1.270603271668895,0.2124045827035871
        Floor sanders and finishers,47-2043,5.6,5.8,0.1,2.6,49150.0,No formal educational credential,0.4,0.87,Floor sanders and finishers,High,47,Construction & Extraction,0.0,0.0966707391569945,0.0,0.0483353695784972,True,Growing,0.1,0.1,1.0,High Risk / Low Resilience,-1.492878409918741,0.24079740319395365
        Tile and stone setters,47-2044,52.6,58.0,5.3,10.1,52240.0,No formal educational credential,4.2,0.75,Tile and marble setters,High,47,Construction & Extraction,0.0,0.112400733048259,0.0,0.0562003665241295,True,Growing,0.1,0.1,1.0,High Risk / Low Resilience,-1.250128571829953,0.08496961144091075
        Cement masons and concrete finishers,47-2051,206.7,210.4,3.8,1.8,54660.0,No formal educational credential,14.3,0.94,Cement masons and concrete finishers,High,47,Construction & Extraction,0.0,0.1247200162899613,0.0,0.0623600081449806,True,Growing,0.1,0.09,1.0,High Risk / Low Resilience,-1.4932743390799619,0.5080669116293238
        Terrazzo workers and finishers,47-2053,1.5,1.3,-0.2,-11.1,57260.0,High school diploma or equivalent,0.1,0.88,Terrazzo workers and finishers,High,47,Construction & Extraction,1.0,0.1379556098554265,0.1666666666666666,0.1523111382610466,False,Declining,0.1,0.09,1.0,High Risk / Low Resilience,-0.9935987676505965,0.4577607301677472
      Construction laborers,47-2061,1457.0,1563.4,106.5,7.3,46730.0,No formal educational credential,129.4,0.88,Construction labourers,High,47,Construction & Extraction,0.0,0.0843514559152922,0.0,0.0421757279576461,True,Growing,0.09,0.1,1.0,High Risk / Low Resilience,-1.5548665524071696,0.20162578132452852
"        Paving, surfacing, and tamping equipment operators",47-2071,47.0,48.6,1.5,3.2,51650.0,High school diploma or equivalent,4.0,0.83,"Paving, surfacing, and tamping equipment operators",High,47,Construction & Extraction,1.0,0.1093972714314803,0.1666666666666666,0.1380319690490735,False,Growing,0.13,0.12,1.0,High Risk / Low Resilience,-1.0256472809922068,0.22647189263099582
        Pile driver operators,47-2072,3.2,3.3,0.1,4.3,70510.0,High school diploma or equivalent,0.3,0.82,Pile-driver operators,High,47,Construction & Extraction,1.0,0.2054062309102015,0.1666666666666666,0.1860364487884341,False,Growing,0.13,0.12,1.0,High Risk / Low Resilience,-0.6461942671381706,0.6621593703316426
        Operating engineers and other construction equipment operators,47-2073,489.3,507.1,17.8,3.6,58710.0,High school diploma or equivalent,41.9,0.95,Operating engineers and other construction equipment operators,High,47,Construction & Extraction,1.0,0.1453369985746283,0.1666666666666666,0.1560018326206475,False,Growing,0.13,0.12,1.0,High Risk / Low Resilience,-1.072395388888725,0.6271072231119522
        Drywall and ceiling tile installers,47-2081,103.1,107.4,4.3,4.2,58140.0,No formal educational credential,7.7,0.79,Drywall and ceiling tile installers,High,47,Construction & Extraction,0.0,0.1424353492160456,0.0,0.0712176746080228,True,Growing,0.11,0.12,1.0,High Risk / Low Resilience,-1.1972233135673556,0.30405666616822474
        Tapers,47-2082,15.6,15.6,0.0,0.1,64700.0,No formal educational credential,1.1,0.62,Tapers,Medium,47,Construction & Extraction,0.0,0.1758297699042964,0.0,0.0879148849521482,False,Growing,0.11,0.12,1.0,High Risk / Low Resilience,-0.8111825099880787,0.1359402784202485
      Electricians,47-2111,818.7,896.1,77.4,9.5,62350.0,High school diploma or equivalent,81.0,0.15,Electricians,Low,47,Construction & Extraction,1.0,0.1638668295662797,0.1666666666666666,0.1652667481164732,False,Growing,0.19,0.18,0.0,Low Risk / Stable,0.2184305257201839,-0.8208024417926102
      Glaziers,47-2121,60.5,62.5,2.0,3.3,55440.0,High school diploma or equivalent,5.1,0.73,Glaziers,High,47,Construction & Extraction,1.0,0.1286906943596008,0.1666666666666666,0.1476786805131337,False,Growing,0.14,0.1,1.0,High Risk / Low Resilience,-0.7998934731743478,0.1259199472428112
"        Insulation workers, floor, ceiling, and wall",47-2131,40.2,41.7,1.5,3.8,48680.0,No formal educational credential,3.4,0.83,"Insulation workers, floor, ceiling, and wall",High,47,Construction & Extraction,0.0,0.0942781510893911,0.0,0.0471390755446955,True,Growing,0.13,0.12,1.0,High Risk / Low Resilience,-1.4409275701572968,0.15267635194373988
"        Insulation workers, mechanical",47-2132,27.2,28.5,1.3,4.7,57250.0,High school diploma or equivalent,2.3,0.64,"Insulation workers, mechanical",Medium,47,Construction & Extraction,1.0,0.1379047037263286,0.1666666666666666,0.1522856851964976,False,Growing,0.13,0.12,1.0,High Risk / Low Resilience,-0.62763118111737,-0.0031912735083662784
"        Painters, construction and maintenance",47-2141,342.2,355.2,13.0,3.8,48660.0,No formal educational credential,28.1,0.75,"Painters, construction and maintenance",High,47,Construction & Extraction,0.0,0.0941763388311952,0.0,0.0470881694155976,True,Growing,0.13,0.12,1.0,High Risk / Low Resilience,-1.3192602165677194,-0.0013762987705113277
        Paperhangers,47-2142,2.3,2.5,0.1,5.3,48260.0,No formal educational credential,0.2,0.87,Paperhangers,High,47,Construction & Extraction,0.0,0.0921400936672775,0.0,0.0460700468336387,True,Growing,0.13,0.12,1.0,High Risk / Low Resilience,-1.5100647685267334,0.21933152048776206
        Pipelayers,47-2151,34.4,32.9,-1.4,-4.1,48710.0,No formal educational credential,2.4,0.62,Pipelayers,Medium,47,Construction & Extraction,0.0,0.094430869476685,0.0,0.0472154347383425,False,Declining,0.18,0.16,1.0,High Risk / Low Resilience,-1.1199576494732408,-0.24972204121121325
"        Plumbers, pipefitters, and steamfitters",47-2152,504.5,527.2,22.7,4.5,62970.0,High school diploma or equivalent,44.0,0.35,"Plumbers, pipefitters, and steamfitters",Medium,47,Construction & Extraction,1.0,0.1670230095703523,0.1666666666666666,0.1668448381185094,False,Growing,0.18,0.16,1.0,High Risk / Low Resilience,-0.07473086453852834,-0.4219230024872863
      Plasterers and stucco masons,47-2161,24.2,25.2,1.0,4.1,56020.0,No formal educational credential,1.9,0.84,Plasterers and stucco masons,High,47,Construction & Extraction,0.0,0.1316432498472816,0.0,0.0658216249236408,True,Growing,0.11,0.12,1.0,High Risk / Low Resilience,-1.314445083416508,0.348905870762437
      Reinforcing iron and rebar workers,47-2171,19.4,20.3,0.9,4.6,59280.0,High school diploma or equivalent,1.5,0.9,Reinforcing iron and rebar workers,High,47,Construction & Extraction,1.0,0.1482386479332111,0.1666666666666666,0.1574526572999389,False,Growing,0.11,0.12,1.0,High Risk / Low Resilience,-0.9851049177388851,0.5448736160519011
      Roofers,47-2181,166.7,176.5,9.8,5.9,50970.0,No formal educational credential,12.7,0.9,Roofers,High,47,Construction & Extraction,0.0,0.1059356546528202,0.0,0.0529678273264101,True,Growing,0.13,0.11,1.0,High Risk / Low Resilience,-1.5035033585519273,0.3422827791274968
      Sheet metal workers,47-2211,127.0,130.1,3.1,2.4,60850.0,High school diploma or equivalent,10.6,0.82,Sheet metal workers,High,47,Construction & Extraction,1.0,0.1562309102015882,0.1666666666666666,0.1614487884341274,False,Growing,0.21,0.21,1.0,High Risk / Low Resilience,-0.8327338448384001,0.42917012657680054
      Structural iron and steel workers,47-2221,65.7,68.6,2.9,4.4,62700.0,High school diploma or equivalent,5.5,0.83,Structural iron and steel workers,High,47,Construction & Extraction,1.0,0.1656485440847077,0.1666666666666666,0.1661576053756872,False,Growing,0.11,0.12,1.0,High Risk / Low Resilience,-0.8122660870390462,0.4929865037584287
"      Helpers--brickmasons, blockmasons, stonemasons, and tile and marble setters",47-3011,16.1,14.4,-1.7,-10.5,46480.0,No formal educational credential,1.4,0.83,"Helpers–brickmasons, blockmasons, stonemasons, and tile and marble setters",High,47,Construction & Extraction,0.0,0.0830788026878436,0.0,0.0415394013439218,True,Declining,0.09,0.1,1.0,High Risk / Low Resilience,-1.48341070379503,0.09961461941158148
      Helpers--carpenters,47-3012,25.2,26.4,1.1,4.5,41600.0,No formal educational credential,2.7,0.92,Helpers–carpenters,High,47,Construction & Extraction,0.0,0.0582366116880472,0.0,0.0291183058440236,True,Growing,0.09,0.1,1.0,High Risk / Low Resilience,-1.7149562777919358,0.1546806043110653
      Helpers--electricians,47-3013,66.6,66.7,0.1,0.2,39890.0,High school diploma or equivalent,6.8,0.74,Helpers–electricians,High,47,Construction & Extraction,1.0,0.0495316636122989,0.1666666666666666,0.1080991651394827,True,Growing,0.09,0.1,1.0,High Risk / Low Resilience,-1.115428681418885,-0.22993374196626928
"      Helpers--painters, paperhangers, plasterers, and stucco masons",47-3014,7.4,7.6,0.2,2.3,38140.0,No formal educational credential,0.8,0.94,"Helpers–painters, paperhangers, plasterers, and stucco masons",High,47,Construction & Extraction,0.0,0.0406230910201588,0.0,0.0203115455100794,True,Growing,0.09,0.1,1.0,High Risk / Low Resilience,-1.8122840516687602,0.109621538251478
"      Helpers--pipelayers, plumbers, pipefitters, and steamfitters",47-3015,45.3,47.5,2.2,4.9,39270.0,High school diploma or equivalent,4.9,0.57,"Helpers–pipelayers, plumbers, pipefitters, and steamfitters",Medium,47,Construction & Extraction,1.0,0.0463754836082264,0.1666666666666666,0.1065210751374465,False,Growing,0.09,0.1,1.0,High Risk / Low Resilience,-0.868037377620938,-0.5712243295237448
      Helpers--roofers,47-3016,5.2,5.5,0.3,5.7,40590.0,No formal educational credential,0.6,0.72,Helpers–roofers,High,47,Construction & Extraction,0.0,0.0530950926491549,0.0,0.0265475463245774,True,Growing,0.09,0.1,1.0,High Risk / Low Resilience,-1.429325988496276,-0.25360523303405047
      Construction and building inspectors,47-4011,147.6,146.5,-1.2,-0.8,72120.0,High school diploma or equivalent,14.8,0.63,Construction and building inspectors,Medium,47,Construction & Extraction,1.0,0.2136021176949704,0.1666666666666666,0.1901343921808185,False,Declining,0.28,0.31,1.0,High Risk / Low Resilience,-0.3252271232699501,0.33626151655441094
      Elevator and escalator installers and repairers,47-4021,24.2,25.4,1.2,5.0,106580.0,High school diploma or equivalent,2.0,0.39,Elevator installers and repairers,Medium,47,Construction & Extraction,1.0,0.3890246385664834,0.1666666666666666,0.277845652616575,False,Growing,0.17,0.14,0.0,Low Risk / Stable,0.7063739253053996,0.7066903857798923
      Fence erectors,47-4031,26.4,27.6,1.2,4.6,46940.0,No formal educational credential,2.3,0.92,Fence erectors,High,47,Construction & Extraction,0.0,0.085420484626349,0.0,0.0427102423131745,True,Growing,0.09,0.08,1.0,High Risk / Low Resilience,-1.611838126143983,0.28347590054821414
      Hazardous materials removal workers,47-4041,51.3,51.8,0.5,1.0,48490.0,High school diploma or equivalent,5.0,0.53,Hazardous materials removal workers,Medium,47,Construction & Extraction,1.0,0.0933109346365302,0.1666666666666666,0.1299888006515984,False,Growing,0.09,0.08,1.0,High Risk / Low Resilience,-0.6289676447005679,-0.42563256793913223
      Highway maintenance workers,47-4051,159.1,163.9,4.8,3.0,49070.0,High school diploma or equivalent,12.3,0.87,Highway maintenance workers,High,47,Construction & Extraction,1.0,0.0962634901242109,0.1666666666666666,0.1314650783954388,False,Growing,0.09,0.1,1.0,High Risk / Low Resilience,-1.136495192387782,0.24103008741617116
      Rail-track laying and maintenance equipment operators,47-4061,15.0,15.3,0.2,1.6,67370.0,High school diploma or equivalent,1.1,0.89,Rail-track laying and maintenance equipment operators,High,47,Construction & Extraction,1.0,0.1894217063734473,0.1666666666666666,0.178044186520057,False,Growing,0.09,0.1,1.0,High Risk / Low Resilience,-0.8136261535568433,0.7207997940382986
      Septic tank servicers and sewer pipe cleaners,47-4071,30.4,32.7,2.3,7.6,49140.0,High school diploma or equivalent,2.9,0.83,Septic tank servicers and sewer pipe cleaners,High,47,Construction & Extraction,1.0,0.0966198330278965,0.1666666666666666,0.1316432498472816,False,Growing,0.1,0.12,1.0,High Risk / Low Resilience,-1.0741166743698027,0.1659332796056694
"        Derrick operators, oil and gas",47-5011,11.3,11.3,0.1,0.5,62740.0,No formal educational credential,1.0,0.8,"Derrick operators, oil and gas",High,47,Construction & Extraction,0.0,0.1658521686010995,0.0,0.0829260843005497,True,Growing,0.19,0.22,1.0,High Risk / Low Resilience,-1.123651638720835,0.4342002090150511
"        Rotary drill operators, oil and gas",47-5012,13.3,13.4,0.0,0.2,65010.0,No formal educational credential,1.2,0.53,"Rotary drill operators, oil and gas",Medium,47,Construction & Extraction,0.0,0.1774078599063327,0.0,0.0887039299531663,False,Growing,0.19,0.22,1.0,High Risk / Low Resilience,-0.6678859908659193,-0.029349396330128053
"        Service unit operators, oil and gas",47-5013,45.2,45.4,0.2,0.4,57980.0,No formal educational credential,4.1,0.93,"Service unit operators, oil, gas, and mining",High,47,Construction & Extraction,0.0,0.1416208511504785,0.0,0.0708104255752392,True,Growing,0.19,0.22,1.0,High Risk / Low Resilience,-1.4139067328306425,0.5689456058982687
        Continuous mining machine operators,47-5041,14.9,15.0,0.1,0.6,63380.0,No formal educational credential,1.6,0.54,Continuous mining machine operators,Medium,47,Construction & Extraction,0.0,0.1691101608633679,0.0,0.0845550804316839,False,Growing,0.17,0.24,1.0,High Risk / Low Resilience,-0.7146188262753438,-0.04946703242664183
"      Rock splitters, quarry",47-5051,3.2,3.4,0.1,4.4,47460.0,No formal educational credential,0.4,0.96,"Rock splitters, quarry",High,47,Construction & Extraction,0.0,0.088067603339442,0.0,0.044033801669721,True,Growing,0.17,0.24,1.0,High Risk / Low Resilience,-1.6628234401409334,0.37280290026506685
"      Roustabouts, oil and gas",47-5071,46.0,47.1,1.1,2.5,47510.0,No formal educational credential,4.3,0.68,"Roustabouts, oil and gas",Medium,47,Construction & Extraction,0.0,0.0883221339849317,0.0,0.0441610669924658,False,Growing,0.19,0.22,1.0,High Risk / Low Resilience,-1.234670440742627,-0.16348710091487637
      Helpers--extraction workers,47-5081,7.0,6.9,-0.1,-1.7,48400.0,High school diploma or equivalent,0.7,0.37,Helpers–extraction workers,Medium,47,Construction & Extraction,1.0,0.0928527794746487,0.1666666666666666,0.1297597230706577,False,Declining,0.11,0.13,1.0,High Risk / Low Resilience,-0.3865984632859069,-0.7349438178342746
"      First-line supervisors of mechanics, installers, and repairers",49-1011,617.5,636.5,19.1,3.1,78300.0,High school diploma or equivalent,52.4,0.003,"First-line supervisors of mechanics, installers, and repairers",Low,49,Installation & Repair,1.0,0.2450621054774995,0.1666666666666666,0.205864386072083,False,Growing,0.1854545454545454,0.1572727272727272,0.0,Low Risk / Stable,0.7507066682515031,-0.7182902544989163
"      Computer, automated teller, and office machine repairers",49-2011,79.1,78.4,-0.7,-0.9,46860.0,"Some college, no degree",7.6,0.74,"Computer, automated teller, and office machine repairers",High,49,Installation & Repair,2.0,0.0850132355935654,0.3333333333333333,0.2091732844634494,False,Declining,0.245,0.205,1.0,High Risk / Low Resilience,-0.62290633109428,-0.05966232394781614
"        Radio, cellular, and tower equipment installers and repairers",49-2021,11.7,12.7,1.0,8.6,64190.0,Associate's degree,1.2,0.93,"Radio, cellular, and tower equipment installers and repairs",High,49,Installation & Repair,3.0,0.1732335573203013,0.5,0.3366167786601506,False,Growing,0.24,0.16,1.0,High Risk / Low Resilience,-0.22020425661804593,0.7252110107614778
"        Telecommunications equipment installers and repairers, except line installers",49-2022,156.9,150.4,-6.6,-4.2,62630.0,Postsecondary nondegree award,13.2,0.36,"Telecommunications equipment installers and repairers, except line installers",Medium,49,Installation & Repair,,0.1652922011810222,0.1666666666666666,0.1659794339238444,False,Declining,0.24,0.16,1.0,High Risk / Low Resilience,-0.09655313522400918,-0.41092716814448876
        Avionics technicians,49-2091,21.4,23.1,1.7,8.2,81390.0,Postsecondary nondegree award,1.8,0.7,Avionics technicians,High,49,Installation & Repair,,0.260792099368764,0.1666666666666666,0.2137293830177153,False,Growing,0.25,0.25,1.0,High Risk / Low Resilience,-0.2530155149412261,0.6942183496811075
"        Electric motor, power tool, and related repairers",49-2092,17.1,17.7,0.6,3.4,53990.0,High school diploma or equivalent,1.7,0.76,"Electric motor, power tool, and related repairers",High,49,Installation & Repair,1.0,0.1213093056403991,0.1666666666666666,0.1439879861535329,False,Growing,0.17,0.14,1.0,High Risk / Low Resilience,-0.8736638068054374,0.14853629345810088
"        Electrical and electronics installers and repairers, transportation equipment",49-2093,7.0,7.4,0.4,6.1,82730.0,Postsecondary nondegree award,0.6,0.91,"Electrical and electronics installers and repairers, transportation equipment",High,49,Installation & Repair,,0.2676135206678884,0.1666666666666666,0.2171400936672775,False,Growing,0.22,0.1833333333333333,1.0,High Risk / Low Resilience,-0.5475300296781482,1.129659730821996
"        Electrical and electronics repairers, commercial and industrial equipment",49-2094,61.1,60.7,-0.5,-0.8,71300.0,Postsecondary nondegree award,4.7,0.41,"Electrical and electronics repairers, commercial and industrial equipment",Medium,49,Installation & Repair,,0.2094278151089391,0.1666666666666666,0.1880472408878029,False,Declining,0.21,0.195,1.0,High Risk / Low Resilience,-0.005414445095369147,-0.10583428444937124
"        Electrical and electronics repairers, powerhouse, substation, and relay",49-2095,23.4,24.7,1.3,5.5,100940.0,Postsecondary nondegree award,2.0,0.38,"Electrical and electronics repairers, powerhouse, substation, and relay",Medium,49,Installation & Repair,,0.3603135817552433,0.1666666666666666,0.2634901242109549,False,Growing,0.21,0.195,0.0,Low Risk / Stable,0.6127193145574047,0.5514631148269542
"        Electronic equipment installers and repairers, motor vehicles",49-2096,10.3,8.9,-1.4,-13.6,47940.0,High school diploma or equivalent,0.6,0.61,"Electronic equipment installers and repairers, motor vehicles",Medium,49,Installation & Repair,1.0,0.0905110975361433,0.1666666666666666,0.128588882101405,False,Declining,0.21,0.195,1.0,High Risk / Low Resilience,-0.7616419920053763,-0.28532772974457676
        Audiovisual equipment installers and repairers,49-2097,24.6,26.3,1.6,6.6,50620.0,Postsecondary nondegree award,2.6,0.65,Electronic home entertainment equipment installers and repairers,Medium,49,Installation & Repair,,0.1041539401343921,0.1666666666666666,0.1354103034005294,False,Growing,0.24,0.16,1.0,High Risk / Low Resilience,-0.7709165929761888,-0.14390375626887686
        Security and fire alarm systems installers,49-2098,85.9,94.9,8.9,10.4,59300.0,High school diploma or equivalent,9.4,0.82,Security and fire alarm systems installers,High,49,Installation & Repair,1.0,0.148340460191407,0.1666666666666666,0.1575035634290368,False,Growing,0.17,0.14,1.0,High Risk / Low Resilience,-0.8626651435377121,0.39178572411096174
      Aircraft mechanics and service technicians,49-3011,139.4,145.0,5.6,4.0,78680.0,Postsecondary nondegree award,11.3,0.71,Aircraft mechanics and service technicians,High,49,Installation & Repair,,0.2469965383832213,0.1666666666666666,0.206831602524944,False,Growing,0.19,0.16,1.0,High Risk / Low Resilience,-0.3206037068637198,0.6480522267051704
        Automotive body and related repairers,49-3021,172.6,175.4,2.8,1.6,51680.0,High school diploma or equivalent,14.6,0.91,Automotive body and related repairers,High,49,Installation & Repair,1.0,0.1095499898187742,0.1666666666666666,0.1381083282427204,False,Growing,0.18,0.14,1.0,High Risk / Low Resilience,-1.1471215294288855,0.38076573303857547
        Automotive glass installers and repairers,49-3022,20.4,21.1,0.7,3.6,47260.0,High school diploma or equivalent,1.4,0.55,Automotive glass installers and repairers,Medium,49,Installation & Repair,1.0,0.0870494807574832,0.1666666666666666,0.1268580737120749,False,Growing,0.18,0.14,1.0,High Risk / Low Resilience,-0.6832329694809625,-0.41690633238657643
        Automotive service technicians and mechanics,49-3023,805.6,839.2,33.6,4.2,49670.0,Postsecondary nondegree award,70.0,0.59,Automotive service technicians and mechanics,Medium,49,Installation & Repair,,0.0993178578700875,0.1666666666666666,0.1329922622683771,False,Growing,0.18,0.14,1.0,High Risk / Low Resilience,-0.6977214095800421,-0.28199448063073274
      Bus and truck mechanics and diesel engine specialists,49-3031,319.9,327.7,7.8,2.4,60640.0,High school diploma or equivalent,26.5,0.73,Bus and truck mechanics and diesel engine specialists,High,49,Installation & Repair,1.0,0.1551618814905314,0.1666666666666666,0.160914274078599,False,Growing,0.18,0.14,1.0,High Risk / Low Resilience,-0.6994787936669777,0.25133858777336815
        Farm equipment mechanics and service technicians,49-3041,39.0,43.3,4.3,11.0,52080.0,High school diploma or equivalent,3.7,0.75,Farm equipment mechanics and service technicians,High,49,Installation & Repair,1.0,0.1115862349826919,0.1666666666666666,0.1391264508246792,False,Growing,0.17,0.19,1.0,High Risk / Low Resilience,-0.8952901955221841,0.08327277811650458
"        Mobile heavy equipment mechanics, except engines",49-3042,188.7,199.6,10.9,5.8,63980.0,High school diploma or equivalent,16.5,0.4,"Mobile heavy equipment mechanics, except engines",Medium,49,Installation & Repair,1.0,0.1721645286092445,0.1666666666666666,0.1694155976379556,False,Growing,0.17,0.19,1.0,High Risk / Low Resilience,-0.1315107215303605,-0.3015814238814122
        Rail car repairers,49-3043,17.9,18.4,0.5,2.8,65680.0,High school diploma or equivalent,1.5,0.88,Rail car repairers,High,49,Installation & Repair,1.0,0.1808185705558949,0.1666666666666666,0.1737426186112808,False,Growing,0.17,0.19,1.0,High Risk / Low Resilience,-0.8310042289098165,0.6608424519499184
        Motorboat mechanics and service technicians,49-3051,26.2,27.8,1.6,6.0,54950.0,High school diploma or equivalent,2.6,0.66,Motorboat mechanics and service technicians,Medium,49,Installation & Repair,1.0,0.1261962940338016,0.1666666666666666,0.1464314803502341,False,Growing,0.18,0.14,1.0,High Risk / Low Resilience,-0.7025587572579353,-0.020272335141906087
        Motorcycle mechanics,49-3052,14.9,15.7,0.8,5.3,47200.0,Postsecondary nondegree award,1.5,0.79,Motorcycle mechanics,High,49,Installation & Repair,,0.0867440439828955,0.1666666666666666,0.1267053553247811,False,Growing,0.18,0.14,1.0,High Risk / Low Resilience,-1.0505522920844803,0.04235734343624117
        Outdoor power equipment and other small engine mechanics,49-3053,36.9,37.8,0.9,2.5,46560.0,High school diploma or equivalent,3.5,0.93,Outdoor power equipment and other small engine mechanics,High,49,Installation & Repair,1.0,0.0834860517206271,0.1666666666666666,0.1250763591936469,True,Growing,0.175,0.14,1.0,High Risk / Low Resilience,-1.2765047586869092,0.29566917788654123
        Bicycle repairers,49-3091,13.2,12.9,-0.3,-2.3,40360.0,High school diploma or equivalent,1.6,0.94,Bicycle repairers,High,49,Installation & Repair,1.0,0.0519242516799022,0.1666666666666666,0.1092954591732844,True,Declining,0.13,0.09,1.0,High Risk / Low Resilience,-1.4114866489710796,0.16532785193913416
        Recreational vehicle service technicians,49-3092,19.5,21.7,2.2,11.5,50540.0,High school diploma or equivalent,2.8,0.59,Recreational vehicle service technicians,Medium,49,Installation & Repair,1.0,0.1037466911016086,0.1666666666666666,0.1352066788841376,False,Growing,0.18,0.14,1.0,High Risk / Low Resilience,-0.6809212612778475,-0.26101097731119716
        Tire repairers and changers,49-3093,113.4,119.9,6.5,5.7,37120.0,High school diploma or equivalent,15.3,0.7,Tire repairers and changers,High,49,Installation & Repair,1.0,0.0354306658521686,0.1666666666666666,0.1010486662594176,True,Growing,0.18,0.14,1.0,High Risk / Low Resilience,-1.1078920268241617,-0.37352842268192127
        Mechanical door repairers,49-9011,28.4,31.7,3.2,11.4,51050.0,High school diploma or equivalent,2.7,0.91,Mechanical door repairers,High,49,Installation & Repair,1.0,0.1063429036856037,0.1666666666666666,0.1365047851761352,False,Growing,0.17,0.14,1.0,High Risk / Low Resilience,-1.1592871540615095,0.36557078235891155
"        Control and valve installers and repairers, except mechanical door",49-9012,47.7,48.3,0.6,1.3,74690.0,High school diploma or equivalent,3.9,0.63,"Control and valve installers and repairers, except mechanical door",Medium,49,Installation & Repair,1.0,0.2266849928731419,0.1666666666666666,0.1966758297699043,False,Growing,0.17,0.14,1.0,High Risk / Low Resilience,-0.2755990989749614,0.3982472677397056
"      Heating, air conditioning, and refrigeration mechanics and installers",49-9021,425.2,459.7,34.5,8.1,59810.0,Postsecondary nondegree award,40.1,0.65,"Heating, air conditioning, and refrigeration mechanics and installers",Medium,49,Installation & Repair,,0.1509366727754021,0.1666666666666666,0.1588016697210344,False,Growing,0.21,0.18,1.0,High Risk / Low Resilience,-0.5934529574622023,0.07774957189954956
      Home appliance repairers,49-9031,37.3,38.3,1.0,2.6,49410.0,High school diploma or equivalent,3.1,0.72,Home appliance repairers,High,49,Installation & Repair,1.0,0.097994298513541,0.1666666666666666,0.1323304825901038,False,Growing,0.17,0.14,1.0,High Risk / Low Resilience,-0.901079184885395,-0.03871372174991815
        Industrial machinery mechanics,49-9041,439.6,510.3,70.7,16.1,63760.0,High school diploma or equivalent,45.7,0.67,Industrial machinery mechanics,Medium,49,Installation & Repair,1.0,0.1710445937690898,0.1666666666666666,0.1688556302178782,False,Growing,0.17,0.19,1.0,High Risk / Low Resilience,-0.5476898130410244,0.21141206859600617
"        Maintenance workers, machinery",49-9043,57.5,55.9,-1.6,-2.8,60500.0,High school diploma or equivalent,4.8,0.86,"Maintenance workers, machinery",High,49,Installation & Repair,1.0,0.1544491956831602,0.1666666666666666,0.1605579311749134,False,Declining,0.17,0.19,1.0,High Risk / Low Resilience,-0.9005193071375451,0.49751362297411866
        Millwrights,49-9044,41.3,41.3,0.0,0.0,65170.0,High school diploma or equivalent,3.6,0.59,Millwrights,Medium,49,Installation & Repair,1.0,0.1782223579718998,0.1666666666666666,0.1724445123192832,False,Stable,0.17,0.19,1.0,High Risk / Low Resilience,-0.39840842258692016,0.09184954402765794
"        Refractory materials repairers, except brickmasons",49-9045,1.1,0.9,-0.2,-16.9,58540.0,High school diploma or equivalent,0.1,0.82,"Refractory materials repairers, except brickmasons",High,49,Installation & Repair,1.0,0.1444715943799633,0.1666666666666666,0.155569130523315,False,Declining,0.13,0.145,1.0,High Risk / Low Resilience,-0.87734113515802,0.3734553074180341
        Electrical power-line installers and repairers,49-9051,127.4,135.8,8.4,6.6,92560.0,High school diploma or equivalent,10.7,0.097,Electrical power-line installers and repairers,Low,49,Installation & Repair,1.0,0.3176542455711667,0.1666666666666666,0.2421604561189166,False,Growing,0.15,0.14,0.0,Low Risk / Stable,0.8826616787081094,-0.1939086830032729
        Telecommunications line installers and repairers,49-9052,99.9,96.8,-3.1,-3.1,70500.0,High school diploma or equivalent,8.9,0.49,Telecommunications line installers and repairers,Medium,49,Installation & Repair,1.0,0.2053553247811036,0.1666666666666666,0.1860109957238851,False,Declining,0.24,0.16,1.0,High Risk / Low Resilience,-0.14291642122264736,0.028440811411984443
        Camera and photographic equipment repairers,49-9061,2.3,1.9,-0.3,-15.1,49300.0,High school diploma or equivalent,0.2,0.97,Camera and photographic equipment repairers,High,49,Installation & Repair,1.0,0.0974343310934636,0.1666666666666666,0.1320504988800651,False,Declining,0.21,0.18,1.0,High Risk / Low Resilience,-1.2846207287403284,0.4385402895222088
        Medical equipment repairers,49-9062,68.0,76.8,8.8,12.9,62630.0,Associate's degree,7.3,0.27,Medical equipment repairers,Low,49,Installation & Repair,3.0,0.1652922011810222,0.5,0.3326461005905111,False,Growing,0.21,0.18,0.0,Low Risk / Stable,0.7566132416665874,-0.5793693198503499
        Musical instrument repairers and tuners,49-9063,6.2,6.3,0.1,1.4,45320.0,High school diploma or equivalent,0.6,0.91,Musical instrument repairers and tuners,High,49,Installation & Repair,1.0,0.0771736917124821,0.1666666666666666,0.1219201791895744,True,Growing,0.14,0.1,1.0,High Risk / Low Resilience,-1.2699364066725152,0.22736908808197098
        Watch and clock repairers,49-9064,1.4,1.4,0.0,-1.1,60690.0,High school diploma or equivalent,0.1,0.99,Watch repairers,High,49,Installation & Repair,1.0,0.1554164121360211,0.1666666666666666,0.1610415394013439,False,Declining,0.21,0.18,1.0,High Risk / Low Resilience,-1.0951873505624525,0.7516479180546927
"      Maintenance and repair workers, general",49-9071,1629.7,1692.1,62.4,3.8,48620.0,High school diploma or equivalent,159.8,0.64,"Maintenance and repair workers, general",Medium,49,Installation & Repair,1.0,0.0939727143148035,0.1666666666666666,0.130319690490735,False,Growing,0.11,0.09,1.0,High Risk / Low Resilience,-0.7942809280690241,-0.21133797885042466
"        Coin, vending, and amusement machine servicers and repairers",49-9091,32.5,31.6,-0.9,-2.9,47350.0,High school diploma or equivalent,3.5,0.94,"Coin, vending, and amusement machine servicers and repairers",High,49,Installation & Repair,1.0,0.0875076359193647,0.1666666666666666,0.1270871512930156,False,Declining,0.38,0.36,1.0,High Risk / Low Resilience,-1.2765061470948262,0.33391944757540215
        Commercial divers,49-9092,4.2,4.5,0.4,8.5,61130.0,Postsecondary nondegree award,0.4,0.18,Commercial divers,Low,49,Installation & Repair,,0.1576562818163307,0.1666666666666666,0.1621614742414986,False,Growing,0.16,0.18,0.0,Low Risk / Stable,0.14910161060576643,-0.7926387326307769
        Locksmiths and safe repairers,49-9094,18.8,17.2,-1.6,-8.3,50490.0,High school diploma or equivalent,1.7,0.77,Locksmiths and safe repairers,High,49,Installation & Repair,1.0,0.1034921604561188,0.1666666666666666,0.1350794135613927,False,Declining,0.2,0.21,1.0,High Risk / Low Resilience,-0.9565073058069357,0.08331618470925192
        Manufactured building and mobile home installers,49-9095,3.1,3.3,0.2,5.9,41080.0,High school diploma or equivalent,0.3,0.18,Manufactured building and mobile home installers,Low,49,Installation & Repair,1.0,0.0555894929749541,0.1666666666666666,0.1111280798208104,False,Growing,0.09,0.08,0.0,Low Risk / Stable,-0.23807422095630446,-1.2762240677534051
        Riggers,49-9096,24.6,25.4,0.8,3.2,62060.0,High school diploma or equivalent,2.5,0.89,Riggers,High,49,Installation & Repair,1.0,0.1623905518224394,0.1666666666666666,0.164528609244553,False,Growing,0.13,0.14,1.0,High Risk / Low Resilience,-0.9161649897460998,0.5927280668811341
        Signal and track switch repairers,49-9097,8.7,8.8,0.1,1.7,83600.0,High school diploma or equivalent,0.8,0.9,Signal and track switch repairers,High,49,Installation & Repair,1.0,0.2720423538994094,0.1666666666666666,0.219354510283038,False,Growing,0.17,0.14,1.0,High Risk / Low Resilience,-0.515473185889032,1.1314469502255817
"        Helpers--installation, maintenance, and repair workers",49-9098,98.7,101.0,2.2,2.3,38860.0,High school diploma or equivalent,11.8,0.79,"Helpers–installation, maintenance, and repair workers",High,49,Installation & Repair,1.0,0.0442883323152107,0.1666666666666666,0.1054774994909387,True,Growing,0.11,0.09,1.0,High Risk / Low Resilience,-1.2116019896020698,-0.1587948607993057
      First-line supervisors of production and operating workers,51-1011,698.6,706.9,8.3,1.2,71190.0,High school diploma or equivalent,67.7,0.016,First-line supervisors of production and operating workers,Low,51,Production,1.0,0.2088678476888617,0.1666666666666666,0.1877672571777641,False,Growing,0.3,0.3333333333333333,0.0,Low Risk / Stable,0.5935752004074659,-0.8648209573643856
"      Aircraft structure, surfaces, rigging, and systems assemblers",51-2011,33.6,28.7,-4.9,-14.5,61680.0,High school diploma or equivalent,2.8,0.79,"Aircraft structure, surfaces, rigging, and systems assemblers",High,51,Production,1.0,0.1604561189167175,0.1666666666666666,0.1635613927916921,False,Declining,0.27,0.31,1.0,High Risk / Low Resilience,-0.7709360306870352,0.39160001937517597
"        Coil winders, tapers, and finishers",51-2021,12.2,11.5,-0.8,-6.3,47260.0,High school diploma or equivalent,1.2,0.73,"Coil winders, tapers, and finishers",High,51,Production,1.0,0.0870494807574832,0.1666666666666666,0.1268580737120749,False,Declining,0.28,0.36,1.0,High Risk / Low Resilience,-0.9578534882455563,-0.07137322189948722
      Engine and other machine assemblers,51-2031,38.4,30.3,-8.1,-21.1,52540.0,High school diploma or equivalent,2.8,0.82,Engine and other machine assemblers,High,51,Production,1.0,0.1139279169211973,0.1666666666666666,0.140297291793932,False,Declining,0.27,0.31,1.0,High Risk / Low Resilience,-0.9932042268972928,0.2287414914212381
      Structural metal fabricators and fitters,51-2041,53.8,45.0,-8.8,-16.3,49900.0,High school diploma or equivalent,4.1,0.41,Structural metal fabricators and fitters,Medium,51,Production,1.0,0.1004886988393402,0.1666666666666666,0.1335776827530034,False,Declining,0.11,0.12,1.0,High Risk / Low Resilience,-0.41865947229877626,-0.6219802281712781
      Bakers,51-3011,249.1,263.2,14.0,5.6,36650.0,No formal educational credential,39.9,0.89,Bakers,High,51,Production,0.0,0.0330380777845652,0.0,0.0165190388922826,True,Growing,0.17,0.14,1.0,High Risk / Low Resilience,-1.7647732420160704,-0.022297145634140102
        Butchers and meat cutters,51-3021,143.1,144.5,1.4,1.0,38960.0,No formal educational credential,16.9,0.93,Butchers and meat cutters,High,51,Production,0.0,0.0447973936061901,0.0,0.022398696803095,True,Growing,0.13,0.14,1.0,High Risk / Low Resilience,-1.781192733644138,0.11020280918842422
"        Meat, poultry, and fish cutters and trimmers",51-3022,146.8,154.9,8.1,5.5,37700.0,No formal educational credential,18.4,0.94,"Meat, poultry, and fish cutters and trimmers",High,51,Production,0.0,0.0383832213398493,0.0,0.0191916106699246,True,Growing,0.13,0.14,1.0,High Risk / Low Resilience,-1.820780678396307,0.09900919174504623
        Slaughterers and meat packers,51-3023,69.6,71.2,1.5,2.2,39790.0,No formal educational credential,8.4,0.6,Slaughterers and meat packers,Medium,51,Production,0.0,0.0490226023213195,0.0,0.0245113011606597,False,Growing,0.13,0.14,1.0,High Risk / Low Resilience,-1.261694054885116,-0.5032558154916824
"        Food and tobacco roasting, baking, and drying machine operators and tenders",51-3091,20.7,20.8,0.1,0.6,42730.0,No formal educational credential,2.4,0.91,"Food and tobacco roasting, baking, and drying machine operators and tenders",High,51,Production,0.0,0.0639890042761148,0.0,0.0319945021380574,True,Growing,0.14,0.15,1.0,High Risk / Low Resilience,-1.6778787000274509,0.1627387557411791
        Food batchmakers,51-3092,173.5,185.4,11.9,6.9,40790.0,High school diploma or equivalent,24.2,0.7,Food batchmakers,High,51,Production,1.0,0.0541132152311138,0.1666666666666666,0.1103899409488902,True,Growing,0.185,0.16,1.0,High Risk / Low Resilience,-1.0370224357103064,-0.2850118052305476
        Food cooking machine operators and tenders,51-3093,29.7,29.9,0.2,0.6,40550.0,High school diploma or equivalent,4.4,0.61,Food cooking machine operators and tenders,Medium,51,Production,1.0,0.0528914681327631,0.1666666666666666,0.1097790673997149,False,Growing,0.15,0.13,1.0,High Risk / Low Resilience,-0.904346699997581,-0.46356691311396436
"        Extruding and drawing machine setters, operators, and tenders, metal and plastic",51-4021,66.0,66.8,0.8,1.2,46980.0,High school diploma or equivalent,6.5,0.91,"Extruding and drawing machine setters, operators, and tenders, metal and plastic",High,51,Production,1.0,0.0856241091427408,0.1666666666666666,0.1261453879047037,True,Growing,0.2033333333333333,0.2033333333333333,1.0,High Risk / Low Resilience,-1.237880951291316,0.26740657717441835
"        Forging machine setters, operators, and tenders, metal and plastic",51-4022,8.8,7.2,-1.7,-18.9,49240.0,High school diploma or equivalent,0.6,0.93,"Forging machine setters, operators, and tenders, Metal and Plastic",High,51,Production,1.0,0.0971288943188759,0.1666666666666666,0.1318977804927713,False,Declining,0.1733333333333333,0.1766666666666666,1.0,High Risk / Low Resilience,-1.224752577710034,0.36030801569844345
"        Rolling machine setters, operators, and tenders, metal and plastic",51-4023,22.5,20.6,-1.9,-8.3,48630.0,High school diploma or equivalent,1.9,0.83,"Rolling machine setters, operators, and tenders, metal and plastic",High,51,Production,1.0,0.0940236204439014,0.1666666666666666,0.130345143555284,False,Declining,0.2033333333333333,0.2033333333333333,1.0,High Risk / Low Resilience,-1.083965037167641,0.15363260524594174
"        Cutting, punching, and press machine setters, operators, and tenders, metal and plastic",51-4031,174.7,153.6,-21.1,-12.1,45590.0,High school diploma or equivalent,14.4,0.78,"Cutting, punching, and press machine setters, operators, and tenders, metal and plastic",High,51,Production,1.0,0.0785481571981266,0.1666666666666666,0.1226074119323966,True,Declining,0.175,0.185,1.0,High Risk / Low Resilience,-1.0663855262142634,-0.01567048110551535
"        Drilling and boring machine tool setters, operators, and tenders, metal and plastic",51-4032,5.3,4.3,-1.0,-19.6,46630.0,High school diploma or equivalent,0.4,0.94,"Drilling and boring machine tool setters, operators, and tenders, metal and plastic",High,51,Production,1.0,0.0838423946243127,0.1666666666666666,0.1252545306454897,True,Declining,0.175,0.185,1.0,High Risk / Low Resilience,-1.2904097181035394,0.31655378965578623
"        Grinding, lapping, polishing, and buffing machine tool setters, operators, and tenders, metal and plastic",51-4033,70.1,61.7,-8.4,-12.0,45190.0,High school diploma or equivalent,5.5,0.95,"Grinding, lapping, polishing, and buffing machine tool setters, operators, and tenders, metal and plastic",High,51,Production,1.0,0.0765119120342089,0.1666666666666666,0.1215892893504378,True,Declining,0.175,0.185,1.0,High Risk / Low Resilience,-1.3334735556078865,0.30101875773250475
"        Lathe and turning machine tool setters, operators, and tenders, metal and plastic",51-4034,18.9,16.4,-2.6,-13.6,48620.0,High school diploma or equivalent,1.5,0.84,"Lathe and turning machine tool setters, operators, and tenders, metal and plastic",High,51,Production,1.0,0.0939727143148035,0.1666666666666666,0.130319690490735,False,Declining,0.175,0.185,1.0,High Risk / Low Resilience,-1.0994148378074615,0.1725876994685634
"        Milling and planing machine setters, operators, and tenders, metal and plastic",51-4035,13.8,11.8,-2.0,-14.4,48310.0,High school diploma or equivalent,1.1,0.98,"Milling and planing machine setters, operators, and tenders, metal and plastic",High,51,Production,1.0,0.0923946243127672,0.1666666666666666,0.1295306454897169,False,Declining,0.175,0.185,1.0,High Risk / Low Resilience,-1.3189948343642304,0.4338587937986868
      Machinists,51-4041,299.5,299.6,0.0,0.0,56150.0,High school diploma or equivalent,29.5,0.65,Machinists,Medium,51,Production,1.0,0.1323050295255548,0.1666666666666666,0.1494858480961107,False,Stable,0.18,0.17,1.0,High Risk / Low Resilience,-0.6641294434231587,-0.010525855858496193
        Metal-refining furnace operators and tenders,51-4051,20.8,20.3,-0.5,-2.3,55770.0,High school diploma or equivalent,2.0,0.88,Metal-refining furnace operators and tenders,High,51,Production,1.0,0.130370596619833,0.1666666666666666,0.1485186316432498,False,Declining,0.285,0.3249999999999999,1.0,High Risk / Low Resilience,-1.0223714354325155,0.4218234658618765
"        Pourers and casters, metal",51-4052,5.9,5.7,-0.3,-4.7,48940.0,High school diploma or equivalent,0.6,0.87,"Pourers and casters, metal",High,51,Production,1.0,0.0956017104459376,0.1666666666666666,0.1311341885563021,False,Declining,0.26,0.24,1.0,High Risk / Low Resilience,-1.1390055593754662,0.2378946214029071
"        Model makers, metal and plastic",51-4061,3.2,2.6,-0.6,-18.2,62700.0,High school diploma or equivalent,0.3,0.93,"Model makers, metal and plastic",High,51,Production,1.0,0.1656485440847077,0.1666666666666666,0.1661576053756872,False,Declining,0.2,0.21,1.0,High Risk / Low Resilience,-0.9648330419082652,0.6849493429179231
"        Patternmakers, metal and plastic",51-4062,1.6,1.2,-0.4,-24.4,54540.0,High school diploma or equivalent,0.1,0.9,"Patternmakers, metal and plastic",High,51,Production,1.0,0.1241091427407859,0.1666666666666666,0.1453879047037263,False,Declining,0.2,0.21,1.0,High Risk / Low Resilience,-1.0766367602129105,0.4305497014144318
        Foundry mold and coremakers,51-4071,12.7,9.4,-3.3,-25.9,45700.0,High school diploma or equivalent,0.9,0.67,Foundry mold and coremakers,Medium,51,Production,1.0,0.079108124618204,0.1666666666666666,0.1228873956424353,False,Declining,0.13,0.11,1.0,High Risk / Low Resilience,-0.8964377191762362,-0.22417651755435072
"        Molding, coremaking, and casting machine setters, operators, and tenders, metal and plastic",51-4072,154.6,148.8,-5.8,-3.8,41230.0,High school diploma or equivalent,15.9,0.95,"Molding, coremaking, and casting machine setters, operators, and tenders, metal and plastic",High,51,Production,1.0,0.0563530849114233,0.1666666666666666,0.1115098757890449,True,Declining,0.15,0.155,1.0,High Risk / Low Resilience,-1.4099431961558067,0.20550763917461912
"      Multiple machine tool setters, operators, and tenders, metal and plastic",51-4081,131.0,130.3,-0.7,-0.5,46060.0,High school diploma or equivalent,12.8,0.91,"Multiple machine tool setters, operators, and tenders, metal and plastic",High,51,Production,1.0,0.08094074526573,0.1666666666666666,0.1238037059661983,True,Declining,0.18,0.17,1.0,High Risk / Low Resilience,-1.2556466253580045,0.24521712538824295
      Tool and die makers,51-4111,55.2,49.3,-6.0,-10.8,63180.0,Postsecondary nondegree award,4.7,0.84,Tool and die makers,High,51,Production,,0.1680920382814091,0.1666666666666666,0.1673793524740378,False,Declining,0.2,0.21,1.0,High Risk / Low Resilience,-0.818253735186826,0.5237598929541224
"        Welders, cutters, solderers, and brazers",51-4121,457.3,467.2,9.9,2.2,51000.0,High school diploma or equivalent,45.6,0.94,"Welders, cutters, solderers, and brazers",High,51,Production,1.0,0.106088373040114,0.1666666666666666,0.1363775198533903,False,Growing,0.13,0.11,1.0,High Risk / Low Resilience,-1.2060227662867689,0.42195368564011965
"        Welding, soldering, and brazing machine setters, operators, and tenders",51-4122,38.9,35.4,-3.5,-9.0,47060.0,High school diploma or equivalent,3.2,0.61,"Welding, soldering, and brazing machine setters, operators, and tenders",Medium,51,Production,1.0,0.0860313581755243,0.1666666666666666,0.1263490124210954,False,Declining,0.13,0.11,1.0,High Risk / Low Resilience,-0.7786352454604696,-0.3065524227574401
"        Heat treating equipment setters, operators, and tenders, metal and plastic",51-4191,14.8,12.9,-1.9,-12.8,47450.0,High school diploma or equivalent,1.2,0.91,"Heat treating equipment setters, operators, and tenders, metal and plastic",High,51,Production,1.0,0.0880166972103441,0.1666666666666666,0.1273416819385054,False,Declining,0.215,0.22,1.0,High Risk / Low Resilience,-1.228805009105073,0.2787424927608339
"        Layout workers, metal and plastic",51-4192,5.7,5.4,-0.3,-5.4,61870.0,High school diploma or equivalent,0.5,0.84,"Layout workers, metal and plastic",High,51,Production,1.0,0.1614233353695785,0.1666666666666666,0.1640450010181225,False,Declining,0.205,0.21,1.0,High Risk / Low Resilience,-0.8435505102165672,0.49216404312815515
"        Plating machine setters, operators, and tenders, metal and plastic",51-4193,31.7,27.4,-4.3,-13.6,41600.0,High school diploma or equivalent,2.5,0.92,"Plating and coating machine setters, operators, and tenders, metal and plastic",High,51,Production,1.0,0.0582366116880472,0.1666666666666666,0.1124516391773569,True,Declining,0.185,0.195,1.0,High Risk / Low Resilience,-1.357028219037786,0.15684280607990703
"        Tool grinders, filers, and sharpeners",51-4194,5.8,5.4,-0.5,-7.8,48970.0,High school diploma or equivalent,0.5,0.88,"Tool grinders, filers, and sharpeners",High,51,Production,1.0,0.0957544288332315,0.1666666666666666,0.131210547749949,False,Declining,0.17,0.16,1.0,High Risk / Low Resilience,-1.1536829394036916,0.2578144743988408
      Prepress technicians and workers,51-5111,26.2,22.3,-3.8,-14.6,47300.0,Postsecondary nondegree award,2.8,0.97,Prepress technicians and workers,High,51,Production,,0.0872531052738749,0.1666666666666666,0.1269598859702708,False,Declining,0.38,0.26,1.0,High Risk / Low Resilience,-1.3232417593200863,0.39030235085661
      Printing press operators,51-5112,150.2,138.0,-12.2,-8.1,45160.0,High school diploma or equivalent,13.7,0.83,Printing press operators,High,51,Production,1.0,0.0763591936469151,0.1666666666666666,0.1215129301567908,True,Declining,0.25,0.22,1.0,High Risk / Low Resilience,-1.1509725252235203,0.06993978166112819
      Print binding and finishing workers,51-5113,35.8,30.0,-5.8,-16.1,39820.0,High school diploma or equivalent,2.8,0.95,Print binding and finishing workers,High,51,Production,1.0,0.0491753207086133,0.1666666666666666,0.10792099368764,True,Declining,0.22,0.17,1.0,High Risk / Low Resilience,-1.4371710227145358,0.17149989241537214
      Laundry and dry-cleaning workers,51-6011,202.6,213.5,10.9,5.4,33800.0,No formal educational credential,31.9,0.71,Laundry and dry-cleaning workers,High,51,Production,0.0,0.0185298309916513,0.0,0.0092649154958256,True,Growing,0.16,0.12,1.0,High Risk / Low Resilience,-1.5451876918276313,-0.436569318719708
"      Pressers, textile, garment, and related materials",51-6021,28.4,24.6,-3.8,-13.5,33880.0,No formal educational credential,2.8,0.81,"Pressers, textile, garment, and related materials",High,51,Production,0.0,0.0189370800244349,0.0,0.0094685400122174,True,Declining,0.14,0.11,1.0,High Risk / Low Resilience,-1.6962098054736598,-0.2426769620135894
      Sewing machine operators,51-6031,124.0,110.7,-13.3,-10.8,36000.0,No formal educational credential,13.0,0.89,Sewing machine operators,High,51,Production,0.0,0.0297291793931989,0.0,0.0148645896965994,True,Declining,0.15,0.15,1.0,High Risk / Low Resilience,-1.7773250769544915,-0.0379744757004595
        Shoe and leather workers and repairers,51-6041,9.5,9.1,-0.4,-3.8,35950.0,High school diploma or equivalent,0.9,0.52,Shoe and leather workers and repairers,Medium,51,Production,1.0,0.0294746487477092,0.1666666666666666,0.0980706577071879,False,Declining,0.14,0.1233333333333333,1.0,High Risk / Low Resilience,-0.8558648109487265,-0.7472807272883857
        Shoe machine operators and tenders,51-6042,4.1,3.9,-0.2,-3.7,38160.0,High school diploma or equivalent,0.4,0.97,Shoe machine operators and tenders,High,51,Production,1.0,0.0407249032783547,0.1666666666666666,0.1036957849725106,True,Declining,0.16,0.13,1.0,High Risk / Low Resilience,-1.4997398690695782,0.169854971154824
"        Sewers, hand",51-6051,5.4,5.0,-0.4,-7.0,33760.0,No formal educational credential,0.7,0.99,"Sewers, hand",High,51,Production,0.0,0.0183262064752596,0.0,0.0091631032376298,True,Declining,0.12,0.12,1.0,High Risk / Low Resilience,-1.9731475860730388,0.09996187215356389
"        Tailors, dressmakers, and custom sewers",51-6052,38.8,37.1,-1.7,-4.5,40860.0,No formal educational credential,5.0,0.84,"Tailors, dressmakers, and custom sewers",High,51,Production,0.0,0.0544695581347994,0.0,0.0272347790673997,True,Declining,0.15,0.13,1.0,High Risk / Low Resilience,-1.607192495211071,-0.016737704322801653
        Textile bleaching and dyeing machine operators and tenders,51-6061,6.2,5.5,-0.6,-10.1,37320.0,High school diploma or equivalent,0.7,0.97,Textile bleaching and dyeing machine operators and tenders,High,51,Production,1.0,0.0364487884341274,0.1666666666666666,0.101557727550397,True,Declining,0.21,0.22,1.0,High Risk / Low Resilience,-1.5159607019130767,0.14959503691527232
"        Textile cutting machine setters, operators, and tenders",51-6062,9.3,8.2,-1.1,-11.7,37940.0,High school diploma or equivalent,1.0,0.95,"Textile cutting machine setters, operators, and tenders",High,51,Production,1.0,0.0396049684381999,0.1666666666666666,0.1031358175524333,True,Declining,0.17,0.28,1.0,High Risk / Low Resilience,-1.473474791459508,0.12615623006970905
"        Textile knitting and weaving machine setters, operators, and tenders",51-6063,15.3,13.6,-1.7,-11.2,38260.0,High school diploma or equivalent,1.7,0.73,"Textile knitting and weaving machine setters, operators, and tenders",High,51,Production,1.0,0.0412339645693341,0.1666666666666666,0.1039503156180004,True,Declining,0.16,0.15,1.0,High Risk / Low Resilience,-1.1316481258544657,-0.288443945894682
"        Textile winding, twisting, and drawing out machine setters, operators, and tenders",51-6064,21.7,19.8,-1.9,-9.0,37660.0,High school diploma or equivalent,2.5,0.96,"Textile winding, twisting, and drawing out machine setters, operators, and tenders",High,51,Production,1.0,0.0381795968234575,0.1666666666666666,0.1024231317450621,True,Declining,0.15,0.12,1.0,High Risk / Low Resilience,-1.494138431227596,0.13859920257247477
"        Extruding and forming machine setters, operators, and tenders, synthetic and glass fibers",51-6091,15.2,15.0,-0.2,-1.1,44980.0,High school diploma or equivalent,2.0,0.88,"Extruding and forming machine setters, operators, and tenders, synthetic and glass fibers",High,51,Production,1.0,0.0754428833231521,0.1666666666666666,0.1210547749949093,True,Declining,0.17,0.14,1.0,High Risk / Low Resilience,-1.230731895410308,0.16157978676097137
        Fabric and apparel patternmakers,51-6092,2.8,2.5,-0.3,-10.2,67670.0,High school diploma or equivalent,0.3,0.0049,Fabric and apparel patternmakers,Low,51,Production,1.0,0.1909488902463856,0.1666666666666666,0.1788077784565261,False,Declining,0.17,0.28,0.0,Low Risk / Stable,0.5425371185775757,-0.9710276045625436
        Upholsterers,51-6093,22.7,22.3,-0.4,-1.8,46190.0,High school diploma or equivalent,2.2,0.39,Upholsterers,Medium,51,Production,1.0,0.0816025249440032,0.1666666666666666,0.1241345958053349,False,Declining,0.18,0.16,1.0,High Risk / Low Resilience,-0.459788093050383,-0.7498541722278624
      Cabinetmakers and bench carpenters,51-7011,86.0,84.7,-1.4,-1.6,46020.0,High school diploma or equivalent,8.1,0.92,Cabinetmakers and bench carpenters,High,51,Production,1.0,0.0807371207493382,0.1666666666666666,0.1237018937080024,True,Declining,0.16,0.14,1.0,High Risk / Low Resilience,-1.2716757414565216,0.2634486505308803
      Furniture finishers,51-7021,20.5,19.8,-0.7,-3.3,42530.0,High school diploma or equivalent,2.0,0.87,Furniture Finishers,High,51,Production,1.0,0.0629708816941559,0.1666666666666666,0.1148187741804113,True,Declining,0.16,0.14,1.0,High Risk / Low Resilience,-1.2627859623835895,0.08329202797966315
"        Model makers, wood",51-7031,0.9,0.9,0.0,-4.5,51850.0,High school diploma or equivalent,0.1,0.96,"Model makers, wood",High,51,Production,1.0,0.1104153940134392,0.1666666666666666,0.1385410303400529,False,Declining,0.16,0.14,1.0,High Risk / Low Resilience,-1.2201222192642154,0.480847377404898
"        Patternmakers, wood",51-7032,0.5,0.4,0.0,-5.0,52520.0,High school diploma or equivalent,0.0,0.91,"Patternmakers, wood",High,51,Production,1.0,0.1138261046630014,0.1666666666666666,0.140246385664834,False,Declining,0.16,0.14,1.0,High Risk / Low Resilience,-1.1309006965853874,0.4010256672781268
"        Sawing machine setters, operators, and tenders, wood",51-7041,45.0,44.7,-0.3,-0.6,39950.0,High school diploma or equivalent,4.8,0.86,"Sawing machine setters, operators, and tenders, wood",High,51,Production,1.0,0.0498371003868865,0.1666666666666666,0.1082518835267766,True,Declining,0.14,0.18,1.0,High Risk / Low Resilience,-1.297350396344555,0.0018688031850912848
"        Woodworking machine setters, operators, and tenders, except sawing",51-7042,63.1,61.9,-1.1,-1.8,40440.0,High school diploma or equivalent,6.4,0.97,"Woodworking machine setters, operators, and tenders, except sawing",High,51,Production,1.0,0.0523315007126858,0.1666666666666666,0.1094990836896762,True,Declining,0.22,0.14,1.0,High Risk / Low Resilience,-1.4557118942086547,0.2248462212336066
        Nuclear power reactor operators,51-8011,5.7,4.9,-0.9,-15.3,122610.0,High school diploma or equivalent,0.4,0.95,Nuclear power reactor operators,High,51,Production,1.0,0.4706271635104867,0.1666666666666666,0.3186469150885767,False,Declining,0.28,0.34,1.0,High Risk / Low Resilience,0.1615465381345324,2.168309363477833
        Power distributors and dispatchers,51-8012,9.3,9.0,-0.3,-3.2,107240.0,High school diploma or equivalent,0.8,0.64,Power distributors and dispatchers,Medium,51,Production,1.0,0.3923844430869476,0.1666666666666666,0.2795255548768071,False,Declining,0.28,0.34,1.0,High Risk / Low Resilience,0.3377014782236723,1.2025160034382743
        Power plant operators,51-8013,31.6,28.0,-3.5,-11.2,99670.0,High school diploma or equivalent,2.5,0.85,Power plant operators,High,51,Production,1.0,0.3538485033598045,0.1666666666666666,0.2602575850132356,False,Declining,0.28,0.34,1.0,High Risk / Low Resilience,-0.12886972774606953,1.423057367823921
      Stationary engineers and boiler operators,51-8021,33.3,34.0,0.7,2.2,75190.0,High school diploma or equivalent,3.8,0.89,Stationary engineers and boiler operators,High,51,Production,1.0,0.2292302993280391,0.1666666666666666,0.1979484829973528,False,Growing,0.2,0.23,1.0,High Risk / Low Resilience,-0.6626179239899906,0.9094101342207901
      Water and wastewater treatment plant and system operators,51-8031,132.4,123.8,-8.7,-6.5,58260.0,High school diploma or equivalent,10.7,0.61,Water and wastewater treatment plant and system operators,Medium,51,Production,1.0,0.1430462227652209,0.1666666666666666,0.1548564447159438,False,Declining,0.27,0.31,1.0,High Risk / Low Resilience,-0.5623574742138268,-0.03641996623008709
        Chemical plant and system operators,51-8091,18.1,17.0,-1.1,-6.1,73540.0,High school diploma or equivalent,1.6,0.85,Chemical plant and system operators,High,51,Production,1.0,0.2208307880268784,0.1666666666666666,0.1937487273467725,False,Declining,0.29,0.37,1.0,High Risk / Low Resilience,-0.6334534922706034,0.7928286991578732
        Gas plant operators,51-8092,16.2,14.8,-1.4,-8.8,83400.0,High school diploma or equivalent,1.3,0.78,Gas plant operators,High,51,Production,1.0,0.2710242313174505,0.1666666666666666,0.2188454489920586,False,Declining,0.29,0.3,1.0,High Risk / Low Resilience,-0.33625494310394527,0.896267749367629
"        Petroleum pump system operators, refinery operators, and gaugers",51-8093,34.9,34.0,-1.0,-2.8,97540.0,High school diploma or equivalent,3.2,0.71,"Petroleum pump system operators, refinery operators, and gaugers",High,51,Production,1.0,0.3430054978619425,0.1666666666666666,0.2548360822643046,False,Declining,0.29,0.3,1.0,High Risk / Low Resilience,0.04359261150339472,1.1029359883217662
"        Plant and system operators, all other",51-8099,16.3,16.6,0.3,1.6,61710.0,High school diploma or equivalent,1.6,0.86,"Plant and system operators, all other",High,51,Production,1.0,0.1606088373040114,0.1666666666666666,0.163637751985339,False,Growing,0.25,0.265,1.0,High Risk / Low Resilience,-0.8771535836367916,0.5266975758668062
        Chemical equipment operators and tenders,51-9011,128.9,133.1,4.3,3.3,57090.0,High school diploma or equivalent,14.4,0.76,Chemical equipment operators and tenders,High,51,Production,1.0,0.1370902056607615,0.1666666666666666,0.1518784361637141,False,Growing,0.24,0.25,1.0,High Risk / Low Resilience,-0.8138012094068132,0.22330509838977866
"        Separating, filtering, clarifying, precipitating, and still machine setters, operators, and tenders",51-9012,54.4,52.0,-2.3,-4.3,49500.0,High school diploma or equivalent,5.4,0.88,"Separating, filtering, clarifying, precipitating, and still machine setters, operators, and tenders",High,51,Production,1.0,0.0984524536754225,0.1666666666666666,0.1325595601710446,False,Declining,0.2299999999999999,0.205,1.0,High Risk / Low Resilience,-1.1434483663000556,0.2705975281452245
"        Crushing, grinding, and polishing machine setters, operators, and tenders",51-9021,28.7,27.9,-0.7,-2.5,46890.0,High school diploma or equivalent,2.7,0.97,"Crushing, grinding, and polishing machine setters, operators, and tenders",High,51,Production,1.0,0.0851659539808593,0.1666666666666666,0.125916310323763,True,Declining,0.1975,0.1875,1.0,High Risk / Low Resilience,-1.3311590705889362,0.38041357343016263
"        Grinding and polishing workers, hand",51-9022,11.8,9.3,-2.5,-21.2,41690.0,No formal educational credential,0.8,0.97,"Grinding and polishing workers, hand",High,51,Production,0.0,0.0586947668499287,0.0,0.0293473834249643,True,Declining,0.18,0.19,1.0,High Risk / Low Resilience,-1.789501808850456,0.25283273113076393
"        Mixing and blending machine setters, operators, and tenders",51-9023,101.1,94.3,-6.8,-6.8,47680.0,High school diploma or equivalent,8.8,0.83,"Mixing and blending machine setters, operators, and tenders",High,51,Production,1.0,0.0891875381795968,0.1666666666666666,0.1279271024231317,False,Declining,0.2,0.18,1.0,High Risk / Low Resilience,-1.1023100266930257,0.13071958437978246
"        Cutters and trimmers, hand",51-9031,7.0,5.7,-1.3,-18.1,38800.0,No formal educational credential,0.6,0.64,"Cutters and trimmers, hand",Medium,51,Production,0.0,0.043982895540623,0.0,0.0219914477703115,False,Declining,0.18,0.25,1.0,High Risk / Low Resilience,-1.341838246969784,-0.4503484594673567
"        Cutting and slicing machine setters, operators, and tenders",51-9032,49.0,47.9,-1.1,-2.3,45700.0,High school diploma or equivalent,5.3,0.86,"Cutting and slicing machine setters, operators, and tenders",High,51,Production,1.0,0.079108124618204,0.1666666666666666,0.1228873956424353,True,Declining,0.23,0.22,1.0,High Risk / Low Resilience,-1.1863149334277516,0.14055287684868795
"      Extruding, forming, pressing, and compacting machine setters, operators, and tenders",51-9041,57.3,58.4,1.1,2.0,45130.0,High school diploma or equivalent,5.2,0.93,"Extruding, forming, pressing, and compacting machine setters, operators, and tenders",High,51,Production,1.0,0.0762064752596212,0.1666666666666666,0.1214365709631439,True,Growing,0.16,0.155,1.0,High Risk / Low Resilience,-1.304118795551436,0.2611790517406381
"      Furnace, kiln, oven, drier, and kettle operators and tenders",51-9051,16.5,17.0,0.5,3.0,47010.0,High school diploma or equivalent,1.9,0.37,"Furnace, kiln, oven, drier, and kettle operators and tenders",Medium,51,Production,1.0,0.0857768275300346,0.1666666666666666,0.1262217470983506,False,Growing,0.19,0.1766666666666666,1.0,High Risk / Low Resilience,-0.41344007953883843,-0.7684691852068657
"      Inspectors, testers, sorters, samplers, and weighers",51-9061,598.0,598.1,0.1,0.0,47460.0,High school diploma or equivalent,69.9,0.98,"Inspectors, testers, sorters, samplers, and weighers",High,51,Production,1.0,0.088067603339442,0.1666666666666666,0.1273671350030543,False,Stable,0.31,0.4,1.0,High Risk / Low Resilience,-1.3354087723606274,0.41335766986580735
      Jewelers and precious stone and metal workers,51-9071,35.1,33.2,-1.9,-5.5,49140.0,High school diploma or equivalent,4.0,0.95,Jewelers and precious stone and metal workers,High,51,Production,1.0,0.0966198330278965,0.1666666666666666,0.1316432498472816,False,Declining,0.18,0.15,1.0,High Risk / Low Resilience,-1.2571970202128653,0.3962886865970622
        Dental laboratory technicians,51-9081,35.2,33.6,-1.6,-4.7,48310.0,High school diploma or equivalent,3.9,0.97,Dental laboratory technicians,High,51,Production,1.0,0.0923946243127672,0.1666666666666666,0.1295306454897169,False,Declining,0.18,0.16,1.0,High Risk / Low Resilience,-1.3037381388773086,0.4146625098827374
        Medical appliance technicians,51-9082,12.0,12.4,0.4,3.7,47060.0,High school diploma or equivalent,1.5,0.45,Medical appliance technicians,Medium,51,Production,1.0,0.0860313581755243,0.1666666666666666,0.1263490124210954,False,Growing,0.18,0.16,1.0,High Risk / Low Resilience,-0.5345281176697195,-0.6136929654126304
        Ophthalmic laboratory technicians,51-9083,19.6,20.0,0.5,2.3,38420.0,High school diploma or equivalent,2.4,0.97,Ophthalmic laboratory technicians,High,51,Production,1.0,0.0420484626349012,0.1666666666666666,0.1043575646507839,True,Growing,0.14,0.08,1.0,High Risk / Low Resilience,-1.49471913509421,0.17612590318135168
      Packaging and filling machine operators and tenders,51-9111,381.2,398.2,17.0,4.5,40900.0,High school diploma or equivalent,45.3,0.98,Packaging and filling machine operators and tenders,High,51,Production,1.0,0.0546731826511912,0.1666666666666666,0.1106699246589289,True,Growing,0.22,0.23,1.0,High Risk / Low Resilience,-1.4620857526622322,0.2551372310426437
"        Painting, coating, and decorating workers",51-9123,8.8,8.9,0.1,1.4,40860.0,No formal educational credential,0.8,0.92,"Painting, coating, and decorating workers",High,51,Production,0.0,0.0544695581347994,0.0,0.0272347790673997,True,Growing,0.18,0.24,1.0,High Risk / Low Resilience,-1.7292460591064462,0.13683256700479382
      Semiconductor processing technicians,51-9141,31.9,35.4,3.5,10.9,51180.0,High school diploma or equivalent,3.9,0.88,Semiconductor Processors,High,51,Production,1.0,0.107004683363877,0.1666666666666666,0.1368356750152718,False,Growing,,,1.0,High Risk / Low Resilience,-1.1110067006130593,0.31111739662432747
      Photographic process workers and processing machine operators,51-9151,11.2,10.9,-0.3,-2.6,40100.0,High school diploma or equivalent,1.5,0.99,Photographic process workers and processing machine operators,High,51,Production,1.0,0.0506006923233557,0.1666666666666666,0.1086336794950112,True,Declining,0.27,0.31,1.0,High Risk / Low Resilience,-1.4927908603810573,0.2550383394923536
        Adhesive bonding machine operators and tenders,51-9191,12.2,12.3,0.1,1.0,45210.0,High school diploma or equivalent,1.3,0.95,Adhesive bonding machine operators and tenders,High,51,Production,1.0,0.0766137242924048,0.1666666666666666,0.1216401954795357,True,Growing,0.2,0.18,1.0,High Risk / Low Resilience,-1.3330873453020888,0.3015011371191608
"        Cleaning, washing, and metal pickling equipment operators and tenders",51-9192,14.6,15.2,0.5,3.6,41460.0,High school diploma or equivalent,1.6,0.81,"Cleaning, washing, and metal pickling equipment operators and tenders",High,51,Production,1.0,0.057523925880676,0.1666666666666666,0.1120952962736713,True,Growing,0.23,0.2533333333333333,1.0,High Risk / Low Resilience,-1.1919080408222285,-0.05769297270212827
        Cooling and freezing equipment operators and tenders,51-9193,7.1,7.6,0.5,7.2,40160.0,High school diploma or equivalent,0.8,0.93,Cooling and freezing equipment operators and tenders,High,51,Production,1.0,0.0509061290979434,0.1666666666666666,0.108786397882305,True,Growing,0.15,0.16,1.0,High Risk / Low Resilience,-1.4000920565421333,0.14130777415662552
        Etchers and engravers,51-9194,8.6,8.6,-0.1,-0.7,40450.0,High school diploma or equivalent,0.9,0.98,Etchers and engravers,High,51,Production,1.0,0.0523824068417837,0.1666666666666666,0.1095245367542252,True,Declining,0.23,0.3,1.0,High Risk / Low Resilience,-1.470775484542678,0.24428369484288373
"        Molders, shapers, and casters, except metal and plastic",51-9195,41.7,44.3,2.6,6.2,45690.0,High school diploma or equivalent,5.5,0.9,"Molders, shapers, and casters, except metal and plastic",High,51,Production,1.0,0.079057218489106,0.1666666666666666,0.1228619425778863,True,Growing,0.1833333333333333,0.1866666666666666,1.0,High Risk / Low Resilience,-1.247534820528338,0.21709682281915738
"        Paper goods machine setters, operators, and tenders",51-9196,97.5,91.4,-6.1,-6.3,49390.0,High school diploma or equivalent,8.1,0.67,"Paper goods machine setters, operators, and tenders",Medium,51,Production,1.0,0.0978924862553451,0.1666666666666666,0.1322795764610059,False,Declining,0.23,0.255,1.0,High Risk / Low Resilience,-0.8251819177565833,-0.13517752071632108
        Tire builders,51-9197,20.9,21.4,0.5,2.3,55580.0,High school diploma or equivalent,2.5,0.94,Tire builders,High,51,Production,1.0,0.1294033801669721,0.1666666666666666,0.1480350234168193,False,Growing,0.18,0.18,1.0,High Risk / Low Resilience,-1.1175806062591236,0.532418565184341
        Helpers--production workers,51-9198,168.5,153.5,-15.0,-8.9,38220.0,High school diploma or equivalent,23.6,0.66,Helpers–production workers,Medium,51,Production,1.0,0.0410303400529423,0.1666666666666666,0.1038485033598045,False,Declining,0.12,0.1,1.0,High Risk / Low Resilience,-1.0256236780576078,-0.42378269207963964
"        Airline pilots, copilots, and flight engineers",53-2011,100.0,103.9,3.9,3.9,226600.0,Bachelor's degree,11.7,0.18,"Airline pilots, copilots, and flight engineers",Low,53,Transportation,4.0,1.0,0.6666666666666666,0.8333333333333333,False,Growing,0.27,0.24,2.0,Low Risk / High Skill,4.418196751884465,3.2048137281740607
        Commercial pilots,53-2012,55.4,58.3,2.8,5.1,122670.0,Postsecondary nondegree award,6.6,0.55,Commercial pilots,Medium,53,Transportation,,0.4709326002850743,0.1666666666666666,0.3187996334758705,False,Growing,0.27,0.24,2.0,Low Risk / High Skill,0.7729729885287995,1.4019051449998243
        Air traffic controllers,53-2021,24.1,24.4,0.3,1.2,144580.0,Associate's degree,2.2,0.11,Air traffic controllers,Low,53,Transportation,3.0,0.5824679291386683,0.5,0.5412339645693341,False,Growing,0.31,0.3,2.0,Low Risk / High Skill,2.5832170974629074,1.0900396743173686
        Airfield operations specialists,53-2022,16.9,17.6,0.7,4.2,56750.0,High school diploma or equivalent,1.6,0.71,Airfield operations specialists,High,53,Transportation,1.0,0.1353593972714314,0.1666666666666666,0.151013031969049,False,Growing,,,1.0,High Risk / Low Resilience,-0.7440833071707627,0.11912322923687962
      Flight attendants,53-2031,130.8,142.9,12.1,9.2,67130.0,High school diploma or equivalent,19.8,0.35,Flight attendants,Medium,53,Transportation,1.0,0.1881999592750967,0.1666666666666666,0.1774333129708817,False,Growing,0.22,0.31,1.0,High Risk / Low Resilience,0.0056008790673673925,-0.3215880900628411
"      Ambulance drivers and attendants, except emergency medical technicians",53-3011,12.3,12.1,-0.2,-1.3,34330.0,High school diploma or equivalent,1.4,0.25,"Ambulance drivers and attendants, except emergency medical technicians",Low,53,Transportation,1.0,0.0212278558338424,0.1666666666666666,0.0939472612502545,False,Declining,0.28,0.24,1.0,High Risk / Low Resilience,-0.47521706757143933,-1.3046531233381546
        Driver/sales workers,53-3031,451.5,491.3,39.8,8.8,37130.0,High school diploma or equivalent,51.3,0.98,Driver/sales workers,High,53,Transportation,1.0,0.0354815719812665,0.1666666666666666,0.1010741193239666,True,Growing,0.28,0.24,1.0,High Risk / Low Resilience,-1.5348863953050755,0.16420871665798986
        Heavy and tractor-trailer truck drivers,53-3032,2235.1,2324.4,89.3,4.0,57440.0,Postsecondary nondegree award,237.6,0.79,Heavy and tractor-trailer truck drivers,High,53,Transportation,,0.1388719201791895,0.1666666666666666,0.1527692934229281,False,Growing,0.24,0.23,1.0,High Risk / Low Resilience,-0.8528126155161214,0.28933558940410664
        Light truck drivers,53-3033,1079.8,1158.6,78.9,7.3,44140.0,High school diploma or equivalent,120.2,0.69,Light truck or delivery services drivers,Medium,53,Transportation,1.0,0.0711667684789248,0.1666666666666666,0.1189167175727957,False,Growing,0.28,0.24,1.0,High Risk / Low Resilience,-0.9570755140022909,-0.22340954188161927
        Locomotive engineers,53-4011,27.0,27.2,0.2,0.7,77400.0,High school diploma or equivalent,2.2,0.96,Locomotive engineers,High,53,Transportation,1.0,0.2404805538586845,0.1666666666666666,0.2035736102626756,False,Growing,0.2,0.26,1.0,High Risk / Low Resilience,-0.7267385536078118,1.0970870438579217
"        Rail yard engineers, dinkey operators, and hostlers",53-4013,3.1,3.1,0.0,0.3,58030.0,High school diploma or equivalent,0.2,0.91,"Rail yard engineers, dinkey operators, and hostlers",High,53,Transportation,1.0,0.1418753817959682,0.1666666666666666,0.1542710242313174,False,Growing,0.2,0.26,1.0,High Risk / Low Resilience,-1.0244997573381551,0.5339211883018514
      Railroad conductors and yardmasters,53-4031,36.8,37.2,0.4,1.1,74080.0,High school diploma or equivalent,3.1,0.83,Railroad conductors and yardmasters,High,53,Transportation,1.0,0.2235797189981674,0.1666666666666666,0.195123192832417,False,Growing,0.17,0.22,1.0,High Risk / Low Resilience,-0.5925124230402248,0.7674603747656863
      Subway and streetcar operators,53-4041,9.6,9.9,0.3,3.4,84830.0,High school diploma or equivalent,0.9,0.86,Subway and streetcar operators,High,53,Transportation,1.0,0.2783038077784565,0.1666666666666666,0.2224852372225615,False,Growing,0.19,0.23,1.0,High Risk / Low Resilience,-0.4306944701347933,1.0843281468411274
      Sailors and marine oilers,53-5011,32.1,32.8,0.7,2.3,49610.0,No formal educational credential,3.9,0.83,Sailors and marine oilers,High,53,Transportation,0.0,0.0990124210954998,0.0,0.0495062105477499,True,Growing,0.14,0.12,1.0,High Risk / Low Resilience,-1.4229687909377096,0.17510699342324323
"        Captains, mates, and pilots of water vessels",53-5021,40.7,40.9,0.2,0.5,85540.0,Postsecondary nondegree award,4.3,0.27,"Captains, mates, and pilots of water vessels",Low,53,Transportation,,0.2819181429444105,0.1666666666666666,0.2242924048055385,False,Growing,0.29,0.35,0.0,Low Risk / Stable,0.48316102944941147,-0.031128135973599733
        Motorboat operators,53-5022,2.7,2.8,0.0,1.4,51880.0,Postsecondary nondegree award,0.3,0.62,Motorboat operators,Medium,53,Transportation,,0.110568112400733,0.1666666666666666,0.1386173895336998,False,Growing,0.14,0.12,1.0,High Risk / Low Resilience,-0.7008152572501756,-0.17110270665739777
      Ship engineers,53-5031,8.8,9.0,0.1,1.6,101320.0,Postsecondary nondegree award,1.1,0.041,Ship engineers,Low,53,Transportation,,0.3622480146609652,0.1666666666666666,0.2644573406638159,False,Growing,0.23,0.29,0.0,Low Risk / Stable,1.1372592873742107,-0.09012570157726683
      Bridge and lock tenders,53-6011,2.9,2.8,-0.1,-3.3,58490.0,High school diploma or equivalent,0.3,0.97,Bridge and lock tenders,High,53,Transportation,1.0,0.1442170637344736,0.1666666666666666,0.1554418652005701,False,Declining,0.18,0.16,1.0,High Risk / Low Resilience,-1.107157093226342,0.6601936176906353
      Parking attendants,53-6021,135.7,139.8,4.0,3.0,34600.0,No formal educational credential,18.5,0.87,Parking lot attendants,High,53,Transportation,0.0,0.0226023213194868,0.0,0.0113011606597434,True,Growing,0.29,0.38,1.0,High Risk / Low Resilience,-1.7738464073864784,-0.11013360059827756
        Automotive and watercraft service attendants,53-6031,100.0,99.0,-1.0,-1.0,34850.0,No formal educational credential,14.4,0.83,Automotive and watercraft service attendants,High,53,Transportation,0.0,0.0238749745469354,0.0,0.0119374872734677,True,Declining,0.24,0.28,1.0,High Risk / Low Resilience,-1.7079919966163208,-0.1808889939288755
      Traffic technicians,53-6041,7.9,8.2,0.3,3.7,58480.0,High school diploma or equivalent,0.8,0.9,Traffic technicians,High,53,Transportation,1.0,0.1441661576053756,0.1666666666666666,0.1554164121360211,False,Growing,0.26,0.42,1.0,High Risk / Low Resilience,-1.000553329970788,0.5255784405856615
      Transportation inspectors,53-6051,25.7,26.1,0.4,1.7,85750.0,High school diploma or equivalent,2.5,0.9,Transportation inspectors,High,53,Transportation,1.0,0.2829871716554673,0.1666666666666666,0.2248269191610669,False,Growing,0.24,0.32,1.0,High Risk / Low Resilience,-0.4739555780157924,1.1833027342911004
      Passenger attendants,53-6061,25.6,26.8,1.2,4.7,37560.0,High school diploma or equivalent,4.1,0.75,"Transportation attendants, except flight attendants",High,53,Transportation,1.0,0.0376705355324781,0.1666666666666666,0.1021686010995723,True,Growing,0.235,0.3399999999999999,1.0,High Risk / Low Resilience,-1.1756788775312246,-0.2669346565957425
      Conveyor operators and tenders,53-7011,29.1,28.1,-1.0,-3.4,41230.0,No formal educational credential,2.6,0.93,Conveyor operators and tenders,High,53,Transportation,0.0,0.0563530849114233,0.0,0.0281765424557116,True,Declining,,,1.0,High Risk / Low Resilience,-1.737357863936113,0.16495286957387892
      Crane and tower operators,53-7021,42.3,43.5,1.3,3.0,66370.0,High school diploma or equivalent,3.8,0.9,Crane and tower operators,High,53,Transportation,1.0,0.184331093463653,0.1666666666666666,0.1754988800651598,False,Growing,0.18,0.16,1.0,High Risk / Low Resilience,-0.848193364333644,0.7158771086214489
      Dredge operators,53-7031,1.1,1.2,0.0,1.2,48430.0,High school diploma or equivalent,0.1,0.92,Dredge operators,High,53,Transportation,1.0,0.0930054978619425,0.1666666666666666,0.1298360822643046,False,Growing,0.13,0.12,1.0,High Risk / Low Resilience,-1.225137399607914,0.3215753666229266
      Hoist and winch operators,53-7041,2.7,2.7,0.0,-1.1,52310.0,No formal educational credential,0.3,0.65,Hoist and winch operators,Medium,53,Transportation,0.0,0.1127570759519445,0.0,0.0563785379759722,False,Declining,0.18,0.16,1.0,High Risk / Low Resilience,-1.0962098808904432,-0.10530489986528778
      Industrial truck and tractor operators,53-7051,792.5,801.6,9.1,1.1,46390.0,No formal educational credential,76.4,0.93,Industrial truck and tractor operators,High,53,Transportation,0.0,0.0826206475259621,0.0,0.041310323762981,True,Growing,0.2,0.32,1.0,High Risk / Low Resilience,-1.637715605040338,0.2894067513311238
        Cleaners of vehicles and equipment,53-7061,410.1,426.2,16.0,3.9,35270.0,No formal educational credential,56.2,0.37,Cleaners of vehicles and equipment,Medium,53,Transportation,0.0,0.026013031969049,0.0,0.0130065159845245,False,Growing,0.105,0.105,1.0,High Risk / Low Resilience,-0.9980735877961656,-1.0537880869427725
"        Laborers and freight, stock, and material movers, hand",53-7062,2988.9,3033.1,44.3,1.5,38940.0,No formal educational credential,384.3,0.85,"Labourers and freight, stock, and material movers, hand",High,53,Transportation,0.0,0.0446955813479942,0.0,0.0223477906739971,True,Growing,0.1166666666666666,0.1266666666666666,1.0,High Risk / Low Resilience,-1.6595253800545604,-0.04384984152582727
        Machine feeders and offbearers,53-7063,46.5,40.4,-6.0,-13.0,39700.0,No formal educational credential,4.7,0.93,Machine feeders and offbearers,High,53,Transportation,0.0,0.048564447159438,0.0,0.024282223579719,True,Declining,0.12,0.1,1.0,High Risk / Low Resilience,-1.7669029523296274,0.12805084649469609
"        Packers and packagers, hand",53-7064,591.8,559.7,-32.2,-5.4,35580.0,No formal educational credential,74.0,0.38,"Packers and packagers, hand",Medium,53,Transportation,0.0,0.0275911219710853,0.0,0.0137955609855426,False,Declining,0.2,0.13,1.0,High Risk / Low Resilience,-1.0073440235432247,-1.0271149225336549
        Gas compressor and gas pumping station operators,53-7071,5.4,5.3,-0.1,-1.3,71510.0,High school diploma or equivalent,0.6,0.91,Gas compressor and gas pumping station operators,High,53,Transportation,1.0,0.2104968438199959,0.1666666666666666,0.1885817552433313,False,Declining,0.29,0.3,1.0,High Risk / Low Resilience,-0.7641940112305887,0.8590448949079871
"        Pump operators, except wellhead pumpers",53-7072,13.1,13.5,0.3,2.6,60020.0,High school diploma or equivalent,1.5,0.9,"Pump operators, except wellhead pumpers",High,53,Transportation,1.0,0.1520057014864589,0.1666666666666666,0.1593361840765628,False,Growing,0.28,0.305,1.0,High Risk / Low Resilience,-0.9708151364243748,0.5627216533581726
        Wellhead pumpers,53-7073,18.8,17.9,-0.9,-4.7,70010.0,High school diploma or equivalent,2.0,0.84,Wellhead pumpers,High,53,Transportation,1.0,0.2028609244553044,0.1666666666666666,0.1847637955609855,False,Declining,0.19,0.22,1.0,High Risk / Low Resilience,-0.6863629157569536,0.688492453497142
      Refuse and recyclable material collectors,53-7081,147.9,149.2,1.3,0.9,48350.0,No formal educational credential,16.9,0.93,Refuse and recyclable material collectors,High,53,Transportation,0.0,0.092598248829159,0.0,0.0462991244145795,True,Growing,0.135,0.12,1.0,High Risk / Low Resilience,-1.5998669950721756,0.33667993122341056
"      Tank car, truck, and ship loaders",53-7121,12.0,12.5,0.5,4.3,58070.0,No formal educational credential,1.3,0.72,"Tank car, truck, and ship loaders",High,53,Transportation,0.0,0.14207900631236,0.0,0.07103950315618,True,Growing,0.14,0.17,1.0,High Risk / Low Resilience,-1.0917781812291938,0.16799435090328294
